Chronos_median;Essential_label
-1,75486774559281e-03;0
-1,40652891524610e-02;0
9,93313342555747e-03;0
9,65351016758537e-02;0
-7,89220221053028e-02;0
-5,24627786538768e-02;0
6,93382651236038e-02;0
-2,71486124550351e-01;0
4,44427281887457e-02;0
1,22816930489081e-01;0
5,49541799109082e-02;0
2,06309835217199e-02;0
7,18426777047975e-02;0
-2,43179593430262e-02;0
2,91244049150059e-02;0
-1,66574665421469e-01;0
-3,31031484671842e-02;0
-9,56487996793551e-01;1
-1,31574180844741e-01;0
-2,68803922962178e-02;0
-1,84312120294877e-01;0
-2,29068786076655e+00;1
-5,69768102673632e-01;1
-2,10079245896305e-01;0
-6,06287944157143e-02;0
-3,32453929994070e-01;0
4,21100141950436e-02;0
-7,19184957089480e-01;1
-1,15995545500331e-01;0
-5,85687857775704e-02;0
-1,81923830056392e-02;0
9,62413726101150e-02;0
-1,27073812950713e-02;0
8,67301623863985e-03;0
-1,21009489794267e-02;0
4,63325315934466e-03;0
-1,41556936300413e-01;0
-1,00528074626450e-02;0
9,64231307395612e-02;0
5,26827906808027e-02;0
-2,99695503661172e-02;0
8,43638391995739e-02;0
-9,43015703098473e-02;0
-1,54634571350201e-01;0
-3,68053902701410e-02;0
-1,39031913731044e-02;0
-2,71532424881965e-02;0
9,21071508300478e-03;0
-1,05886371214543e+00;1
5,78707403090911e-02;0
-4,69400427481095e-02;0
1,97362796512404e-02;0
-1,17655369720057e-01;0
6,83212691403445e-02;0
3,65904110528413e-02;0
-2,41416309066493e-02;0
-8,31923682293031e-02;0
1,66894179552968e-01;0
7,54222457981657e-02;0
NA;NA
4,35102551028967e-02;0
-2,68840294147507e-02;0
-1,26978587150265e-01;0
-1,34290687109271e-02;0
-1,18765747793247e-01;0
-9,59003618186498e-02;0
-1,88952078511172e+00;1
-9,84813113675995e-01;1
6,02379096580043e-02;0
-1,15646728962032e-02;0
1,13451820289050e-01;0
1,76939768518900e-02;0
2,51728920736771e-02;0
3,30986553557837e-02;0
3,28611126550868e-02;0
9,30071183319611e-03;0
-3,97242769566476e-01;0
8,94953861206384e-03;0
1,11308248809394e-02;0
-1,50657695775565e-01;0
4,02050385654327e-03;0
2,61619464552249e-02;0
-1,73818074182799e-01;0
-6,72194825160402e-02;0
2,55058943348174e-02;0
-2,67179425572075e-01;0
6,55513392204487e-02;0
7,26235888442017e-02;0
7,89290123923795e-02;0
-6,42695624863711e-02;0
-9,99627880430905e-02;0
4,16633239179495e-02;0
-5,65183426358880e-02;0
5,44546003056500e-02;0
-7,97318975463406e-03;0
-1,05904246381540e-02;0
5,09914808664411e-02;0
3,87601854108758e-02;0
8,54561180643552e-02;0
1,07280085591553e-02;0
-2,86578589785878e-02;0
8,38862546325751e-02;0
4,92248445787762e-02;0
2,78477904944213e-02;0
4,08453531397556e-02;0
-2,37504022977112e-02;0
-1,93429490461407e-02;0
8,52945767501279e-02;0
-2,25687179862412e-01;0
1,40675517602951e-01;0
-8,11238482311943e-01;1
5,07080338871741e-02;0
4,76807520962335e-02;0
-5,21419877958908e-04;0
7,74293691258097e-02;0
-5,80043590800352e-02;0
-2,84655752277050e-01;0
-6,40729727985652e-02;0
-5,52743263994456e-02;0
2,45469175774879e-02;0
3,11520664164501e-02;0
-2,40301005198976e-01;0
-8,75185273217233e-03;0
1,57587310008287e-02;0
-8,38612006720491e-02;0
-7,90212360769949e-02;0
-2,56395029015091e-02;0
-4,54578260017939e-03;0
-6,16681695935241e-02;0
1,59718240556089e-02;0
-1,49039805524038e-01;0
8,19578156828571e-02;0
1,32358927385749e-01;0
3,37441407193647e-03;0
-9,57877565625531e-02;0
3,29541391654571e-02;0
5,66321411669569e-02;0
1,03886986723178e-01;0
8,54696209529073e-02;0
-4,57835500875023e-02;0
-3,33152012227570e-01;0
-1,32422813010999e-01;0
2,39873385692769e-01;0
-6,32994264341171e-03;0
4,33701072327509e-02;0
1,03654909519249e-01;0
-2,53817444727299e-01;0
-7,69456675436543e-01;1
-3,52003419205032e-02;0
8,51098139926955e-02;0
4,72072644564298e-02;0
-1,59616764061133e-01;0
-4,54428692099267e-01;0
4,91894039390366e-02;0
5,28606673085589e-02;0
-6,98966310199204e-01;1
5,42517234818440e-02;0
NA;NA
1,02536657862196e-03;0
-2,31911030870982e-01;0
2,03985780007305e-02;0
4,34542000538810e-02;0
NA;NA
-4,49029414027792e-02;0
7,96409425622890e-02;0
4,51744756547205e-02;0
9,21342854215083e-02;0
-1,43979178773591e-01;0
-7,40796311278791e-02;0
2,68170850442723e-02;0
-1,56112737638292e-01;0
1,26750246321609e-01;0
3,70540235360346e-02;0
4,96949483287089e-02;0
5,42909033788507e-02;0
1,32278141809881e-02;0
-4,58322402264031e-02;0
-1,27782520046926e-01;0
-1,82616551819169e-01;0
-2,57057811644139e-02;0
1,84296685028177e-01;0
5,92864685183774e-02;0
-7,99201975551451e-03;0
-1,25564802726953e-01;0
9,97856078996814e-02;0
-1,25131437213970e-02;0
-3,22408770726838e-01;0
-8,44168317874448e-02;0
4,47669286755925e-02;0
-1,69225823422883e-02;0
5,37922969723935e-02;0
NA;NA
NA;NA
-2,47138711811644e-02;0
1,18362793625054e-01;0
3,47635702040607e-02;0
-2,72706691710585e-02;0
7,57134679122733e-02;0
1,51084191135008e-01;0
5,57799054434115e-02;0
-1,26013738430865e-01;0
4,23531071006150e-02;0
-6,77422477103330e-01;1
3,20510483088577e-02;0
1,03885561599588e-02;0
-6,72648475093375e-01;1
2,65690538704085e-02;0
9,28634321432410e-02;0
-1,60022534230598e+00;1
8,39963926488031e-03;0
-1,26018390521339e-01;0
3,39017044233128e-02;0
-1,61158392670804e-02;0
-2,57178340002244e-02;0
1,08835771038275e-01;0
-1,10138349972996e-01;0
-1,21181116441799e-02;0
NA;NA
2,06265944719234e-02;0
-1,23493231216485e+00;1
-8,29981947637901e-01;1
-2,97801489798452e-01;0
-1,33357472146133e+00;1
-4,84409330181746e-01;0
1,76761379988611e-02;0
NA;NA
-2,79263824306437e-01;0
-7,78413302016579e-01;1
-6,54266668388213e-01;1
1,09687504901422e-01;0
9,31989372985711e-02;0
-7,97259458375238e-02;0
6,35881066166485e-02;0
-7,89227735114833e-02;0
9,25985591773408e-02;0
-5,24564865667691e-02;0
6,58203774513223e-02;0
4,82329467947712e-02;0
5,58159788975510e-02;0
-2,23709272514811e-02;0
-1,30785429275358e-02;0
6,20059865809034e-02;0
-4,98272293889324e-03;0
-2,31487593595304e-02;0
8,02351409849291e-02;0
-4,57084437765563e-02;0
1,18208206377316e-02;0
-3,07469024968768e-01;0
-4,52843556189020e-02;0
-4,39194820523323e-02;0
5,68626564164738e-02;0
1,89460701581134e-01;0
1,36910482934577e-01;0
1,49491786920395e-02;0
8,69177045717980e-02;0
-4,54365975466638e-02;0
-7,89939070863229e-03;0
4,87647176692784e-02;0
9,81466033883784e-02;0
1,12826215498816e-01;0
-1,25973492066162e-01;0
1,18888801811695e-01;0
-7,93721057644431e-02;0
-6,51178300561975e-03;0
1,95141784533930e-01;0
-1,64113620208292e-03;0
1,24472208191845e-01;0
-2,08180629007299e-02;0
-1,44643798711201e-01;0
1,35244953930679e-01;0
-2,62794821071214e-02;0
6,10301729983602e-02;0
9,93791835096955e-04;0
8,12864354259528e-02;0
1,45654141598539e-02;0
7,88922920769420e-02;0
1,14085297647257e-01;0
-2,88572653287626e-02;0
-3,85810525385082e-02;0
-8,25447420476272e-02;0
-8,86885407387658e-02;0
9,82550047711563e-02;0
-3,59731911411661e-02;0
NA;NA
1,26546750486029e-02;0
-9,06941078794495e-03;0
5,64843763130518e-02;0
3,97532226668644e-02;0
8,28337443385456e-02;0
-1,70622368391162e-01;0
-1,74236076006149e-01;0
-5,48892425205945e-02;0
-1,36347644774292e-01;0
-4,15664888001009e-01;0
3,34336092644150e-02;0
6,06110410227889e-02;0
-9,69412157490063e-02;0
-4,12777942298122e-01;0
-4,01147028903782e-01;0
1,00492630252785e-01;0
-9,48070192603732e-02;0
3,92117315278355e-03;0
3,58674613968070e-02;0
1,77496197317505e-02;0
1,24879067498757e-01;0
-1,56344725680244e-01;0
-1,09062519382630e-01;0
1,22942516020152e-01;0
7,56684390663128e-03;0
1,57218012542662e-01;0
-1,46641750242160e-02;0
6,89878042249711e-02;0
1,83077348125979e-01;0
2,01251286727507e-02;0
3,74855376185080e-04;0
-5,41180811906315e-02;0
7,30734000937002e-02;0
4,79762393123328e-02;0
2,11783632857325e-03;0
-8,11318732037893e-02;0
3,44004779705495e-02;0
-1,03852975480066e-01;0
-8,25474178594287e-03;0
-1,64488093024683e-02;0
NA;NA
-7,06906418079771e-02;0
-1,18392050656847e-01;0
5,26199817625913e-02;0
4,79716588933771e-02;0
4,02611572025107e-02;0
2,59465839185214e-02;0
8,83025932695668e-03;0
-1,35895895459173e-01;0
-3,26936846990094e-02;0
1,27154147612880e-01;0
-9,22098657438664e-02;0
5,86561861053070e-02;0
3,38606178560710e-02;0
1,88744166351267e-01;0
2,25101617495787e-04;0
2,14966331700164e-02;0
7,77079190692519e-03;0
-1,79012539079489e-02;0
1,09925674971557e-01;0
9,53715454453560e-03;0
4,59112134798310e-02;0
1,95533597927295e-02;0
NA;NA
6,41896733350778e-02;0
-2,35681706967209e-01;0
8,90269000681103e-02;0
7,75127814314471e-02;0
-3,60134301854155e-02;0
4,63108884181486e-02;0
2,49867625492281e-03;0
9,50528361717248e-02;0
2,34197569203851e-02;0
3,64640588691431e-02;0
-5,82748907682309e-02;0
2,21306435402489e-02;0
-3,50182737698029e-02;0
7,22785707093579e-02;0
3,61978862646805e-02;0
-9,44093631332460e-02;0
-2,04884153655333e-01;0
1,13452135684049e-02;0
-8,30014944702345e-02;0
-2,89993054671695e-02;0
-8,23910697974739e-02;0
-1,98748853181026e-02;0
NA;NA
-5,83421597788402e-02;0
-6,22519310745750e-02;0
-8,13636726975926e-02;0
7,80674564718083e-02;0
-2,06429649074867e-01;0
1,37067396783740e-01;0
3,92979908617928e-02;0
3,21519008006058e-02;0
4,72889761420307e-03;0
-7,65867484248596e-02;0
1,89950993884898e-02;0
1,03807264547120e-01;0
-9,73318339507658e-03;0
3,57489293253681e-02;0
-4,22827046521247e-01;0
-9,43378814886938e-01;1
-7,89231752793982e-02;0
-4,27212392489019e-01;0
1,18412425647690e-01;0
-1,31384980869528e-01;0
-2,75290555161925e-02;0
-5,70820660527601e-03;0
1,22677355643076e-01;0
-3,45795257581133e-02;0
4,05033972985006e-02;0
-8,41209611709418e-02;0
6,93290090252452e-02;0
1,13124029830062e-01;0
-1,31668327672584e-01;0
-7,83335662831009e-02;0
6,02680671552619e-02;0
-8,17455452265094e-01;1
-1,40358807564571e+00;1
-1,26761699698938e+00;1
1,19237122466899e-01;0
-6,23235453738214e-02;0
2,35601191404345e-03;0
3,37470587021240e-02;0
8,50474941477040e-02;0
-3,34231407061627e-02;0
-3,11539896000379e-01;0
5,06440940074535e-02;0
NA;NA
-7,01062769828582e-01;1
NA;NA
5,69466682740211e-02;0
6,35829531500233e-02;0
-8,68573746617749e-02;0
-1,43148294282627e-01;0
-8,62086470199076e-02;0
6,35707691117940e-02;0
-1,25758168004741e-02;0
-8,52034556808982e-02;0
1,53436391238056e-01;0
2,91499795546865e-02;0
-5,87007935907153e-02;0
-7,83976590317397e-02;0
3,27244191349871e-02;0
-1,66549614845081e-01;0
-8,82042982961200e-02;0
-9,61689926844631e-02;0
-1,24388771095726e-02;0
-5,92723890322478e-02;0
-5,12107239176067e-02;0
1,86884026399286e-03;0
4,10779450207551e-02;0
8,86570588679803e-02;0
2,03210367173943e-02;0
2,79935284660962e-02;0
5,07005618963953e-02;0
-1,46742504305939e-01;0
-3,65922645807877e-02;0
1,40074804495642e-02;0
1,14203753664720e-01;0
-1,12243034047742e-01;0
5,29387538728647e-02;0
4,49065714041123e-02;0
2,82390224596391e-02;0
8,09476291915509e-02;0
-1,10248756224415e+00;1
-8,42114747737720e-01;1
-3,64470582696004e-01;0
-6,26128563538706e-02;0
-9,65939954767843e-02;0
-3,44164680782629e-02;0
-2,07796368217778e-01;0
1,12892792385204e-01;0
3,37442079304116e-02;0
-6,69677764201403e-02;0
-7,93528555881918e-02;0
5,86971990453799e-02;0
6,05379245746837e-02;0
4,26511103038241e-02;0
9,85748356115863e-02;0
-1,38256123867791e-01;0
-1,10451150105522e-01;0
-5,03316670306739e-01;1
-5,39599893672913e-02;0
-1,17565209534661e-01;0
-5,61874012853242e-03;0
8,47140996602974e-02;0
-2,20283019505460e-02;0
-1,76986461701284e-01;0
-1,76164060481020e-01;0
-7,13498793707920e-02;0
1,13770775388486e-01;0
-1,88443491594119e+00;1
5,48932139808629e-02;0
-2,03994400991622e-01;0
-2,58354040856625e-02;0
-1,90841834621935e-01;0
-2,42032531062162e-01;0
-8,18603094479332e-02;0
-4,44942910486336e-01;0
1,01161331355752e-01;0
NA;NA
-1,84252629090067e-02;0
-1,11488202845461e-01;0
8,81826084081417e-02;0
1,71185416085832e-01;0
-4,29092621502325e-02;0
-1,83297814929514e-02;0
1,44050606784195e-02;0
-3,14525575934987e-02;0
1,02762226481088e-02;0
6,73291407660278e-02;0
NA;NA
-5,76971727978419e-02;0
6,27798532532671e-02;0
5,16262037875781e-02;0
-2,18739053124792e-02;0
2,38881368467076e-02;0
-4,64535496581201e-02;0
-1,41800250058216e-01;0
-1,94996947365876e-02;0
-1,24254908476252e-01;0
-3,70575547024131e-01;0
-9,72807676626930e-01;1
-1,40718376784760e-02;0
-4,28526130188994e-02;0
-8,35562938251171e-03;0
7,18459023501833e-02;0
6,69533333533502e-02;0
-1,50345512026672e-01;0
7,15966282520023e-02;0
3,25007385708665e-02;0
1,11306354511567e-01;0
-8,52182590054998e-02;0
1,40654054286188e-01;0
1,41718851342142e-02;0
-2,57951065795735e-01;0
-5,78884183091316e-02;0
3,05956393904943e-02;0
-5,05931247557128e-02;0
1,43774933061075e-01;0
-2,41430854573965e-01;0
-5,82714697723911e-02;0
-1,07552356936710e-01;0
9,91626913413125e-02;0
9,36978565643179e-02;0
-3,69867372123583e-02;0
-6,63254182398705e-03;0
-8,92073474850052e-02;0
3,90361267070497e-02;0
6,43430019281441e-03;0
1,74452892022357e-01;0
-1,30374287913644e-02;0
1,24557947006735e-02;0
-1,74416808016365e-02;0
-2,73089672487767e-02;0
1,94292750365423e-03;0
2,81778345054988e-02;0
NA;NA
-3,55983352742461e-02;0
-2,13937806599163e-02;0
-5,09460431713390e-02;0
-6,08381710876580e-02;0
-6,84249084795888e-02;0
-5,69473731070399e-02;0
-1,22087851791523e-02;0
-1,45886063954186e+00;1
-1,44904543276784e-02;0
-2,50160560246179e-01;0
-1,03153949983059e+00;1
-1,82283398045820e-01;0
-2,24997077133548e-01;0
-1,54642377301713e+00;1
-1,75347249409061e-01;0
-1,19718660825020e+00;1
-9,34345642117775e-01;1
-1,55035889842427e+00;1
-2,84828360038264e-02;0
-2,08002822331104e-01;0
-2,50019430119966e-01;0
-3,03628094213177e-01;0
-9,14279784137503e-02;0
-9,12725517061431e-02;0
-3,53061836895950e-02;0
1,33312526078842e-01;0
-1,10716681685388e-01;0
5,10447332419880e-02;0
-5,74753741144023e-02;0
-1,19148252348570e-01;0
-1,28353121423187e-01;0
-2,96674124660587e-02;0
-1,03352359575264e-01;0
1,23977009209558e-02;0
-4,86644796879793e-02;0
-6,64277820913875e-02;0
1,26858819590743e-01;0
9,06624671939577e-03;0
-3,01507814305883e-02;0
7,52861231280928e-02;0
-1,09201558382594e-01;0
1,27159838920446e-01;0
-9,40884855924846e-02;0
NA;NA
4,99899667105638e-02;0
5,58454884605159e-02;0
1,03982743264568e-01;0
NA;NA
2,01611423542834e-02;0
1,61578963363272e-01;0
5,60415018329787e-02;0
-1,02706556618714e-01;0
1,45478720632746e-02;0
-2,41635629656804e-01;0
-2,81551412820543e-02;0
-1,02174300323771e+00;1
4,87060851095378e-02;0
-7,73178920860968e-02;0
4,37154375246454e-02;0
-1,01643116477134e-01;0
-4,55368055770051e-01;0
-3,07936113531588e-02;0
-5,27373078151082e-02;0
6,73604826909444e-02;0
NA;NA
7,79402910498233e-02;0
-1,49211972245849e-01;0
-5,99776961707180e-02;0
-1,64589961378823e-01;0
2,42152788141828e-02;0
-2,77637615797676e-02;0
-8,23800248072799e-02;0
1,09020800113693e-01;0
-1,28338402593683e-02;0
8,52502999384847e-02;0
-4,78895203413076e-02;0
-6,37764014980266e-02;0
1,36181646006290e-01;0
6,11740995698387e-02;0
1,55199538989676e-02;0
7,35298761783811e-02;0
-1,01180297904326e-01;0
-2,47483134905224e-02;0
2,41077861679250e-02;0
6,58028101175022e-03;0
4,66978038415882e-02;0
4,17392155630012e-02;0
NA;NA
-7,49491660212722e-03;0
1,86086170587011e-02;0
-1,50364441462772e+00;1
-1,10276366749574e+00;1
-1,98974402137969e+00;1
-4,85337110483229e-01;0
-6,24033674411615e-01;1
-5,69095798765390e-04;0
-1,48955804214559e+00;1
-1,13455450779875e+00;1
-1,11628264448272e+00;1
-1,65037609877486e-01;0
-1,37296017239503e-01;0
1,47917195075252e-02;0
-7,26611325477689e-02;0
-4,75334845790266e-03;0
4,55367185183882e-02;0
2,44387051593591e-01;0
3,72975013376910e-02;0
3,23298229284562e-02;0
4,15959439230811e-02;0
-7,50589113854726e-03;0
2,35540473643061e-02;0
-1,26689255314762e-01;0
-1,16071943204969e-02;0
-2,63589610308409e-02;0
-4,60255844644857e-02;0
8,10397817806426e-02;0
3,84771637772352e-02;0
-3,64871436299908e-02;0
8,38083813264690e-02;0
-2,45933546545594e-02;0
1,17930413170166e-01;0
1,00946677681462e-01;0
2,05259730846521e-02;0
-8,28790905955759e-02;0
-6,87470617476236e-03;0
-1,05117826304981e-01;0
-2,57418062620280e-02;0
3,18232725668681e-02;0
-1,17284688115216e-01;0
-2,74522074163668e+00;1
3,57680776977997e-02;0
-9,33900715305752e-02;0
-7,29417351397780e-02;0
8,00590854552577e-03;0
9,63304933960654e-03;0
-2,76076990395129e-01;0
6,22533509026997e-02;0
-3,73307753915086e-02;0
-9,17946797939587e-03;0
6,74725897831740e-04;0
-7,10364879529180e-04;0
4,65357368028818e-02;0
-1,86498935711725e-01;0
1,65532228134337e-02;0
NA;NA
3,39435597770147e-02;0
-1,10938787447950e-01;0
-1,19563941695606e-01;0
-1,07039587459053e-01;0
1,62977805291958e-01;0
-2,82597067019195e-02;0
2,64061842364421e-02;0
1,14802040402855e-01;0
3,49325703385332e-02;0
2,62569796275935e-02;0
NA;NA
-2,09894241305768e-01;0
-4,78825380931304e-02;0
-7,33050678920298e-02;0
-7,99281606851264e-02;0
-1,13296158837535e-01;0
-2,71422497042279e-02;0
-1,44387431636652e-01;0
NA;NA
NA;NA
NA;NA
6,03953108452123e-02;0
-1,69188535280012e-01;0
-1,37769292426721e-01;0
NA;NA
6,91863032501480e-02;0
3,28475864399072e-02;0
1,00751705178801e-01;0
9,31004473904780e-02;0
-4,18991111380535e-01;0
6,55398824251128e-02;0
-1,98895443637054e-01;0
-7,14634820812719e-02;0
-1,66499315285902e-01;0
1,41074017436845e-02;0
1,53794557601235e-03;0
NA;NA
9,37787629453053e-02;0
7,58096913928692e-02;0
NA;NA
-1,51707051382037e-01;0
7,29540928173651e-02;0
6,02359763550857e-02;0
-2,23826627817287e-02;0
3,64661338532794e-02;0
9,40158306102263e-02;0
-6,24950676080017e-02;0
6,93922696612773e-02;0
-2,12187750524947e-01;0
NA;NA
-6,27177382597523e-02;0
-5,12706441171782e-01;1
-9,80310574110223e-02;0
6,69525790177654e-02;0
NA;NA
2,75020651956982e-02;0
-5,28691773241784e-02;0
-7,02112512027833e-02;0
-1,98054284622018e-02;0
6,18320807401952e-02;0
-6,41239538192152e-02;0
1,03019081459823e-01;0
1,30710308583585e-01;0
-9,72678345518005e-02;0
-4,91757215017930e-02;0
-6,43897439935582e-02;0
-2,83158210038714e-01;0
-5,49392405581883e-03;0
-8,92244100566524e-02;0
2,58155570559657e-02;0
9,35845550075289e-02;0
-2,46271794477410e-01;0
9,92917930553543e-02;0
7,91325903199228e-02;0
-9,75757911773397e-03;0
-7,57994274077437e-02;0
1,19896566573088e-02;0
-9,43227371321427e-02;0
7,41461640659352e-02;0
6,98793663560702e-02;0
9,19112573472629e-02;0
4,84608486776250e-02;0
-8,65577311473294e-02;0
NA;NA
NA;NA
-1,62716123861244e-01;0
1,14504212372125e-01;0
-7,02546079851620e-02;0
-1,42872437725014e-01;0
-1,68571770986972e-01;0
7,84965136767476e-02;0
3,96333900867939e-02;0
8,21421344050135e-02;0
-1,04752595174460e-01;0
-1,15148064191309e-01;0
-2,38933056541544e-01;0
-7,44443829066490e-02;0
-2,27039173753347e-02;0
-5,94274513222858e-02;0
-4,43460617382107e-02;0
-9,57013585357174e-02;0
-3,77795991284450e-02;0
1,06046539887647e-01;0
-1,12428465710947e-01;0
-7,47490892680005e-01;1
-7,65782362050695e-01;1
-1,71074656454700e-01;0
-3,09431188414265e-02;0
-4,57611774036683e-02;0
-1,51462243825897e-01;0
-1,45984900198278e-01;0
-2,29218682934056e-01;0
-7,33991133924353e-02;0
-2,17077849675760e-02;0
-2,52416772471367e-02;0
2,64366040738646e-02;0
-1,25873405983593e-01;0
-4,67860099996769e-02;0
3,95156988655260e-02;0
5,41539655382354e-02;0
-2,70548434521884e-02;0
1,80363636867380e-02;0
-2,17104944602749e-02;0
-1,24414708192931e-01;0
1,68980049914639e-01;0
-9,09221584865993e-03;0
5,55797027818127e-02;0
8,68142155931828e-02;0
-1,40745846896985e-02;0
-3,40194054666558e-01;0
-1,59041129144351e-01;0
1,48818217090552e-01;0
8,50100036084335e-02;0
-9,26643936684605e-02;0
-1,37153329997427e-01;0
NA;NA
-1,19675719522932e-01;0
-1,62855981170514e-01;0
-1,64194611674646e-01;0
-4,75783167807217e-02;0
-1,97210771010033e-01;0
-9,07880984417676e-02;0
6,37506380537610e-02;0
6,85908231507995e-02;0
-4,90765999443261e-02;0
-1,61514489766981e-01;0
1,10647803038500e-01;0
2,80211777622684e-02;0
2,62347581676991e-02;0
-2,10513366804173e-02;0
1,00189624029561e-01;0
1,98156014281567e-02;0
4,21969495139325e-02;0
-8,89877942060694e-02;0
-4,77941554883591e-02;0
NA;NA
-5,99080260900685e-02;0
-5,09695501683396e-02;0
-5,52904756847105e-02;0
NA;NA
7,22351435826966e-02;0
-4,38923956207881e-02;0
3,83894651326890e-04;0
-8,78916714465629e-03;0
-2,60429416251427e-01;0
-6,28250693260228e-02;0
1,75019972986203e-02;0
1,30544285769206e-02;0
-1,96760896871593e-02;0
-9,09125914528265e-03;0
-1,02632599481957e-01;0
-2,47140964392365e-02;0
7,68761147547975e-03;0
-1,86888557041467e-02;0
1,27127596617627e-01;0
NA;NA
-4,49148169558296e-02;0
1,23852855879950e-01;0
-8,99198880707264e-02;0
-9,74608046852454e-02;0
9,18399212438579e-02;0
-1,04115504792407e-01;0
5,25093213504864e-02;0
-2,46814492401998e-02;0
-2,62583689565172e-02;0
2,73831447709638e-02;0
-1,85311727868484e-01;0
4,20578060783995e-02;0
5,19505504094587e-02;0
-2,43172851334939e-01;0
8,62068041724278e-02;0
-1,97731952635938e-01;0
-7,59891546146555e-02;0
-1,63540607814484e-02;0
8,95669362067250e-02;0
-6,18377399250332e-02;0
-1,24154629499011e-01;0
-5,51356527846572e-01;1
NA;NA
7,95082878971996e-02;0
-5,25685113947043e-02;0
-1,23953979558602e+00;1
1,19493683467158e-01;0
8,40091440988728e-02;0
-2,81743622528334e-02;0
7,12439146077877e-02;0
3,43138463997799e-02;0
1,42331539807017e-01;0
7,92830622359011e-02;0
-1,27279896313259e+00;1
5,36658169065215e-02;0
-6,04187990302705e-02;0
-3,41996925602349e-01;0
-2,06795932723637e-01;0
-6,19096146877845e-01;1
1,35486344451626e-02;0
-3,37718906855825e-01;0
5,27201474849999e-03;0
2,12565650430732e-02;0
6,95464797797978e-02;0
-8,06702059089367e-02;0
-4,28415955164253e-03;0
7,47507598260363e-02;0
9,27108384527503e-02;0
6,77595794430275e-02;0
-6,69790615181139e-01;1
1,40459087219371e-01;0
4,73557170257363e-02;0
-1,41686014120424e-01;0
-5,61997319240609e-01;1
-8,60300713533382e-02;0
8,72524350538015e-02;0
-2,76679739969459e-01;0
4,91218358748257e-02;0
-1,00093009390306e-02;0
4,67533131835817e-02;0
9,30849804820070e-02;0
-6,24008367563895e-02;0
1,16836094839969e-01;0
-8,85713745817844e-02;0
5,55947837096808e-02;0
-2,69603579718510e-01;0
1,18550682936314e-02;0
3,16899383335839e-02;0
7,55290080416821e-02;0
-1,80315120293916e-01;0
9,05829365955360e-02;0
-1,64396207396785e-01;0
-9,43561219192575e-02;0
-1,95274518850193e-02;0
5,36809680274150e-02;0
-4,35089195267127e-02;0
1,78429887548386e-01;0
1,06448464496415e-01;0
1,83540701929151e-02;0
8,44807767764045e-02;0
1,44713169152985e-01;0
-3,14178634280577e-02;0
-1,46805184837383e-01;0
1,02075418001593e-01;0
-3,21309691502783e-02;0
-2,45147799263441e-01;0
-3,85523044936031e-02;0
1,38991871690506e-01;0
-4,52046758796270e-02;0
-1,83598265140865e-02;0
8,40068633072059e-02;0
5,17374220145532e-02;0
-1,98590775342111e-01;0
7,42708737629890e-02;0
2,18119444457015e-02;0
-9,90814139915863e-02;0
-3,36609446007574e-02;0
7,02438686977519e-02;0
-3,89342456215050e-02;0
-1,31682264094662e-01;0
-4,73094292713423e-02;0
-1,25544868203854e-02;0
-1,05247156904985e-01;0
-1,30909871240559e-02;0
-1,49530823091061e-01;0
NA;NA
9,59644259905445e-02;0
-1,97699658155212e-02;0
-9,65673899133314e-03;0
5,11785741878885e-02;0
-7,87120979333926e-02;0
-3,46834404089172e-01;0
1,67111520387063e-01;0
-3,11906136724083e-01;0
4,82458646960924e-02;0
-2,31632725881775e-01;0
-5,97806948346896e-02;0
-3,69735370476920e-01;0
-1,66188569483565e-01;0
-1,83343304919118e-01;0
-6,25451959704504e-02;0
-1,53517188892199e-02;0
-1,56502816098146e-01;0
-1,86165801755582e-01;0
-5,82106354262945e-02;0
-1,39747464225941e+00;1
4,32165042423739e-02;0
1,11340845018119e-01;0
1,05950272219507e-04;0
-4,79225741213401e-02;0
-1,11262405806918e-01;0
-7,28716460888506e-02;0
1,05752819784541e-01;0
-5,08016304001030e-02;0
5,80413868219131e-02;0
5,69973959409077e-02;0
4,56128558751713e-02;0
4,50373089227305e-02;0
NA;NA
-1,77615548975805e+00;1
-1,80494850481427e-01;0
1,59049509444931e-02;0
-5,15638020400568e-02;0
-3,53284432046380e-02;0
NA;NA
4,99689405365233e-02;0
2,86425494043868e-02;0
-1,42432567871090e-01;0
1,25873314664751e-01;0
-4,99274494956038e-02;0
NA;NA
-2,18569086566075e-02;0
-1,52150921468132e-01;0
-3,01011174536425e-02;0
-2,36697033693756e-01;0
-3,05295268135326e-02;0
-1,01539046739444e-02;0
1,04433386400597e-01;0
-3,07824039874739e-01;0
-7,32248117121781e-03;0
4,95992431808324e-02;0
9,99219477810770e-02;0
-3,34147274826267e-01;0
-3,06145595581422e-01;0
-1,49289937463662e+00;1
4,21720755015939e-02;0
1,36315915279671e-02;0
7,18116634298212e-02;0
-5,30952549608385e-04;0
2,94935270394744e-02;0
2,59383977281661e-01;0
8,06744529330773e-02;0
-1,38891417090977e-01;0
-2,58973694709679e-01;0
9,84269540206415e-02;0
-1,34600769956550e-01;0
1,93249115050978e-02;0
3,05078078698910e-02;0
3,08636492320731e-02;0
-3,21084798863519e-02;0
4,28424288353956e-02;0
-3,64057741746334e-02;0
3,73586735164779e-02;0
-3,76176391043996e-01;0
-6,65358944936527e-01;1
-7,11411423045257e-01;1
-1,70980586641395e-01;0
-2,24821276254681e-03;0
4,61417569314040e-02;0
-2,50178333574432e-01;0
8,02328349920860e-02;0
4,14588873963522e-03;0
-1,01049919893788e-01;0
4,59270232424819e-02;0
-9,11678533687198e-02;0
-1,28827555774008e-01;0
1,45054068333410e-01;0
5,36022958213668e-02;0
-5,21025818490445e-02;0
-1,61861239189774e-01;0
-1,89955099662842e-01;0
2,42179388677534e-01;0
1,27579527131789e-01;0
1,49832447680448e-01;0
9,66885275938651e-02;0
-4,95069933033719e-02;0
2,85483749898481e-02;0
-7,78705815732354e-02;0
4,59073920279444e-02;0
-5,95310212167149e-03;0
-5,32929963904566e-02;0
4,37888592240261e-02;0
4,08358568091736e-02;0
-1,67540364059125e-01;0
-2,32238162855560e-02;0
1,37570409206030e-02;0
3,08790466303624e-02;0
1,70336352818973e-02;0
8,25156559811854e-02;0
-3,17472508200780e-03;0
1,28331894245332e-01;0
1,16564452447722e-01;0
-9,32070847981732e-02;0
5,60215897292783e-02;0
1,19238539071122e-02;0
1,81199282824988e-01;0
5,44619034663874e-02;0
1,19866540023943e-01;0
5,36780418190567e-02;0
1,86805363093916e-01;0
-1,53009970646372e-01;0
-4,74099705426922e-02;0
4,11898666421492e-02;0
1,10016561205040e-01;0
-1,13147374368418e-03;0
1,61106652752781e-01;0
1,31142706175950e-01;0
-2,59016312950341e-01;0
-4,74209697776729e-02;0
-8,49678756679930e-02;0
1,00887897198495e-01;0
-1,08411352797852e-01;0
6,22267280386282e-02;0
-3,14899895648274e-01;0
-7,06279087297033e-02;0
5,46916916373092e-03;0
1,07866028478272e-01;0
-6,05090290578068e-02;0
-1,94741733657570e-01;0
NA;NA
-1,57364824518298e-01;0
-2,74702004092934e-01;0
5,84762465541742e-02;0
6,27704126816967e-02;0
-1,49855588567570e-01;0
-3,43589311770813e-01;0
-1,59224360329699e-01;0
3,47735098338180e-02;0
8,88771272703017e-02;0
-4,70051925811647e-02;0
1,30005434182971e-01;0
2,69405042128286e-02;0
-9,69739180692494e-02;0
NA;NA
NA;NA
-2,04444322754675e-01;0
-1,37480831489030e-01;0
1,06220569121875e-01;0
6,05816896767325e-02;0
7,59867964166387e-02;0
7,35476995000983e-02;0
-5,44743896590518e-02;0
-6,22453299683303e-02;0
-3,28166762194144e-01;0
-6,52703645741438e-02;0
-1,77135134835594e-01;0
-4,25394394516024e-02;0
-2,24409747527836e-01;0
1,39297220548144e-02;0
-9,23005932112290e-02;0
8,82393351772550e-04;0
5,16069927031945e-02;0
-4,65865036243793e-03;0
NA;NA
8,41850179239158e-02;0
-7,63068581217218e-02;0
1,05548957416874e-02;0
-1,26016360009025e-01;0
2,58276598537972e-02;0
1,51922176722182e-02;0
-1,11457817923105e-01;0
1,24368263032823e-01;0
-2,31044795454302e-01;0
-3,66803557533606e-02;0
-5,65125839334612e-02;0
4,07763004908799e-02;0
-1,73099700634779e-01;0
1,09007428321462e-01;0
2,30044444197160e-02;0
-6,83818205457115e-01;1
-1,78926713231863e-01;0
-7,94413287256351e-02;0
-1,52466520860096e-01;0
-1,58287902749201e-01;0
-7,37535249337065e-02;0
3,30316919760324e-02;0
-6,26639599685891e-02;0
-7,84471729775451e-02;0
-5,88363850786517e-02;0
-4,76705977035415e-02;0
-2,19182744428788e-02;0
5,20407225586813e-03;0
-6,31373397576481e-02;0
-1,72253096934809e-01;0
4,99017789115754e-02;0
-1,09511047894685e-01;0
2,83713370679280e-02;0
-3,42786780309359e-02;0
-5,67683050116446e-02;0
-8,32894734061463e-02;0
1,11156344286461e-01;0
2,49163336241760e-02;0
-1,85585687770859e-01;0
NA;NA
-3,20629366221608e-01;0
-5,16916161954483e-02;0
-6,10920388735273e-01;1
-4,47994554328653e-02;0
-3,73688657360213e-02;0
-2,91057369160767e-01;0
-1,38797875745822e-01;0
1,14025572904839e-02;0
-3,27674270283179e-02;0
-4,03179209274016e-02;0
-7,90136792600359e-02;0
-1,31237148076716e-01;0
8,33514211134740e-02;0
-5,81145527665345e-02;0
3,23242443141225e-02;0
9,74878928464792e-03;0
1,12717829323348e-02;0
-1,75774857194796e-02;0
7,34385625042618e-02;0
-8,63087643226892e-02;0
-2,23786454898550e-01;0
-3,66828066068149e-02;0
-2,99960443886565e-02;0
3,08147158775150e-02;0
1,17722796558843e-01;0
-1,26425323053889e+00;1
2,48545149937993e-02;0
-8,37817957987478e-02;0
-4,57911397112915e-02;0
-1,02928357603987e-01;0
-4,77862858727202e-02;0
-3,16101902099406e-01;0
-1,19125748374170e-01;0
-3,75065712410002e-01;0
-7,04806685107333e-02;0
-1,74127492581866e+00;1
-5,29611088527061e-02;0
-1,39084445222643e-01;0
-3,04567311033157e-02;0
-6,61472715277092e-03;0
-1,83582563111385e-01;0
-1,10268547589236e-01;0
-3,78163726569044e-02;0
-2,77159679885526e-02;0
8,62189111492484e-02;0
-5,00379600354841e-01;1
-8,37223162823546e-01;1
-6,48367470631131e-01;1
-7,87509130723656e-01;1
NA;NA
-1,58349323382006e-01;0
-3,73338912405612e-01;0
-2,60257917705823e-01;0
3,30569235447543e-02;0
-5,52401920948362e-01;1
-1,11266685782680e+00;1
-2,61140486164364e-01;0
-2,59269393615288e-01;0
NA;NA
-1,85366002783711e-01;0
-5,28765273308439e-01;1
-3,60937566739675e-01;0
-3,81935161343621e-01;0
-3,73513784368887e-01;0
-1,17804051398425e+00;1
-9,57751844787029e-01;1
-1,60848998329868e-01;0
-1,22151606680626e-01;0
-6,04879609434669e-02;0
-1,35958255369607e+00;1
-2,81753320540725e+00;1
-9,07860039054367e-01;1
-1,00227389049986e-02;0
-1,17861099920058e-01;0
1,92931953065419e-03;0
-1,94881274116194e+00;1
-3,30399017827569e-02;0
-2,28377072108216e+00;1
-8,47102614056623e-01;1
2,60792406587673e-02;0
-7,51627795015492e-01;1
-1,34630575383735e+00;1
-2,58148442569287e-02;0
-1,68894179362660e+00;1
-1,24008335784585e+00;1
-7,63303365754788e-02;0
1,01950575420964e-01;0
-7,54590308577015e-01;1
-5,60389063232276e-02;0
6,43899346021081e-02;0
2,71996657148329e-02;0
-4,73849648691216e-02;0
9,63524136855143e-02;0
-6,32633170496167e-02;0
-2,10422564053421e-02;0
1,46609261638589e-01;0
-5,33119087324209e-03;0
7,17730668640515e-02;0
-5,67902505675091e-02;0
-1,00493711265661e-01;0
5,16058877869787e-02;0
-1,08894623445784e+00;1
2,20681308693693e-02;0
-5,61457735315289e-01;1
-2,60505345075072e-02;0
1,54857493970610e-01;0
-1,52002101154136e-01;0
-7,33701900570734e-03;0
-3,45430629652484e-01;0
-4,46165406147422e-02;0
-1,92419628881476e-01;0
-1,19325124347105e-01;0
2,34788580196949e-02;0
2,79166453065087e-01;0
9,35740233993345e-02;0
2,31699375726521e-02;0
-8,47759363061835e-02;0
-3,42805744241599e-01;0
-1,33451045794201e-01;0
-3,57904313882467e-02;0
-4,20516161962420e-02;0
-1,30177044011751e-01;0
-1,27612358831077e+00;1
-4,11031645932364e-01;0
-2,14197552550775e+00;1
1,73628629827162e-02;0
2,25069858718765e-02;0
-1,04524576441972e-01;0
-1,41566894881803e-01;0
5,42457899493719e-02;0
-9,03207750974077e-02;0
-3,25849600272717e-02;0
-1,79648915565175e-01;0
-7,22079725492437e-02;0
6,55729026322291e-02;0
6,32848152673557e-02;0
7,13092507674342e-02;0
-1,13999765742637e-01;0
4,12118634560137e-02;0
-3,25495718825017e-02;0
-8,58030805159731e-03;0
-1,40345210552266e-01;0
1,80248391222503e-02;0
-8,03868894107634e-02;0
-1,06223898591472e-02;0
4,60675638803900e-02;0
3,86801169644364e-02;0
3,53438494979010e-02;0
1,32446833859111e-01;0
-1,40099593114034e-02;0
3,91656919465914e-02;0
-2,43278281954101e-02;0
1,60343773137481e-01;0
-1,24457797744886e-02;0
3,61064990234829e-02;0
-1,27827174615927e-01;0
-2,76906867380536e-01;0
3,02860504002997e-02;0
-1,31080583799695e-01;0
-1,57492866470071e-01;0
-2,22861493071191e-01;0
-6,67022143181710e-02;0
-1,09901444435992e-01;0
3,42791284638210e-02;0
3,14740962922156e-02;0
-9,54871891913926e-02;0
5,88875713288130e-04;0
-8,54947388353172e-02;0
-1,19051067042162e-01;0
-5,69757776896177e-02;0
-2,47065050786901e-02;0
5,00709961457687e-02;0
-9,37578876427062e-02;0
-2,59080486004064e-01;0
8,56440975955934e-02;0
-1,02583707176625e-02;0
-1,55289496250656e-04;0
-1,19741597098668e-01;0
-1,36726299285398e-01;0
-2,40323670045939e-02;0
-4,71002857431150e-02;0
-6,64625283944652e-03;0
8,08566652941877e-02;0
1,43708655596295e-01;0
7,39399256023928e-02;0
-3,35256340193056e-01;0
-6,70744199455774e-02;0
6,96393401509686e-02;0
1,02920165039139e-01;0
7,27710625709189e-02;0
-1,19070326173918e-01;0
-2,51277999194009e-02;0
-7,76147564860354e-02;0
-6,90039488385054e-02;0
-1,30006588528380e-01;0
-7,46279760482266e-02;0
-1,33242828712926e-01;0
NA;NA
-1,12374883502154e-01;0
-1,07596261665173e-01;0
2,98801926205831e-02;0
-3,79218705021936e-02;0
-9,67459743216648e-02;0
-3,46677559379741e-01;0
-3,85491287778177e-02;0
-1,93742232588294e+00;1
1,09168581296371e-01;0
-3,08034835907158e-02;0
-1,00326965285951e+00;1
-4,90522230965811e-01;0
-5,68993360267501e-01;1
-8,53493010130101e-02;0
-1,98951052128098e-01;0
2,93468961915116e-03;0
5,31638950383118e-02;0
1,56429868038716e-01;0
3,92884196351212e-02;0
-1,27382824792418e-01;0
5,60811629457436e-02;0
1,13632153358174e-01;0
-1,10449882733814e-01;0
-2,88945001429999e-01;0
-5,98208029518250e-02;0
5,56407409794766e-02;0
-3,95713083405814e-02;0
5,03235435415665e-02;0
-2,90934972726201e-01;0
-4,65137671880103e-02;0
1,10933962201742e-01;0
-1,02650773009369e-01;0
4,89856623792745e-02;0
6,63329624087396e-02;0
1,74342260995680e-02;0
9,74153616808623e-02;0
-7,06598205414191e-03;0
1,28207974692718e-02;0
-9,69774490089556e-02;0
6,43221043835485e-02;0
1,51144250166164e-02;0
-2,13394806402904e-01;0
-3,04616094665792e-02;0
-2,39167814538941e-01;0
-2,06292159080704e-01;0
-4,85834175744298e-02;0
7,56557456066370e-02;0
-9,69633155429102e-01;1
-1,93134613062388e-01;0
-3,44090322916707e-02;0
2,26765150560262e-02;0
4,42211629589565e-02;0
-4,49693463819194e-01;0
-2,56417411550416e-01;0
2,42299911481980e-02;0
-3,71225899999371e-02;0
-1,20361500872005e-01;0
1,44957325364568e-02;0
-5,41274714290488e-02;0
-3,70333409538296e-02;0
2,76627869418430e-02;0
2,14569149259821e-02;0
-2,31208330539417e-02;0
-1,02537308367254e+00;1
-1,64540021744594e-02;0
-2,11216909153449e-02;0
NA;NA
-1,22538025841856e-01;0
-2,60942568982823e-02;0
-7,71003870130763e-02;0
-1,81110511519514e-01;0
7,96791729156872e-02;0
-8,81789303890155e-02;0
-4,06686165721971e-02;0
-9,64531920708453e-02;0
6,81365631860682e-02;0
-3,29150534143558e-02;0
-1,75388888742056e-01;0
-9,46458996865687e-02;0
-7,35314107707305e-01;1
5,96494129882241e-02;0
-4,90038238931609e-02;0
4,04235688099478e-02;0
2,01555230904448e-02;0
7,48805365386547e-02;0
6,51524943322112e-02;0
-3,82420461286170e-01;0
-6,81035668711560e-04;0
-1,47748263172385e-01;0
1,20970925429690e-01;0
5,26612067503972e-02;0
-7,58373893241497e-02;0
-7,12395279779705e-01;1
NA;NA
-2,10711209153287e-01;0
NA;NA
-4,33853130334177e-02;0
1,61361923989639e-01;0
-1,38797773903906e-01;0
-7,10335190198739e-02;0
2,55425865175704e-02;0
2,96233974088101e-02;0
8,64991377704415e-02;0
1,63096184470170e-02;0
-5,86282304939111e-02;0
-8,37686238508290e-02;0
-1,03730415521147e-01;0
-3,90505223813364e-01;0
1,53465341255769e-02;0
2,83821933624843e-02;0
-3,06024392220740e-02;0
5,38365591371414e-02;0
6,50146119845624e-02;0
5,92456578981745e-02;0
-2,74147860446854e-02;0
2,21440724933629e-02;0
9,77803258936704e-02;0
-1,47258162956066e-01;0
8,02679426076388e-02;0
-2,35533146439944e-01;0
6,07666127799041e-02;0
-8,58181862152668e-02;0
NA;NA
1,09564903572518e-01;0
-1,14942784793435e-01;0
-1,00406984798044e-01;0
-4,15747436770346e-02;0
5,34548480988297e-03;0
-1,17569298912650e-01;0
-8,38255993797473e-02;0
-6,85242606526898e-02;0
-1,95343482088590e-01;0
7,51377583310397e-02;0
4,35226025399903e-03;0
5,58656464407252e-02;0
1,16827341098479e-01;0
-1,19208992058554e-01;0
-9,51789031061299e-02;0
2,75552432399434e-01;0
-1,88776633506012e-01;0
7,51928977174518e-02;0
-1,90679665011016e+00;1
-3,40603324468626e-01;0
1,10702305575565e-01;0
1,75971118965542e-02;0
-6,24335441674907e-03;0
4,06468794698643e-02;0
7,13146747280618e-02;0
-1,82638496721533e-01;0
2,95325455605342e-02;0
3,07795472280182e-02;0
3,73926557552247e-02;0
7,93827573579314e-03;0
-1,71685002387839e-01;0
1,91263722020816e-02;0
5,19017396074052e-02;0
-4,15549813471037e-02;0
-4,43191812066986e-02;0
-3,45669298268796e-01;0
-1,83634124950425e-01;0
4,21909664925816e-02;0
7,08575503428701e-02;0
1,85410120174348e-02;0
-6,39202580694602e-02;0
-1,05467004321624e-01;0
-6,83491346857379e-02;0
-2,49744748592649e-02;0
-2,37472564397590e-01;0
8,14281516106142e-02;0
1,68977692558286e-02;0
-5,82380239132550e-02;0
9,23682669144084e-02;0
1,74607468737713e-02;0
-5,78612308288210e-03;0
1,37109150444568e-01;0
1,89032527462502e-02;0
4,71865452970773e-02;0
-5,53785390814222e-02;0
7,12719595940385e-02;0
NA;NA
NA;NA
3,61659585384000e-02;0
-2,30207323681134e-01;0
4,45156439771776e-02;0
-3,25829187788351e-02;0
-1,16060149995428e+00;1
1,26249571058553e-01;0
-6,98152620597502e-02;0
1,06301061434218e-01;0
-5,28380230049097e-01;1
NA;NA
-2,07898635873005e-01;0
1,59123996092436e-01;0
-4,41865949245521e-02;0
-1,82548263957995e-01;0
-4,85771815009119e-02;0
-7,43976527335904e-02;0
-1,76795722654271e-01;0
9,70934195193429e-02;0
-3,06202859405457e-02;0
-1,43469417781591e-01;0
-1,72777627066751e-01;0
6,57276212846688e-02;0
-1,37883574283574e+00;1
-7,96187042509112e-01;1
-2,20743623914308e-01;0
1,70155407073797e-02;0
-1,32647977351297e-01;0
-2,26525348938138e-01;0
4,82962641043355e-02;0
6,99646343375996e-02;0
4,06261499660504e-02;0
7,64340684400191e-02;0
1,22269885098572e-01;0
-7,30833438363162e-02;0
-4,02473941534649e-02;0
-2,31792143615726e-02;0
-9,01395266500243e-02;0
-1,00431348273374e-01;0
-3,42910430322708e-03;0
4,91043827236061e-02;0
-2,39314602798660e-01;0
5,79620435942418e-03;0
-5,60784220024837e-01;1
-8,67887659672422e-02;0
-2,23650833184206e-01;0
-4,73227646921672e-01;0
-4,19951076419762e-01;0
-4,92857985275438e-01;0
-3,02975051630011e-02;0
-1,95080797868878e-01;0
-4,07058309626961e-01;0
8,00684423371196e-02;0
NA;NA
-9,92972515254494e-01;1
-3,24137121659758e-01;0
-4,36414111049448e-01;0
4,63065586560384e-02;0
-1,16557928349237e-02;0
-1,18065865420871e+00;1
-1,79296716487156e+00;1
-3,38560625627987e-01;0
-6,69972042693299e-02;0
-3,42674641072223e-02;0
1,14922191529631e-01;0
-4,31119472413711e-02;0
-5,05901631591334e-02;0
-3,03198921066874e-01;0
-1,18658611691190e+00;1
-2,81239525204401e-01;0
-3,93685866095850e-03;0
-3,56523599769182e-01;0
-7,47651231904919e-02;0
1,50280573677402e-01;0
-2,40012493575479e-01;0
-6,81467603731209e-02;0
9,74116698768800e-02;0
4,53351102088934e-02;0
8,87934411756174e-03;0
-1,28985766800089e-01;0
2,08517265552697e-02;0
-1,92985680124819e-01;0
-1,08066534721265e-01;0
-7,08205046821158e-02;0
-1,25564316047983e-01;0
-1,02011313813504e-01;0
1,34292769487923e-01;0
2,54323937089853e-02;0
1,00482493922599e-01;0
1,78859881995175e-02;0
5,05045471646916e-02;0
-4,05446970085087e-01;0
-3,49209282457099e-02;0
-8,00297475838330e-02;0
4,74204239630083e-02;0
-1,67434435676507e-01;0
2,65852161253826e-02;0
NA;NA
1,03484753662153e-02;0
-4,45143813298793e-02;0
-2,98345753448650e-02;0
-1,55466944578624e-01;0
-4,42135557697919e-02;0
-1,84791963808679e-01;0
7,57744011444530e-02;0
1,26090788429395e-01;0
-6,04622175309887e-01;1
-6,09462592359823e-01;1
-9,57429201710460e-02;0
5,64073039431703e-03;0
1,10191467241839e-02;0
1,18766055697128e-01;0
-5,95967855711758e-03;0
9,29287534839264e-02;0
8,79779256908489e-03;0
3,29511840580846e-02;0
7,67283460146273e-02;0
5,62436903564500e-02;0
NA;NA
5,51511079213018e-02;0
NA;NA
7,31754165680246e-02;0
-1,69637944893410e-02;0
8,55892107327934e-02;0
-1,17254546416994e-01;0
-7,03791135945014e-01;1
-1,24009629086501e+00;1
-2,72103803225676e+00;1
-6,45415055469967e-01;1
-1,47881486428052e+00;1
-2,43317772851467e+00;1
-1,33281452309501e+00;1
-2,36899988651876e-02;0
6,34703843190178e-02;0
-2,51272127587581e-02;0
1,17239145511424e-01;0
NA;NA
-5,88575382025415e-03;0
2,74323421615117e-02;0
1,22987330316021e-01;0
1,53485886670788e-01;0
-4,51458151171728e-02;0
-2,47024798077103e-02;0
NA;NA
1,01476185804695e-01;0
4,34621056148692e-02;0
-8,92172483392333e-05;0
2,83068534769028e-02;0
3,71293027332636e-02;0
1,01575988540519e-01;0
-6,07255568562795e-02;0
-2,35064366742225e-02;0
-1,90651957024816e-01;0
-4,24012342377050e-02;0
-1,29791740802345e-01;0
1,26870270892186e-01;0
-8,59766791559137e-02;0
NA;NA
NA;NA
1,20281061528360e-02;0
-6,25477608839392e-02;0
1,31856558665569e-02;0
5,74299267615848e-02;0
-2,49660105504900e-01;0
-1,19972750346392e-02;0
1,15290563830250e-01;0
7,10939324420694e-02;0
-2,92323918617776e-02;0
NA;NA
-9,96366046213672e-02;0
NA;NA
3,73574473593098e-02;0
9,55326321135382e-02;0
-5,00224013386332e-02;0
-1,29351239540374e-02;0
-2,98646259632243e-02;0
6,84376868525793e-02;0
1,48307275705251e-01;0
4,07059552407425e-02;0
-7,78255880968249e-02;0
-4,58429423217282e-02;0
-3,08556385573398e-02;0
1,20805962708849e-01;0
-3,07532474786660e-01;0
-1,20504452359360e-01;0
-7,95430602197792e-02;0
-1,28904911452319e-01;0
-2,05639072417501e-01;0
-1,62632174099788e-01;0
-1,04487699831645e-01;0
NA;NA
-1,45558552589362e-02;0
NA;NA
-2,46604127270680e-01;0
-4,25402642969424e-01;0
NA;NA
-2,11615313614494e-01;0
5,41886267481912e-02;0
-9,81235008705060e-02;0
-9,86994208498772e-02;0
4,73502787951120e-02;0
1,28227450986129e-02;0
-1,00609610101687e-02;0
4,71957250783124e-03;0
-2,65791511442898e-01;0
5,22365457177679e-02;0
-1,89281125585857e-01;0
-1,26190019771046e-01;0
-7,18395900925349e-02;0
-7,11599634950523e-01;1
-1,14988980229576e-01;0
-7,24542873255910e-02;0
-3,47976163791682e-02;0
5,96136029330615e-02;0
-4,66750192896027e-01;0
-1,76367152783651e-02;0
1,38089313850674e-01;0
NA;NA
-3,82930108501395e-02;0
-7,73389060931348e-02;0
-4,25582861772180e-01;0
-4,42891421805140e-02;0
-3,28237028490050e-02;0
2,30368212169790e-02;0
9,66600005860743e-02;0
6,80494296809954e-03;0
-1,79732774894954e-01;0
-4,46391454910925e-02;0
7,35379016407155e-02;0
8,49632221212369e-02;0
-3,52303304654289e-01;0
-1,24755185254722e-01;0
-4,78785202842257e-02;0
1,45997158536188e-01;0
-4,35454584074399e-02;0
NA;NA
NA;NA
NA;NA
6,60306832484072e-02;0
-4,31365682847821e-02;0
-2,46647731935180e-02;0
4,43080249277208e-02;0
-1,11125882479243e-02;0
-1,86439167934258e-01;0
6,87808137927548e-02;0
-4,20429323305470e-02;0
-6,77935946994044e-02;0
-1,43306186802801e-01;0
NA;NA
7,33674166144271e-02;0
8,18322009051640e-02;0
1,94249498071391e-02;0
2,61205941119660e-02;0
6,61603901162549e-02;0
-5,73962270893579e-02;0
-8,02800119568023e-02;0
NA;NA
-4,65639364433086e-02;0
-2,10140776116572e-01;0
-6,37945037959593e-02;0
-1,59741843566358e-01;0
-2,24211692006876e-03;0
-1,12210378332357e-01;0
-1,60349922473945e-01;0
-1,93577704948646e-01;0
2,12652442831629e-02;0
1,16717353621730e-01;0
-6,25911960849437e-02;0
6,62216827043320e-02;0
-5,45322747658254e-02;0
-2,42883195670312e-03;0
-3,25282833648312e-02;0
NA;NA
NA;NA
9,48149273694883e-02;0
1,02289392801316e-01;0
-7,24700063722133e-02;0
7,89335468902009e-02;0
-5,92783729412145e-02;0
-9,81348043367369e-02;0
5,22810672949968e-02;0
-1,15428031585422e-01;0
1,09515741352459e-01;0
1,10555250666195e-02;0
6,59855479809527e-02;0
2,75612537274342e-02;0
-3,09196181623277e-02;0
9,94951064092729e-02;0
9,20230902131202e-02;0
-7,99655798611319e-02;0
7,33753465049679e-02;0
-1,00263817230770e-02;0
-4,29178368931925e-02;0
-1,04189358650710e-01;0
-1,57356137283057e-01;0
1,08919536960139e-01;0
-2,38234848635579e-01;0
-1,66450119314836e-01;0
1,29918906986822e-01;0
NA;NA
-5,48321829640226e-02;0
-1,02169837639559e-01;0
-1,01563461609635e-03;0
NA;NA
1,71169301536429e-02;0
NA;NA
-5,97987045039888e-03;0
1,76480028950810e-02;0
-1,04048529223214e-02;0
-3,18049165851837e-03;0
-8,96258070186123e-02;0
1,74307298586873e-01;0
-3,25389534367458e-01;0
NA;NA
1,11543637063137e-01;0
-4,59497233797563e-02;0
-4,45342836710653e-02;0
8,12957990154801e-02;0
NA;NA
NA;NA
1,07114506971922e-01;0
-5,15192153361500e-02;0
8,45015273615729e-02;0
7,93707219815765e-02;0
5,17202014645432e-02;0
-7,78511503408639e-02;0
NA;NA
8,13453442692422e-03;0
NA;NA
-1,17408017380490e-02;0
3,91984989985147e-02;0
6,32763110949790e-02;0
-1,68104887611363e-01;0
7,43411210160529e-02;0
9,74600808389013e-03;0
-7,08283018106581e-02;0
1,81097682736062e-01;0
5,16624288925645e-02;0
-1,33644273191630e-02;0
NA;NA
2,46320043291926e-02;0
7,73644497034199e-02;0
4,72736180316643e-02;0
3,35393134623211e-02;0
-1,14140908210755e-02;0
-1,20090728023386e-01;0
-6,26192010906693e-02;0
-1,89962176390884e-01;0
7,01156905196038e-03;0
-1,28612202337342e-01;0
8,05741233514846e-03;0
2,69973036841285e-02;0
6,91000821587177e-02;0
-1,26628348148387e-01;0
1,39971461005306e-01;0
3,98835211330695e-02;0
3,20344879800207e-02;0
6,45819394480257e-02;0
8,14606165815632e-02;0
8,05378907528761e-02;0
-6,52510353026831e-02;0
-2,87831521646338e-01;0
1,41638134026925e-02;0
1,49491145049907e-01;0
4,92786456483810e-02;0
8,14879514394960e-02;0
-7,61669089742798e-02;0
-8,83716918893520e-02;0
-3,33802230214092e-02;0
NA;NA
-2,50102734513874e-02;0
6,60593954800194e-02;0
9,59868939536752e-02;0
3,21481874663322e-02;0
3,39287947500392e-02;0
-8,19159320646394e-03;0
NA;NA
4,33043498032936e-02;0
-5,20355807684332e-01;1
-4,76063205233584e-02;0
1,89690570317911e-02;0
-8,09373561944003e-02;0
-1,13693997206202e-01;0
-8,70076595745240e-04;0
9,78071305633813e-02;0
-2,34657646590289e-03;0
-1,07155232636379e-03;0
4,74005892275090e-02;0
-7,31386885422511e-03;0
-3,74476423446638e-01;0
5,24419533207210e-02;0
-7,03076600328988e-02;0
-1,42170490569609e-01;0
-4,95921360356875e-02;0
-6,50742735017432e-02;0
8,19406278949245e-02;0
-1,90822206930874e-01;0
4,37341733198742e-02;0
-5,38484326054200e-02;0
-1,56479397901683e-01;0
1,53534341883368e-02;0
-3,30347416882921e-02;0
6,70053975248175e-02;0
-1,64779273670313e-02;0
-2,05989366848204e-01;0
1,24872877807326e-01;0
-9,99759447066864e-02;0
9,01341227596414e-02;0
2,00985207637830e-02;0
6,38728304804353e-02;0
-1,92726665238767e-02;0
-8,10211167797016e-02;0
-7,24942558922641e-02;0
-5,24212831580024e-03;0
3,76076800254779e-03;0
5,85919257960771e-02;0
2,64145373759942e-02;0
-2,14261767043711e-01;0
-3,85553382219856e-02;0
-1,32289940092886e-02;0
-2,95462359692923e-02;0
-5,83939339961894e-02;0
-1,15695981043493e-01;0
5,37646975489498e-02;0
4,16228024524407e-02;0
-2,15878212157852e-01;0
7,08743115007484e-02;0
-4,62693426896862e-01;0
1,11718547121140e-01;0
-6,84966325626774e-02;0
-9,06680362149932e-02;0
-8,43753864145005e-03;0
-5,99809566238363e-02;0
2,41441075054700e-02;0
-5,85316143463002e-02;0
3,02242848746959e-01;0
1,21422187173363e-01;0
-1,02271077842261e+00;1
5,11142928322517e-02;0
-2,84230334804264e-01;0
-3,33577546576246e-01;0
-1,43660588593163e-02;0
-2,22175835868104e-02;0
3,56308064693413e-02;0
-3,22619122207594e-01;0
2,65014391933376e-02;0
1,30602320814631e-03;0
7,60958548452708e-02;0
1,45472549398869e-01;0
1,71888137968370e-01;0
-8,77175984972518e-03;0
-1,31765042090567e-01;0
-1,49602863645799e-01;0
1,10528156520809e-02;0
5,36529979565153e-02;0
6,99889510125701e-02;0
1,13143094849365e-01;0
-2,71515408801596e-02;0
4,73103471820913e-02;0
-7,01905632384927e-02;0
8,76156849753598e-02;0
6,93819930992295e-02;0
5,55953131222943e-02;0
-7,78231775076260e-04;0
-2,02182668914463e-03;0
2,59347673682417e-02;0
6,54120825584321e-02;0
-5,86585762445712e-02;0
6,53848923847861e-03;0
-1,76400076767344e-01;0
-1,45786763749190e-01;0
-1,27790302705016e-01;0
-9,07805807773942e-02;0
1,21526985287747e-01;0
1,34770335668182e-01;0
3,24382594807575e-02;0
-5,26994996589714e-03;0
5,65854203611056e-02;0
1,71706915030237e-02;0
4,61214924423882e-02;0
6,64701085816443e-02;0
-8,71922418940056e-02;0
-3,60986574223036e-02;0
1,84636089795233e-02;0
3,50387554701231e-02;0
4,16636898536493e-02;0
-2,02101772136881e-01;0
-9,71927135721380e-02;0
-3,51484575261026e-02;0
-4,14414126861279e-01;0
-4,25417225276474e-02;0
-9,41318352289677e-02;0
-8,73343989362799e-02;0
-6,39694483465891e-02;0
-3,95659918282514e-03;0
-5,06727548479611e-02;0
-3,52968996974954e-01;0
-4,49223350553155e-02;0
-1,17690455467013e-01;0
-2,21836747385927e-02;0
-5,88749386250950e-01;1
1,40326885708095e-01;0
-7,01645828949886e-02;0
-1,18450421803235e-01;0
1,01133977140806e-02;0
-3,02455250127336e-02;0
-2,52830923763892e-02;0
-5,32345844363426e-02;0
5,50758036709042e-02;0
-2,45804175646771e-02;0
1,71846182932199e-02;0
-6,76164787281496e-02;0
-1,18676811932604e-01;0
1,16683370226142e-01;0
1,13758419523307e-01;0
NA;NA
-1,51202157332946e-01;0
-1,36015968209144e-01;0
1,31721303962449e-01;0
-9,00022282622609e-02;0
-4,29426063223953e-02;0
-1,83854647795083e-01;0
-2,63451781441368e-02;0
1,02821244110145e-01;0
-1,55030796711932e-02;0
-5,25845480057373e-02;0
1,73732901951696e-01;0
-1,27469005435509e+00;1
-1,36678962113684e-01;0
-8,96885291510865e-02;0
-2,29593302846316e-02;0
NA;NA
1,11650980857729e-01;0
1,81121251974002e-02;0
-9,71150429592295e-03;0
-1,00377270862769e-01;0
3,70856981402730e-02;0
6,41965335040426e-03;0
6,10425817497025e-02;0
-3,25797799948440e-01;0
3,55951657947200e-02;0
-1,30034085107522e-02;0
-7,06803260558214e-02;0
7,91681827810636e-02;0
-1,37414854980630e-01;0
-1,70458499082962e+00;1
-2,61838154389988e-01;0
-1,56656001250909e-02;0
-3,97145451899564e-01;0
1,13840722766515e-01;0
1,12200205903048e-01;0
-1,41593945235515e-01;0
-1,49416378985338e-01;0
-2,11042685860921e-02;0
-6,57932339054771e-02;0
-2,03079868069465e-02;0
2,33579257361751e-01;0
4,77751589654317e-02;0
1,07016536065040e-01;0
9,96088017158683e-02;0
7,95280122382577e-03;0
-1,95557728310226e-02;0
1,47087790217820e-01;0
-4,28108195755292e-02;0
-4,48436799018187e-02;0
-7,74194377318777e-02;0
-1,51885484420080e-03;0
-8,05807949322705e-02;0
-2,17286591844645e-01;0
-1,14993106419448e-01;0
-2,36750911586607e-01;0
-1,67872343141316e-01;0
2,10269062836698e-02;0
5,29899084793334e-02;0
-1,59828586694615e-01;0
-1,75365982195810e-02;0
-1,20101819275256e-01;0
-7,61132054746593e-03;0
6,72387920982690e-02;0
-1,61262221386126e-01;0
5,09282209879704e-02;0
-1,12806707929756e-01;0
9,74171403907080e-02;0
4,22743206664634e-03;0
8,65949298169357e-02;0
-1,19687565447889e-02;0
4,00071528269030e-02;0
3,52621730522159e-02;0
9,40351632924178e-02;0
-7,94130729335756e-02;0
6,68035166216774e-02;0
3,17503726749046e-02;0
-1,40756734179671e-01;0
5,44809515751878e-02;0
-4,65889826401971e-03;0
-1,13325220310743e-01;0
9,23670614870982e-03;0
-4,29811708960869e-01;0
-6,17961553045721e-03;0
-1,66901681136096e-01;0
-3,44056338852414e-02;0
-7,18017660250519e-02;0
-6,31919026243656e-02;0
9,94580550208400e-02;0
5,61941158547407e-02;0
6,10926633069717e-03;0
-1,48465852556612e-02;0
-2,85970686142549e-01;0
3,97098527513143e-02;0
-6,46491873288493e-02;0
-5,17005220393494e-02;0
-9,33280919882258e-02;0
5,02546269981310e-03;0
-1,85635982941153e-02;0
9,00374476354329e-02;0
-1,40190763972999e-01;0
-3,54867566828022e-02;0
-7,26821389440488e-02;0
7,08710112668900e-03;0
-1,63218305092437e-01;0
-4,12125909229181e-02;0
2,92331008022408e-02;0
-6,77000848289912e-01;1
-4,57738397101138e-03;0
3,30083663182721e-02;0
-2,73275513445784e-02;0
7,53095602957212e-02;0
-2,07446848752422e-01;0
-3,77335194376227e-01;0
1,15767514988937e-01;0
1,17954582115544e-02;0
-4,52467256666629e-03;0
-8,02455229218002e-02;0
-3,41974012525805e-01;0
2,15068479769262e-02;0
-1,23039144769526e-01;0
1,09075020153685e-01;0
-1,03209626613660e-01;0
-8,20488954899338e-02;0
6,77226326886565e-02;0
5,75618790813035e-02;0
2,96132082258910e-02;0
3,45362850363750e-02;0
4,31313500671409e-02;0
-4,10847165335968e-01;0
-4,44018501837493e-02;0
7,78909893640639e-02;0
-1,46032816608666e-01;0
-2,74167795151342e-01;0
3,22512105047409e-02;0
4,62959614830057e-02;0
1,10037093798377e-01;0
1,50576982961276e-01;0
8,19565159228150e-02;0
1,27183308698619e-01;0
NA;NA
5,02220280581934e-02;0
-6,49205368407628e-02;0
6,93157232763006e-02;0
1,63532872269204e-03;0
NA;NA
-1,83144789173458e-02;0
-7,63128781087517e-02;0
NA;NA
9,01421393685222e-02;0
-1,38053296261458e-01;0
1,36832378144617e-01;0
3,14674234871771e-02;0
1,20896421716648e-01;0
-6,56227512153239e-01;1
7,43598201777586e-02;0
-1,96343888489693e-02;0
5,48588504311170e-04;0
1,08032282674847e-01;0
NA;NA
-1,35141729120249e-01;0
-7,36535040045201e-02;0
-6,98381686427047e-02;0
6,40155803509986e-02;0
-1,96270064206615e-01;0
3,64840909654770e-02;0
1,45052639841030e-01;0
NA;NA
NA;NA
-4,00190739884700e-02;0
-2,75351627123393e-02;0
NA;NA
NA;NA
NA;NA
NA;NA
-1,51208304944503e-02;0
NA;NA
-1,92296215503046e-01;0
-9,62599076958481e-02;0
-5,10434974353510e-02;0
-1,69272106115513e-02;0
NA;NA
-1,49562997638769e-01;0
1,24196644292735e-01;0
-1,42285711592952e-01;0
-1,42872610817681e-01;0
-4,11127652110831e-03;0
2,83043985211431e-02;0
-1,39702673985271e-01;0
1,34063659593926e-02;0
4,34280923480137e-02;0
1,62852597784769e-01;0
-2,99227359093133e-01;0
-1,18740919766006e-01;0
3,05540044693968e-02;0
-1,12956049047391e-01;0
1,47514036332685e-01;0
NA;NA
-6,90616149419325e-01;1
-1,77771178947208e-01;0
3,77796597587845e-02;0
-6,59562910572354e-02;0
-1,59797441361552e-01;0
-5,26897391146925e-02;0
-7,86952418322639e-02;0
-1,72543969054259e-02;0
1,79801518892350e-01;0
-2,74171066172941e-02;0
8,27662211198184e-02;0
2,64508997038632e-02;0
-7,03931672127350e-02;0
-7,71561452997126e-02;0
9,87040045631479e-02;0
NA;NA
NA;NA
-5,18197980681605e-02;0
-2,35911392682623e-01;0
-5,11625496544622e-02;0
-1,81080487123250e-02;0
1,10686818001557e-02;0
1,28158788344269e-01;0
1,27955820942183e-03;0
3,70929706933311e-02;0
-1,66719045679086e-01;0
8,08758891995734e-02;0
-8,18118357508611e-01;1
-1,71623732268178e-01;0
-7,66157365381351e-02;0
-1,95554234052374e-01;0
2,24539585092095e-02;0
1,17996915878757e-02;0
-2,06766906195766e-01;0
-8,25579262927710e-03;0
7,27755254861799e-02;0
-2,06258297851519e-02;0
NA;NA
-2,12700695695275e-01;0
2,30571046656080e-02;0
-2,99576774859191e-02;0
1,93066555937844e-02;0
-2,02281568557540e-02;0
1,14027322825413e-01;0
-1,51812241019437e-01;0
2,52130701479350e-02;0
8,25089628762316e-02;0
2,24836818187081e-02;0
-1,63886207343238e-01;0
1,01373645298072e-01;0
-8,65804699406162e-02;0
-3,22225492689830e-03;0
NA;NA
-8,27720568330433e-02;0
-9,57664374353934e-02;0
1,43629005441464e-02;0
-6,27102125364366e-02;0
8,53425971313361e-02;0
2,07792734010965e-01;0
-9,95686713354543e-03;0
9,33642669940954e-02;0
2,92259453548877e-02;0
2,35254149740029e-02;0
-1,46867646909405e-03;0
-1,08393419764520e-01;0
-1,33045653861337e-01;0
1,62156061373105e-02;0
NA;NA
NA;NA
NA;NA
-1,40857115116653e-01;0
-1,24393670872241e-01;0
9,04665516453132e-02;0
-3,19770080378132e-02;0
4,42970320390318e-02;0
-3,68136703733682e-02;0
1,38632219692122e-01;0
3,19575381836181e-02;0
1,17688497735988e-01;0
-4,05016059570680e-02;0
4,93758568659037e-02;0
2,56738747753212e-02;0
-1,33473508460908e+00;1
-7,10143197716046e-01;1
-2,16543581529988e-01;0
-2,87546954662226e-03;0
6,96995100246231e-02;0
-2,71063585639871e-01;0
-1,07501770332346e+00;1
-1,04622909423522e-01;0
-2,44287099658516e-01;0
4,42144110673915e-03;0
-1,41385494092478e-01;0
-6,18381257157683e-02;0
-7,49344624232121e-02;0
-2,40334302175526e-02;0
1,49755075971036e-01;0
-1,19667526246913e+00;1
-2,70211138375085e-02;0
6,11297132172479e-02;0
-1,21936967675077e-01;0
4,20042854537289e-02;0
-1,33649651523199e+00;1
-5,94382039396329e-01;1
-1,91867562381647e-01;0
-1,39090176459083e-02;0
-1,23121634927884e-01;0
NA;NA
-2,04845698566228e-01;0
-1,26062723064841e-01;0
8,58629863967473e-02;0
2,14170488807218e-02;0
-2,98673763988837e-01;0
-3,08876202104367e-03;0
3,93796281576247e-02;0
-1,16887682550100e-01;0
-4,49050511052962e-02;0
-5,67484008961078e-02;0
-7,00458294383835e-02;0
-4,98165852031721e-02;0
4,72939098990701e-03;0
-6,28398659441829e-02;0
-2,45698075779237e-02;0
9,32896647722548e-02;0
-9,50852394410578e-03;0
-1,59142466331501e-01;0
-4,78074447217717e-02;0
2,63552431933613e-02;0
1,14804233358205e-01;0
-1,51382133675816e+00;1
-2,58366838908109e+00;1
-2,24433676970650e+00;1
-1,31790735974920e+00;1
-1,35557406873062e+00;1
-4,93879797414824e-02;0
-8,45872932669750e-01;1
-1,31534877849618e+00;1
-8,05279969216440e-02;0
-2,22554865311398e-01;0
1,27967468676841e-02;0
9,46812799755990e-03;0
-1,81022561227727e-01;0
-4,73995124682205e-02;0
1,47940190091964e-02;0
1,47452887070381e-01;0
-1,02014170209972e-01;0
4,14363623662482e-02;0
NA;NA
-2,27493309291277e-02;0
-7,87011559280240e-02;0
4,62270826895636e-02;0
6,69132026845097e-02;0
1,64986430464971e-02;0
-1,54654918945885e-01;0
-3,01851108011607e-02;0
2,47231875345367e-02;0
8,49708501962387e-02;0
-3,90432849853525e-02;0
-3,86385530736997e-02;0
NA;NA
-3,15427449599686e-02;0
-3,23891306855438e-02;0
1,69786936945897e-01;0
NA;NA
4,88266418349778e-02;0
7,36640784620120e-02;0
-4,11652518728481e-02;0
-1,19106182134538e-01;0
1,55624068095548e-01;0
-1,86952144170408e-01;0
7,29897379661478e-02;0
1,21928006554409e-01;0
-4,07578177203919e-01;0
1,12913775386276e-01;0
4,56966693388712e-03;0
NA;NA
NA;NA
NA;NA
9,27544002404868e-02;0
1,48000198695340e-02;0
-1,41207240094462e-01;0
-3,93009556610616e-02;0
-2,16992422189203e-02;0
1,20714417256709e-02;0
1,03648622544626e-01;0
-1,55693466868674e-02;0
-9,84754807713544e-02;0
4,19769847883772e-02;0
-1,28399658485894e-01;0
3,43800779527607e-02;0
1,55392685125128e-03;0
3,58924332210774e-02;0
-3,95346950169307e-03;0
1,00783467816589e-01;0
-2,43661321728684e-03;0
1,31866721207945e-02;0
2,84849432917677e-02;0
-6,21423316335042e-02;0
-1,43512690322301e-01;0
NA;NA
-4,70884698409308e-02;0
-9,02230544733858e-03;0
-1,07252912291073e-01;0
9,87683153464206e-02;0
-1,09349539604074e-01;0
-4,12994958303423e-02;0
-9,83876818616000e-02;0
-7,39871499698146e-02;0
1,10638453889549e-01;0
-1,13705525748718e-01;0
6,72021375784872e-02;0
6,35627913708298e-02;0
7,21563692059043e-02;0
1,64388360791691e-01;0
-9,96227157892249e-02;0
6,42629000288991e-02;0
1,35899837328188e-02;0
-3,80074340574164e-02;0
-5,93504639459951e-02;0
1,14306871001434e-01;0
-3,20279530851883e-02;0
4,65111863330990e-03;0
NA;NA
-6,09554796830080e-02;0
7,20305890821555e-02;0
-5,39067194383199e-02;0
NA;NA
6,14695919964451e-02;0
3,81380029085753e-02;0
-2,33329731987565e-02;0
-9,82035002253224e-01;1
-2,41717754775649e+00;1
2,36898757898691e-02;0
-1,08042518209674e-01;0
NA;NA
-2,44966624714382e+00;1
-2,19917368701261e+00;1
-1,38420959654473e-01;0
-2,26304281053423e+00;1
-3,14044678776681e-01;0
-2,36545740327792e-01;0
-1,26071076531450e-01;0
-7,36590653250142e-01;1
-2,37912066209562e+00;1
5,62686217173864e-02;0
-1,23807197393012e+00;1
2,89266392092243e-02;0
-7,14856060861933e-01;1
-1,26229942396266e+00;1
6,05314840892405e-04;0
-7,91400448778111e-03;0
-1,42999412987010e-01;0
1,79316372083555e-02;0
-2,13578316079666e-01;0
6,95767790997734e-02;0
-7,15758129117002e-02;0
3,99623126509637e-03;0
-2,40895298043020e-01;0
2,87286582278291e-02;0
-2,75726021068498e+00;1
-1,85333729330346e+00;1
-1,33149125072585e+00;1
-2,07059912077464e+00;1
-1,09039978346592e+00;1
-9,86045871031678e-02;0
-3,03448132117990e-01;0
2,05267707313120e-02;0
-9,51135859925263e-01;1
7,64057250528875e-02;0
-3,31819128913580e-02;0
-1,68580381582812e+00;1
-1,70047316583820e-02;0
-9,92056650257396e-02;0
-6,73389013137321e-02;0
9,00488254958205e-02;0
-3,98848917359922e-03;0
1,13325590931094e-01;0
9,50703840531976e-02;0
-1,79552910586747e-01;0
3,25571971992830e-02;0
-4,13933941066141e-02;0
1,51990661556505e-02;0
7,18134663397947e-02;0
-7,43355487299270e-02;0
1,01140033644242e-01;0
1,86368364794067e-02;0
-9,00995237664144e-02;0
-2,01367437287716e-01;0
-3,53458364658791e-02;0
3,85133377656540e-03;0
-6,99426486824311e-03;0
-1,71637007935809e-01;0
2,22833153430686e-02;0
8,95754304297533e-02;0
1,20394041450534e-01;0
7,58544881903044e-02;0
-7,78876514503466e-02;0
4,26669639053399e-02;0
2,89175599997967e-02;0
-4,79123792607339e-02;0
-4,10385834971339e-03;0
-1,87677620052794e-01;0
-3,80936576534102e-02;0
-8,47366650407271e-01;1
-2,63011058468875e+00;1
-1,44540488249379e-01;0
-4,03110639691050e-01;0
-8,87595668061356e-02;0
1,43974041946341e-01;0
9,35547736301543e-02;0
-3,24924077104135e-02;0
2,17257272003719e-02;0
2,54461152446722e-02;0
3,96160631969672e-02;0
-7,24744358241876e-01;1
-1,54209311128523e-02;0
-1,48188671725585e-01;0
-2,16824089296885e-01;0
-1,28487501402383e-01;0
-5,89516188478896e-01;1
-6,80364702759682e-02;0
5,53656561509940e-02;0
9,35100230257229e-03;0
-2,93223468092565e-02;0
-1,29013927823749e-01;0
-2,34865271114120e-01;0
-4,96811904447262e-01;0
-1,84584644010580e+00;1
-5,79635437457977e-02;0
-1,49610829347760e+00;1
-3,70489132758765e-02;0
-2,95965693947686e-03;0
-6,04082555687131e-02;0
-1,29476437330902e-01;0
3,25268805927559e-02;0
7,90055809394821e-02;0
1,81397505249915e-01;0
5,43024047703100e-02;0
6,12946815912568e-02;0
1,72393407611507e-01;0
-8,58281172250521e-02;0
-1,64306683993116e-01;0
NA;NA
2,13087943528760e-01;0
-5,62270764219272e-02;0
-5,29056602901947e-03;0
7,05441384712430e-02;0
5,01456579679364e-02;0
-2,57422941226327e-02;0
-7,08400742794884e-02;0
-3,15804626488882e-02;0
-5,18299240162290e-02;0
-1,14128124575342e-01;0
-7,31314383724102e-03;0
NA;NA
-6,08914597480005e-02;0
-2,44804627247993e-01;0
-9,87274094360602e-02;0
-1,69441733226642e+00;1
-2,13593179505827e-01;0
1,12947333705588e-01;0
-8,00054521267536e-02;0
-1,09774267810835e-01;0
-9,90879313320202e-02;0
5,25932002923059e-02;0
5,72160460060349e-02;0
-4,58311529265049e-02;0
2,12735969549720e-02;0
NA;NA
3,21862333518315e-02;0
-9,96922393812730e-03;0
-6,05769606872413e-03;0
2,09893245858783e-02;0
-2,60104496889021e-01;0
-6,64170175844227e-03;0
-3,26490718261121e-02;0
-1,45682109287729e-01;0
-1,67213953815704e-01;0
-1,59966506298436e-01;0
-1,66852043525133e-01;0
-5,03511123454355e-03;0
-9,34406043454930e-01;1
NA;NA
NA;NA
-5,45084033053816e-02;0
-1,53813123718539e-01;0
-5,24461716382539e-02;0
4,82692596095133e-02;0
NA;NA
1,09843537794956e-01;0
-1,79335498864333e-01;0
-6,07151432904394e-02;0
-3,86030895873093e-02;0
2,73772801359889e-02;0
-1,24199805801254e-01;0
5,42569305285474e-02;0
1,06008239959766e-01;0
-2,80657104428466e-01;0
-9,00344449986354e-02;0
5,09250299544172e-02;0
-1,10554294897303e-02;0
-1,19857716300135e-01;0
-1,33419193966193e+00;1
-2,06584851503914e-01;0
-1,08878992150859e+00;1
-4,74813115931800e-02;0
-7,59790070333983e-01;1
-7,57984520565490e-01;1
-2,57554807527713e-01;0
-5,94233086804652e-01;1
-5,09637778993621e-01;1
-1,57021935810250e+00;1
-4,03449567853107e-01;0
-4,41973754405893e-01;0
-1,32913993571317e+00;1
-1,74837604383633e-01;0
-3,24132559854691e-01;0
-9,89979838833417e-03;0
-6,93339301250885e-01;1
-1,14360423485169e-01;0
-3,34849364584669e-02;0
-1,74179692315159e+00;1
-2,78974977556153e-01;0
-2,13019565843366e-02;0
-3,74636120016794e-02;0
-2,06798222213377e-02;0
2,42369171087321e-03;0
9,44757372717310e-02;0
-5,20265882712228e-01;1
-2,51671037763926e-01;0
1,31622636262521e-01;0
-2,54285333013741e-01;0
1,79624524289939e-02;0
1,34943872897032e-01;0
-1,51436074644844e-01;0
-1,05844280596021e-01;0
-5,62118765342332e-02;0
-7,87704238352646e-01;1
5,88071251767261e-02;0
-1,39681962041395e-01;0
-1,23947476565957e-01;0
-2,03772857888886e-01;0
4,35068831016568e-02;0
-1,86468891200618e-01;0
3,62300763514614e-02;0
-3,20809079874662e-01;0
-4,51617781852236e-02;0
-3,73350595917078e-01;0
-7,77325472162789e-02;0
-6,45948366843905e-02;0
-1,47502258594221e-02;0
-2,11438626727209e-01;0
3,11424301188025e-02;0
-7,16074458227108e-02;0
9,57301348465063e-02;0
-1,23348183240819e-01;0
7,60770286763485e-02;0
-3,69207942894671e-01;0
-1,16750382465998e-01;0
-7,97758514940198e-02;0
-4,68147326585694e-02;0
-3,34510478090556e-01;0
-3,19038830055628e-01;0
1,79769653726052e-02;0
-2,02116738099328e-01;0
-1,36250010204628e-01;0
6,08420878502504e-02;0
-7,38178194640235e-02;0
-3,01511914327089e-01;0
6,94501087490038e-02;0
-8,15161357243288e-02;0
4,41497647690080e-03;0
4,98283174661104e-02;0
-8,85272422948348e-02;0
-2,79780272272990e-03;0
-5,63950549541831e-02;0
-3,78474511890356e-02;0
-6,85968753725441e-02;0
-2,49107103124641e-02;0
6,93569765929423e-02;0
1,92847498299205e-02;0
-1,02132884898642e-02;0
-2,54293940869097e-02;0
-5,61501390360147e-02;0
5,12304700046017e-03;0
-1,42388316002244e-02;0
-4,18449127236072e-02;0
1,76465412271163e-02;0
-2,02642539137485e-01;0
2,69329703758333e-02;0
9,67161946078620e-03;0
-4,46033570759917e-02;0
-6,04693585910358e-01;1
-7,15316304522316e-03;0
1,32272378419073e-01;0
1,71818486302700e-02;0
-3,97283845539800e-02;0
-3,73848544205172e-02;0
-7,62110031009065e-02;0
-1,31870861096998e-01;0
-1,50887784815743e+00;1
2,50423050374983e-02;0
-1,18075243440921e-01;0
-2,96629599306920e-03;0
-8,86310100818056e-02;0
1,99900869140256e-02;0
-3,53967379644035e-02;0
-1,20735888129031e-01;0
-1,95444745293969e-02;0
6,49905971938027e-02;0
1,44193692092621e-01;0
4,31479867049500e-06;0
1,08433633314423e-01;0
NA;NA
-1,86837385834642e-01;0
-8,57212911920399e-02;0
3,25884656765043e-02;0
2,56460557034555e-02;0
9,40383196703326e-02;0
-3,50657087914972e-02;0
-8,77259082608012e-02;0
2,43031544305135e-02;0
NA;NA
-1,28546143179276e-01;0
1,05976886508859e-02;0
5,34955577365543e-02;0
-6,18647920352375e-02;0
-2,06344075558288e-02;0
1,47204458681982e-01;0
1,12474997702172e-01;0
-2,31640604335197e-01;0
NA;NA
-1,65918000729490e-01;0
NA;NA
NA;NA
-2,42122271648178e-02;0
-3,97026680784007e-01;0
6,14322425867635e-03;0
NA;NA
NA;NA
NA;NA
NA;NA
7,75703913544617e-02;0
1,02154505289776e-01;0
-6,34623173804967e-01;1
-7,33668040349949e-03;0
-5,85333019842344e-01;1
5,99163269811276e-02;0
5,19807158703425e-02;0
1,16721410748316e-01;0
-1,15178778225784e-01;0
NA;NA
-1,08539130524362e-01;0
-7,81183017628706e-02;0
2,64023338622107e-02;0
1,32686929425220e-01;0
-5,18133443872565e-02;0
1,51655720518402e-02;0
-9,27252047018035e-03;0
7,30698136999264e-03;0
-1,00106556044543e-01;0
-1,81577982599231e-02;0
-1,15713307612986e+00;1
-2,37924223722915e+00;1
-7,89778650427664e-02;0
5,04872764912009e-03;0
-5,98782483947152e-01;1
-1,40497495581107e-01;0
-5,72953014965693e-01;1
-2,97469462674099e-01;0
-1,01805240187702e+00;1
-2,16975165378125e-01;0
4,58644806611807e-02;0
7,88151403666524e-02;0
1,39181139105644e-01;0
-1,77444536942424e-01;0
-6,18328091566572e-02;0
-8,43109356511234e-02;0
-6,09870912421399e-02;0
-1,13939485678017e+00;1
1,67093697617791e-02;0
-8,78975692686463e-03;0
9,50182550813020e-03;0
-2,41456520157753e-01;0
2,03927680512805e-02;0
1,15675623275625e-02;0
-1,77282019628849e+00;1
1,77462183129247e-01;0
-1,27530416324667e+00;1
-9,49509424363682e-02;0
-2,91669099154540e-04;0
-1,59042214255366e-02;0
4,54105724555084e-03;0
-1,01448443933718e-01;0
-1,38344405854854e-02;0
7,52494976899686e-02;0
-9,89743862718536e-02;0
-1,13271121912433e-01;0
-4,50978257986209e-02;0
-3,23299481202761e-01;0
-2,40196895653790e-02;0
4,59996260286909e-02;0
-6,58694785703013e-02;0
-7,98563286068446e-02;0
-1,75462222844438e-03;0
-3,33855180224094e-01;0
7,49610705091507e-02;0
-2,04692419250325e+00;1
3,66889558898015e-02;0
-8,37742907767800e-01;1
-7,21617705340004e-02;0
-1,22145673727625e+00;1
-4,95842786971252e-02;0
-7,62053104753280e-01;1
-1,91918480460309e+00;1
-6,15275470830836e-01;1
1,48391913483222e-01;0
2,63419913586043e-02;0
-2,49980734001366e-02;0
-9,56470707294005e-01;1
-1,86934652463170e-01;0
-6,47247660484224e-02;0
2,50872687491985e-02;0
-1,15182892983629e-02;0
5,61336181833927e-02;0
-1,25263774015537e-01;0
-1,36895326182317e-03;0
6,88861019037575e-02;0
-6,40694067792550e-02;0
NA;NA
-9,42577299471164e-02;0
5,33232048565592e-02;0
6,98816662974650e-02;0
-1,12893330027444e-01;0
-7,62144154844411e-03;0
-1,17695430662757e-02;0
-1,05818964035299e-03;0
4,45777505252745e-02;0
9,42192815100488e-02;0
-8,15935490793474e-02;0
-4,83865329152227e-02;0
-6,90893214281076e-03;0
-8,02206855191574e-03;0
-7,94544650647747e-02;0
-2,99444617102060e-02;0
-1,59103131621144e-02;0
5,31234589522576e-02;0
5,57072130556356e-02;0
-1,61113097572316e-01;0
-4,74630823527287e-02;0
-2,42769414430908e-01;0
2,40485071327341e-02;0
-7,85576167069987e-02;0
-6,16128228647140e-02;0
5,25700577937145e-02;0
8,12309057666658e-02;0
5,65623868412574e-02;0
1,01728797916702e-01;0
-5,50992963136576e-02;0
3,53223001802325e-02;0
-1,81918926943061e-01;0
-1,92795106135563e-02;0
-3,77988502222450e-02;0
1,35355891823002e-03;0
-1,39881132023821e-01;0
9,76722408710034e-02;0
9,88615259915029e-02;0
2,38882629401775e-02;0
-3,52557590121217e-01;0
-4,82394829786085e-01;0
-3,63653949662011e-01;0
-6,03355205936605e-02;0
-5,36626306006476e-02;0
-1,40345268715386e+00;1
-2,89557470962348e-01;0
-1,26993014477118e+00;1
-2,03197921947576e+00;1
-1,10365615394034e+00;1
-2,16728096903224e-01;0
4,70969198206285e-02;0
-2,16752592403796e-02;0
-3,09408859572329e-02;0
-9,54033483094588e-02;0
-7,19319152245087e-03;0
-1,44857291942173e-01;0
-3,37933976318582e-02;0
-1,08268010358481e-02;0
-9,53916204983840e-02;0
-6,52122312133414e-02;0
4,46239673375187e-02;0
-5,23195853633949e-02;0
-3,55438386930179e-02;0
-1,22317832628700e-01;0
6,68141424678444e-02;0
1,88227453216898e-02;0
2,49884697108245e-02;0
7,13797953767288e-02;0
-1,19468034842931e-01;0
-2,33350114006897e-01;0
-7,85151043810231e-03;0
-1,89800258485492e-01;0
-3,60263847806169e-02;0
-3,33884083246041e-02;0
NA;NA
-2,18305405843403e-02;0
-1,91018437256562e-02;0
1,58655920145139e-02;0
-5,18079413652091e-02;0
-1,00884293581666e+00;1
-2,27444971953597e-01;0
5,36459583915370e-02;0
-2,12192387473982e-03;0
NA;NA
-1,44039453911156e-01;0
-3,57976031019110e-01;0
NA;NA
7,49368547358470e-03;0
-7,04814237400704e-02;0
-6,11486167980592e-02;0
-4,75988913648215e-01;0
-2,64195858553804e-04;0
-1,67829496098111e-01;0
-2,20999110106305e-01;0
-2,34781676370275e-01;0
-1,91070365701713e-01;0
-1,49811776856581e-01;0
-5,39963162254749e-03;0
-1,98560213516348e+00;1
4,56481170451447e-02;0
-4,68815822983889e-02;0
1,59787117356375e-03;0
8,83684637295449e-02;0
NA;NA
-2,81534348865328e-01;0
NA;NA
NA;NA
-4,15837726645601e-01;0
6,35049768981476e-02;0
1,67988663551783e-02;0
6,55058759625969e-02;0
3,76539053276069e-02;0
1,99951566901799e-03;0
-3,39413709586535e-01;0
3,69629386318418e-02;0
-2,63337230676578e-02;0
6,41873480691772e-03;0
1,13964108548162e-01;0
1,18537221721747e-01;0
5,86924312771311e-02;0
-7,99976527501274e-02;0
-3,98373988601330e-02;0
8,48667306076508e-02;0
2,73733228503821e-02;0
8,33138396936040e-03;0
9,73360912026688e-03;0
-4,89646660621161e-02;0
6,98608442867259e-02;0
6,59503257756117e-02;0
1,53989648268394e-02;0
2,40040924548142e-02;0
1,42399069671110e-01;0
-2,47470273251605e-02;0
-1,86835113531145e-01;0
6,24615547497749e-02;0
6,58929580887002e-02;0
NA;NA
1,10951523137070e-01;0
NA;NA
1,19066284328163e-02;0
9,15159995209249e-02;0
NA;NA
1,70343978881846e-02;0
-6,25997599673330e-03;0
-2,59223670079659e-01;0
-1,54053158172897e-01;0
8,95266690608854e-02;0
-3,57597695272894e-03;0
-5,62551635794217e-02;0
4,73796614969592e-02;0
7,91072607199338e-02;0
5,03216697092935e-02;0
-1,43276043302852e-02;0
3,03077525355306e-02;0
-5,43492281696351e-02;0
1,96172619206413e-02;0
8,83780611238840e-03;0
NA;NA
NA;NA
NA;NA
-2,70835854394148e-02;0
1,42255427734827e-01;0
NA;NA
3,48495319412513e-02;0
1,30351367501331e-01;0
1,34702706956152e-01;0
4,26789726221110e-02;0
1,27874073022988e-01;0
-1,36561699793737e-02;0
2,27993268567986e-02;0
4,34131916018983e-02;0
9,34450269371160e-03;0
-2,36506103259751e-02;0
-4,75418681902328e-02;0
-6,93304560161121e-02;0
1,29892136824003e-01;0
9,66190191258121e-02;0
2,52286534699396e-02;0
1,64588718921669e-01;0
1,05803230990537e-01;0
2,61363018264766e-02;0
-8,91028837469867e-02;0
-3,46553851607566e-02;0
1,55687581645765e-01;0
-6,61927613091905e-03;0
1,54581649208286e-02;0
6,35135605078553e-02;0
3,55890232487226e-02;0
6,26197364508185e-03;0
1,53640304061589e-02;0
2,74304729424900e-02;0
1,88781125868310e-02;0
1,22206079674019e-01;0
-1,29348938072072e-01;0
-4,37840917490955e-01;0
-5,64570032577228e-02;0
-3,24227905529502e-02;0
9,97440667087012e-02;0
6,20016563119779e-02;0
-1,20795031228783e-02;0
2,16283793330194e-02;0
-9,24232900435621e-02;0
1,48125582752553e-01;0
2,98159987855282e-02;0
-1,66515450929631e+00;1
1,22768712102047e-01;0
-1,62232929575139e+00;1
-2,16917688924793e-01;0
-1,66601513859091e-01;0
-1,45534179862134e-01;0
1,39606801738350e-01;0
-1,98167130836941e-02;0
-8,23823771238854e-02;0
1,16085546793557e-01;0
-1,81745652617154e-01;0
6,49619312350751e-02;0
-1,98629263623765e-02;0
1,14717260572849e-01;0
-6,68802109623577e-01;1
-8,83901538421780e-02;0
3,90418923244513e-02;0
-1,02909059062197e-01;0
2,42126409794994e-02;0
-1,42728824144782e-01;0
-1,49669844329272e+00;1
-1,24544403454818e-01;0
8,37632302853856e-02;0
3,06116070946708e-02;0
-5,10547148106261e-02;0
-2,25192529929399e-01;0
7,01201704458713e-02;0
-4,81360530223842e-02;0
1,09991903258410e-01;0
4,23698266465138e-02;0
1,13601705293645e-01;0
-1,57995834512877e-02;0
-1,47472053804036e-02;0
8,62070793176390e-02;0
-2,28458941221899e-01;0
-6,68875760306122e-03;0
3,78331948536089e-02;0
-3,08406933700040e-01;0
-5,15992529613572e-03;0
8,65942310410536e-02;0
-9,12898804327930e-01;1
-1,01143979675785e-01;0
1,14372790573554e-01;0
4,66927037376583e-02;0
-6,36033593058224e-03;0
-1,60194086524357e-02;0
-9,29504936773136e-03;0
-1,26212017353392e-01;0
-3,46948305807487e-02;0
1,30329204587860e-01;0
-4,88314368663040e-02;0
-9,16229143636122e-01;1
-8,84504131937746e-02;0
-1,99855260720607e-02;0
1,78535429769256e-01;0
-6,82784749615314e-02;0
-1,35573602822170e-01;0
2,83027601449691e-02;0
5,43791972665662e-02;0
-1,12379531439728e-01;0
-1,47573127333427e-01;0
-5,52169538686725e-02;0
7,37566099722243e-02;0
-8,18662569643805e-02;0
1,50635213488914e-02;0
8,16578334604928e-02;0
6,28576957232033e-02;0
-9,89659133217844e-02;0
-2,12538558701617e-01;0
8,52163218880139e-02;0
-5,95286070078289e-01;1
1,98085164911838e-02;0
-9,81447751978617e-02;0
4,22038268044511e-02;0
7,16981086147460e-02;0
-6,80565302473558e-02;0
-3,07971479725359e-01;0
2,86295309923732e-02;0
-3,12623690258807e-02;0
-8,16694208783456e-02;0
-6,57365604039429e-02;0
-5,38149888722083e-02;0
-7,29318760065914e-01;1
-1,09127528666328e-01;0
-1,85096610492073e-01;0
-3,48984394013944e-01;0
-1,50484748560567e+00;1
-1,85436366098078e-02;0
-5,45381994635981e-02;0
-1,51698497974399e-01;0
-2,65608304504584e-01;0
5,67056882903386e-02;0
-4,85527073311390e-01;0
-1,44541060047565e-01;0
9,31815741509328e-02;0
1,21088440218248e-01;0
-2,31616862126184e-01;0
7,88711419161182e-02;0
-2,12127532515220e-01;0
9,18068851721885e-02;0
3,86876030197690e-02;0
4,50786841617062e-02;0
1,67287464489978e-01;0
1,19434855951817e-02;0
-2,69499743968067e-02;0
-5,13959575562994e-03;0
1,10389366761244e-02;0
-1,17852692561952e-01;0
-5,76202024417210e-02;0
-2,89113274694680e-02;0
8,41174317007987e-02;0
8,26037550529107e-02;0
3,83700714694032e-02;0
-2,18813282010447e-01;0
2,40949239281539e-02;0
NA;NA
NA;NA
1,04107044846084e-01;0
4,13520934462294e-02;0
-6,88186083454070e-02;0
-3,06725147161789e-02;0
-6,21808388852148e-02;0
NA;NA
-8,88650934068378e-02;0
-4,47932914920989e-01;0
-2,87190143019843e-01;0
-4,54948510243498e-01;0
-1,13795993705770e-01;0
-6,12704700398010e-01;1
5,52097828739314e-02;0
1,23837452811532e-02;0
-1,65405937116489e-01;0
-4,49424201305640e-01;0
-5,64338330199014e-01;1
-9,26390924476449e-01;1
-4,39033010286252e-01;0
-1,62688637569719e-01;0
-3,41169337592800e-01;0
-2,61882435036337e-01;0
-5,77464893873547e-01;1
-3,38869572250134e-01;0
1,36732788719565e-01;0
-4,50031976294764e-02;0
1,71616571050524e-03;0
1,01937216859888e-02;0
-8,09250296926936e-03;0
-1,92385180417829e-02;0
-2,05927914517920e-02;0
1,24131666745890e-01;0
-1,66956077712797e-01;0
-4,52063354815155e-02;0
3,06290244732505e-02;0
-6,94159937841184e-02;0
5,47555926922391e-02;0
-2,33007723431700e-03;0
5,01406204273560e-02;0
1,16502727705862e-01;0
3,67919833824665e-02;0
-6,80114096101748e-02;0
-3,27709804390698e-02;0
NA;NA
4,97031946620828e-02;0
1,32881787977766e-01;0
2,11643098495068e-02;0
5,36348215515133e-02;0
2,41392377022752e-02;0
5,01707897703336e-02;0
-1,19255262554432e-02;0
8,01289228503214e-02;0
2,04826717318618e-01;0
1,23983297848082e-01;0
-6,91060779031616e-02;0
-1,10316121462361e-02;0
-6,75205311679703e-03;0
8,25429384087937e-02;0
5,38485765142518e-02;0
2,44309093448892e-02;0
NA;NA
-1,17359248490766e-02;0
-1,56658818049965e-01;0
-1,22756270358128e-02;0
-4,74747097005363e-02;0
-1,31150503646330e-02;0
-2,25566256778331e-02;0
-8,85041931506587e-02;0
5,88852258461179e-02;0
4,58234910789175e-02;0
6,60429055933534e-02;0
-4,30389147457468e-02;0
-1,87450090452840e-02;0
8,61779487969321e-02;0
-7,33146584194818e-02;0
-5,85400707434388e-02;0
-1,07986213287473e-01;0
-1,80813213137944e-01;0
-8,45337174805632e-02;0
-2,01864978496642e-01;0
-1,78458186249913e-01;0
-1,42149588119202e-01;0
-2,21500863593612e-01;0
-4,28025244899853e-02;0
-1,49979850156679e-02;0
-1,79396134727701e-01;0
-1,80207349701991e-01;0
-2,40380708039574e-01;0
-2,09972784470786e+00;1
-2,37921474843818e+00;1
-2,19465993231190e+00;1
-1,26364963998677e+00;1
-1,56226434469726e+00;1
NA;NA
-1,56363299600107e-01;0
-9,89148902034672e-01;1
-8,00943111227908e-01;1
-1,02411566408006e+00;1
-1,79862620477275e+00;1
-1,84510284208359e+00;1
-1,99746892929735e-02;0
8,06223212786999e-02;0
-1,06776625087867e+00;1
-2,23574318871170e-01;0
-1,34369200367424e+00;1
NA;NA
-9,30191889827346e-02;0
-3,05588345249516e-02;0
-4,42003729363670e-01;0
-1,36069484428523e-01;0
-6,10763743528222e-01;1
-2,60997531178406e-01;0
-9,92215448044624e-02;0
-2,65949670204796e-01;0
-4,15086536813124e-03;0
-9,45384319407865e-02;0
-1,17291276625237e-01;0
8,37632932784558e-02;0
-5,92868050500505e-02;0
1,12026439032895e-02;0
-9,14027187691826e-02;0
-2,48552972777813e-02;0
5,48419044595742e-02;0
-2,89780183855057e-01;0
-8,44243062354880e-02;0
-1,17423186808654e-02;0
1,60264969597020e-02;0
-3,39703704903072e-01;0
-4,12365544664117e-01;0
-1,43404438210475e-01;0
-3,67113132128339e-01;0
-1,58659466708274e-01;0
-8,39253373231400e-01;1
-3,05891088908463e-01;0
-2,12700702698713e-01;0
-5,10793307055142e-01;1
-3,00709468568749e-01;0
-9,22380644860057e-02;0
-5,12091702714139e-01;1
-5,11181031960845e-01;1
-5,42721684420775e-01;1
-9,32115723885313e-02;0
-3,92193520876350e-01;0
2,54161096349938e-03;0
-4,47081723729082e-01;0
7,30435698507968e-02;0
NA;NA
-1,20469386580316e-02;0
-6,32599303313708e-01;1
6,06088720611956e-02;0
-7,27751180279189e-01;1
-1,36929415419354e-01;0
-5,27851472700062e-03;0
1,04805213817528e-01;0
-6,88293959764854e-03;0
3,98764461840768e-03;0
9,51787041248796e-02;0
3,47001595924794e-02;0
-3,90684876555269e-02;0
-4,59096566457925e-04;0
-4,17833842230869e-01;0
-2,61448964157231e-01;0
-7,84575853938669e-02;0
-7,54600576612743e-03;0
-1,75548053059809e-01;0
-1,28024775751005e-01;0
-7,94917920732524e-02;0
6,92259337359870e-02;0
2,42161443697002e-02;0
6,50687832372578e-02;0
3,63327513405652e-02;0
NA;NA
2,29940727663590e-02;0
-1,43662465835833e-01;0
1,28135331430862e-01;0
5,01236779568920e-02;0
1,21367294044365e-01;0
2,10038878872740e-01;0
-1,28327151440891e-01;0
1,75859940326441e-02;0
-3,16034702185386e-02;0
-6,80482553560293e-02;0
-1,58949114852101e-01;0
-4,63198784255998e-02;0
5,78005331463938e-02;0
-1,86208172131102e-01;0
-1,32701966039790e-01;0
-3,27516510999066e-01;0
4,53977146813579e-02;0
-1,73888959801066e-02;0
6,85081761346211e-02;0
-3,36155329772226e-01;0
9,61665861261537e-02;0
-8,67960593669397e-02;0
5,33110632910339e-02;0
-1,31442499023994e+00;1
-1,44886955268245e+00;1
-1,42327297779367e+00;1
-1,81454666278539e+00;1
-1,97318418208106e-02;0
-8,69349099189103e-01;1
-7,62859450663822e-02;0
-1,65624000431846e-01;0
-6,88067348132422e-02;0
-1,76925672329380e-02;0
-1,64053718059883e-01;0
7,71017309992594e-02;0
2,15141352074876e-02;0
2,29838428409965e-02;0
5,85533025323286e-02;0
1,12656398053424e-02;0
-5,18886585404404e-02;0
NA;NA
-2,05135608340061e-01;0
3,20385985075228e-02;0
4,42550330086886e-02;0
-1,01656243529050e-01;0
-1,18643465757074e-01;0
-2,01840292171636e-01;0
3,05142570306484e-02;0
-9,68084547591212e-02;0
1,16972298111421e-01;0
-2,24218768397185e-01;0
-8,13292022573069e-02;0
8,99856407522011e-03;0
-7,33253428798782e-02;0
2,93071920988949e-02;0
9,32505388025060e-02;0
-1,64802345869393e+00;1
-2,22133008238986e-01;0
-9,10586942774999e-02;0
-1,37549240833951e-01;0
9,99189167324906e-02;0
6,48202521392370e-02;0
1,34023376969427e-03;0
-1,95181824192505e-02;0
1,61488891251932e-01;0
-7,61100977002745e-02;0
7,88016503888422e-03;0
4,57279035166658e-03;0
-7,84771247913858e-02;0
-1,04738136851573e-01;0
-3,64288057765112e-02;0
4,00266413190998e-03;0
1,89529825993174e-02;0
1,66023299561169e-01;0
-5,66956621892012e-02;0
-7,11102187199152e-02;0
-6,48078144476807e-02;0
2,00741069160385e-02;0
2,90328731534019e-02;0
5,11825112716219e-02;0
2,08428245162819e-02;0
-1,03550331470890e-01;0
-1,77428299502334e-01;0
-5,78648950445696e-01;1
-9,15462869927602e-02;0
2,08623454828196e-02;0
1,05366377815413e-01;0
1,34302065397995e-01;0
3,75905189618706e-03;0
-1,64214583853663e-01;0
-7,96195132033707e-01;1
-5,19765964391298e-02;0
NA;NA
-1,34794928195219e-01;0
-5,88842452099572e-01;1
-7,06234607178998e-02;0
-1,76316986329092e+00;1
1,59938210095860e-02;0
-1,85205944256921e-01;0
NA;NA
7,62721734923015e-02;0
-6,34497226199896e-02;0
-1,96829972547232e-02;0
-4,32659192983881e-03;0
-4,75031688909587e-02;0
-5,20505954464795e-02;0
-1,93073307951471e-01;0
-7,77867428379724e-02;0
-1,91054022775652e-01;0
5,87129784695649e-02;0
4,17022172476218e-03;0
4,35495385672225e-02;0
-2,01923720596952e-02;0
-1,49693891967261e-01;0
-3,89632529076517e-02;0
-5,80017660209725e-02;0
7,25608995089924e-02;0
1,00339019856631e-01;0
-4,27837994707787e-02;0
1,26356984926098e-01;0
NA;NA
-7,28963468990716e-02;0
-1,51723893883828e-01;0
-1,68361071998284e-01;0
-3,84083547841001e-01;0
-2,30931533493791e-02;0
-5,06845982465678e-02;0
9,07898099880978e-02;0
1,11513525766217e-02;0
1,28196071933326e-02;0
1,88238001278455e-02;0
-4,27020799306889e-01;0
-1,60041282777463e-01;0
NA;NA
NA;NA
-1,42761970674124e-01;0
-3,22959281633324e-01;0
-1,97944395967493e+00;1
4,95610281482065e-03;0
-3,11426673303494e-02;0
-3,48851309182972e-02;0
NA;NA
-5,76080939646480e-02;0
-1,21906669982015e-01;0
-1,10256922909899e-01;0
2,87307933993898e-03;0
4,47898191359175e-04;0
NA;NA
-3,65173914729167e-02;0
-3,87835246631638e-02;0
-1,74016665156931e-01;0
1,67213352462304e-02;0
-2,25539674145614e-02;0
-3,47562182621285e-02;0
5,27796704828198e-02;0
1,18734403822927e-02;0
5,83168805885324e-02;0
-7,65908269148309e-01;1
5,40198113827640e-02;0
-4,66269047575675e-02;0
-7,64239949652188e-02;0
-9,93993111197213e-02;0
8,90733830188448e-02;0
-8,87511065149927e-02;0
-1,26714878057273e-02;0
NA;NA
NA;NA
-1,11473298836363e+00;1
-1,56898241562250e-01;0
-6,68233154985936e-02;0
-5,42038546694939e-02;0
2,95224732859384e-02;0
-1,99507996307927e-02;0
4,26877256934176e-02;0
4,96080547443765e-02;0
1,00871802809389e-02;0
7,54524196781929e-02;0
3,71960667488211e-03;0
7,99766218227096e-02;0
1,08088235649073e-02;0
-7,77943521793857e-02;0
-4,80125554798030e-02;0
6,46904189265942e-02;0
-1,38905943369272e-01;0
8,34603332644600e-02;0
5,89094668244968e-02;0
1,19324495852081e-01;0
1,03737534865953e-01;0
-9,85767350997646e-02;0
9,10565854273159e-03;0
-1,00759238922593e+00;1
-1,40457923063008e-01;0
-8,22386774278401e-03;0
-1,06590864446368e+00;1
1,81305789755853e-02;0
-5,61738267188758e-02;0
-2,37078019655586e-02;0
1,21128563690510e-01;0
4,27577831670186e-02;0
4,07340923391471e-03;0
-5,80436574410162e-02;0
NA;NA
4,67322234545429e-02;0
-2,85800793354962e-01;0
-4,69095124142618e-02;0
-3,82995023898141e-01;0
-1,90239727781265e+00;1
1,19154879233430e-01;0
-4,91170472586618e-01;0
-1,48096915233117e+00;1
-5,09146889030177e-02;0
-1,91044089599222e-01;0
1,76140304203679e-01;0
-1,19085976536634e-01;0
-4,27273397920537e-02;0
8,69245394760901e-02;0
2,59783538254563e-02;0
5,57803175727985e-02;0
-8,66122623787906e-03;0
-6,26516788570003e-02;0
-4,13946248462068e-02;0
-2,86667169045442e-02;0
1,04196315010181e-01;0
-1,59549966718169e-01;0
-9,22642741873525e-02;0
-9,27047393419182e-01;1
-4,54003474710645e-02;0
1,97540011063864e-02;0
2,42642140690859e-02;0
-6,44599096607238e-01;1
-2,08423732565912e-02;0
-8,27640748045729e-01;1
NA;NA
NA;NA
-4,11983347150410e-03;0
1,55122051751095e-01;0
2,62650980947281e-02;0
8,90357118107139e-02;0
1,44377823509323e-01;0
1,35271844690327e-01;0
8,22965900791623e-02;0
-1,76207296593835e-01;0
-3,47930408754266e-02;0
-4,99243118043837e-02;0
-1,45978384842044e-01;0
-1,18967004101986e-02;0
-1,11305682759141e-02;0
-2,08336369656632e-02;0
-3,25213378603320e-02;0
-8,95133946388756e-02;0
1,85546054971744e-02;0
-1,81726343813645e-01;0
1,27711523750423e-02;0
9,31160971454666e-03;0
-4,31482878231993e-01;0
-7,10349761227812e-01;1
-2,72627284178432e-01;0
5,23897428102480e-02;0
5,77864585680750e-02;0
NA;NA
-8,04970828253748e-02;0
-8,40374157522496e-02;0
8,59541610009717e-02;0
-7,51763523801989e-01;1
-6,21198536358107e-01;1
-5,16283158277744e-01;1
8,99982522667260e-03;0
-1,78152010147013e-03;0
1,90785700724327e-01;0
-1,86161373555509e-01;0
-1,44883140029891e-01;0
-1,31250996251907e-01;0
-4,82224403755933e-03;0
1,09162750907030e-01;0
-9,43923604513141e-02;0
2,01782882721673e-02;0
NA;NA
-1,43836989777158e+00;1
-4,06307157734472e-01;0
2,87968911591527e-02;0
-1,55325112740162e-01;0
-5,56550735459150e-01;1
-1,37982186245632e-02;0
5,54797207629814e-02;0
9,87474136896844e-02;0
NA;NA
-2,77777848958603e-01;0
2,33888325058094e-02;0
3,77356715300872e-02;0
-5,37026974934705e-02;0
6,45432837401739e-02;0
-4,02597393283885e-02;0
-3,60811869883359e-02;0
-3,71326521131431e-02;0
-1,97557825518294e-01;0
-2,13004360360920e-02;0
5,11996471268297e-02;0
2,53304043609921e-02;0
2,78597091307456e-02;0
6,30482440875374e-02;0
4,24827913969436e-02;0
-2,27836774433414e-02;0
2,20949657918095e-02;0
1,98712365879605e-02;0
8,22293662553815e-02;0
1,49794759079042e-01;0
-3,88561632358871e-01;0
-9,24300495297376e-03;0
4,38432986588754e-02;0
3,84678636272872e-02;0
-8,05438182092165e-02;0
5,57084072418161e-02;0
1,54626309608663e-01;0
-2,05948083138888e-01;0
-6,56145445631759e-02;0
-1,78579750808755e-01;0
-8,80213806372175e-02;0
5,79194822232851e-02;0
-2,22947222270320e-01;0
4,55475327255420e-02;0
-4,60151435195622e-02;0
2,14761268679375e-02;0
1,43745354840221e-02;0
1,01353264472224e-03;0
-2,46655850844168e-01;0
7,71747902366608e-02;0
-4,09388716924264e-02;0
5,91155572334208e-02;0
-2,46922354526961e-02;0
-7,52280918776905e-02;0
-5,88211699941818e-01;1
-1,05433287254327e+00;1
-2,87113008626552e-01;0
NA;NA
-1,37236185301824e-02;0
1,47677342254211e-01;0
9,16945680505853e-02;0
-1,16075493158801e-01;0
-9,51853105405807e-02;0
1,10920611093010e-01;0
5,13466764604373e-02;0
-4,10118506472882e-02;0
-3,21257121715946e-03;0
5,20831542879595e-02;0
-2,31036050850155e-02;0
4,79073854568768e-02;0
1,36730466546978e-01;0
-1,42033918638474e-01;0
5,17730294120224e-03;0
-1,71977013864614e-01;0
8,48972370326867e-02;0
-8,01804104502514e-02;0
-3,07506104459034e-02;0
-2,77754237243088e-01;0
-4,27242829442515e-03;0
-3,13258327549126e-01;0
4,26612705921818e-02;0
1,03100685032003e-01;0
3,11939723711944e-02;0
-4,85242519563139e-02;0
2,74065392615455e-02;0
-3,49628157398013e-02;0
1,06575277961938e-01;0
6,53735191043890e-04;0
2,78276867207192e-02;0
-6,70872244482379e-02;0
-3,36306719613557e-02;0
1,00756203145315e-01;0
-4,56589591107398e-02;0
-8,25215591161490e-02;0
-6,17617202549459e-02;0
8,99081736891525e-02;0
2,87757395571281e-02;0
-1,00363765835214e-01;0
-3,47720489439946e-02;0
7,24557762007773e-02;0
3,14869325418163e-02;0
4,70357117236492e-02;0
4,79298813150399e-02;0
-1,20388898552752e-01;0
-2,70247231759616e-01;0
-1,01639178246386e-01;0
-2,01981569839997e-01;0
-8,20620628149483e-02;0
2,10055114329462e-02;0
NA;NA
1,44786690272570e-01;0
-9,67140801351071e-02;0
-2,64460078375376e-02;0
7,95556170925817e-03;0
2,54295952891080e-02;0
1,22978928725679e-01;0
-5,72916289719142e-02;0
6,19347831467797e-02;0
1,48362661909839e-01;0
9,21230520604591e-02;0
-1,97253536593261e-01;0
5,00189536964707e-02;0
4,70088236740221e-02;0
NA;NA
1,04881856569836e-01;0
-6,69061874416400e-02;0
-5,57762716559606e-02;0
-4,76910509140003e-02;0
-6,29528499956481e-02;0
-7,44056378900549e-03;0
1,51114310767408e-01;0
NA;NA
-1,99773901738882e-01;0
-1,81968522881098e-02;0
1,17401050417599e-01;0
4,30312253722517e-02;0
-3,22309762394347e-02;0
7,56051506135995e-02;0
1,58299858449551e-01;0
-9,78620199075652e-02;0
4,88763661959795e-02;0
4,44805574687303e-02;0
1,06915247130983e-01;0
-1,41039418045449e-01;0
-1,85509399186415e+00;1
-3,90221532410616e-02;0
-1,14855399872702e-02;0
-1,33649262110293e-01;0
-1,02228681506087e-01;0
-1,52531236076939e-01;0
-8,30647059524978e-02;0
3,64087556698330e-04;0
-1,31561915555243e-01;0
-6,14297883841461e-01;1
7,62770182371423e-03;0
-7,44247346225690e-02;0
6,31185946429530e-03;0
-2,03839256014137e-02;0
6,67471760299062e-02;0
-1,55178801806068e+00;1
-3,10681267125265e-01;0
4,33330695314282e-02;0
-2,94157116748675e-01;0
-2,19347678622450e-01;0
-1,11896249604686e-01;0
-9,45335853016822e-02;0
-8,26520256191921e-01;1
-1,15115293143094e-01;0
5,86400080894796e-02;0
-1,30687962224843e-01;0
1,22633289737850e-04;0
-1,35820618282367e-01;0
1,54652096638234e-01;0
-4,68201560208586e-02;0
-1,20237322158720e-01;0
-2,34571150843670e+00;1
-8,31127385058600e-02;0
NA;NA
-1,17126850965241e-01;0
NA;NA
-1,50403840471480e-01;0
1,77658087397343e-02;0
-1,55150375009065e-02;0
1,35064767049528e-01;0
7,75075546254614e-02;0
NA;NA
-2,21099250593216e-01;0
5,14934409598483e-02;0
-1,08807603563382e-05;0
-1,19909040631790e-01;0
-9,88916614055053e-03;0
-4,75777135035080e-02;0
-2,59493903918633e-02;0
-2,66609960718294e-01;0
NA;NA
-8,09760271065401e-02;0
7,28161328124017e-02;0
-2,51783314104090e-02;0
-1,94699191173177e-01;0
-6,00545243810298e-02;0
9,97574551098216e-02;0
5,99065841466754e-02;0
9,76298701783484e-02;0
-2,50746136027100e-02;0
1,79858463987933e-01;0
-4,80290566517977e-02;0
-1,23195350427378e-01;0
NA;NA
1,89247777546619e-02;0
3,74949808612355e-02;0
2,48943101500402e-02;0
-5,91801877682172e-02;0
-2,45681634078954e-02;0
-6,35189285043955e-02;0
5,73777033528986e-02;0
-7,16828594110779e-01;1
5,84406604589423e-03;0
3,89853760849210e-02;0
NA;NA
6,16222087634925e-02;0
-1,84632402208500e-01;0
-2,14959182461690e-01;0
-8,18521630925086e-02;0
-1,43040779320098e-01;0
7,51570911893528e-02;0
3,68489943845787e-02;0
5,01339603527735e-02;0
-3,87776791428577e-01;0
-9,30741269299830e-01;1
-7,18728430390917e-01;1
-7,57445793358047e-01;1
-1,23534126258325e+00;1
-1,19495646276066e+00;1
-1,14521779825980e-01;0
-4,49925255844720e-02;0
3,06633326335554e-02;0
1,34925609333700e-01;0
3,84749893567683e-02;0
7,34514747237062e-03;0
1,53857550916324e-01;0
-7,05643447723877e-02;0
-4,05353295556830e-01;0
9,33473292060766e-02;0
1,41507567297029e-02;0
-2,09085748989473e+00;1
-9,52608780904715e-02;0
7,11634162213142e-02;0
-4,95243717211124e-03;0
5,39235324578034e-02;0
5,98642105573383e-02;0
-1,30790979970327e-01;0
8,33070709171687e-02;0
-1,70550611704924e-01;0
7,05951340579284e-02;0
7,84185484499055e-02;0
-3,66591586562886e-01;0
1,71336421921660e-02;0
-9,47561949858277e-01;1
3,38479890402113e-02;0
-2,47712071285028e-02;0
-2,41660842785355e-01;0
-3,77736994722623e-01;0
-1,58580586087947e+00;1
-9,41231208605511e-01;1
-2,03821725191249e-01;0
-1,44887140891385e+00;1
-3,28647837477833e-01;0
-2,09505917593600e-01;0
-1,04580825834878e+00;1
-1,00502652129574e+00;1
-1,09707765970910e+00;1
-8,05086902703820e-01;1
6,66741099874983e-02;0
-9,96531560624367e-01;1
-3,08067109620212e-01;0
-1,52270155364416e-01;0
-2,19653875716863e-01;0
-6,36357457525429e-01;1
-9,96486234085619e-01;1
NA;NA
-3,54253555832609e-02;0
-1,42176524749679e+00;1
-1,09008709950987e+00;1
-1,10236903520358e-01;0
-7,50342235821224e-01;1
-1,54187962211899e+00;1
-2,00197454521943e+00;1
-6,50063191031932e-01;1
-1,44170737073617e-01;0
-1,06646812544710e+00;1
-6,29835719605992e-01;1
5,94615337766046e-02;0
-1,58951957440741e+00;1
-1,39880738964375e+00;1
-2,14514978818992e+00;1
-8,27647389652734e-01;1
-7,25239210136302e-01;1
1,14510940666804e-01;0
1,03717294519285e-01;0
3,80125313069046e-02;0
-1,56719697896582e-02;0
7,68056605734560e-02;0
-5,49139328819109e-02;0
8,59322932278861e-02;0
6,48028042996044e-02;0
-1,46494043881535e-01;0
6,82019626652979e-02;0
1,08001763278392e-01;0
1,82682660268937e-01;0
9,63876826570656e-02;0
NA;NA
1,55127700517157e-01;0
1,00140613068776e-01;0
7,72078706350069e-02;0
NA;NA
-1,58715563140655e-01;0
-3,25039333681180e-02;0
-6,79379141566422e-02;0
6,02909050861647e-02;0
7,57843401375721e-02;0
1,36529040125077e-01;0
8,43485369344831e-02;0
3,62600830670017e-02;0
9,13342633736200e-02;0
9,28705768904836e-02;0
1,78239212439103e-02;0
-2,18825827060801e-01;0
NA;NA
5,35194823295983e-02;0
NA;NA
NA;NA
1,10979309077035e-02;0
1,29748082570592e-01;0
1,18761384376933e-01;0
1,35973802427302e-01;0
2,90454431072036e-03;0
-1,60826068183442e-01;0
2,81943215651876e-02;0
-1,41497152894466e-03;0
-2,82829298317809e-03;0
-1,60581722643899e-01;0
-8,28621703532416e-02;0
-2,47953130533153e-02;0
-1,40542998931769e-01;0
-1,08156495996364e-01;0
6,31646999227979e-02;0
-1,31114521975930e-01;0
-1,22742624935819e-01;0
9,79253086183296e-03;0
-3,40398563772158e-02;0
5,38176740590949e-02;0
1,73525659579082e-01;0
-1,36935597205667e-02;0
-8,87757378141879e-01;1
-2,76480759239503e-01;0
8,99799268084000e-02;0
7,60071500525564e-02;0
7,61706183183280e-02;0
7,51428780326872e-02;0
-8,56991538994293e-02;0
-4,21899557786665e-02;0
4,54221391425910e-04;0
-1,15852601933097e-01;0
-3,00853675607664e-01;0
-6,89391781973928e-02;0
NA;NA
1,95443765218947e-03;0
-1,45118193603846e-01;0
7,12896458531655e-02;0
-2,59003451523075e-01;0
9,97621493305779e-02;0
NA;NA
3,39515314861982e-02;0
-1,23090162440952e-01;0
-2,32961439066146e-02;0
1,17258652013964e-01;0
9,23769809301593e-02;0
-1,07190003097840e-01;0
-1,54995157558615e-01;0
-9,02014642573238e-02;0
-4,68864031013864e-01;0
-9,77103026380540e-02;0
9,30771197631492e-02;0
-7,77235421376943e-02;0
-5,92733907243474e-02;0
6,78220445669472e-02;0
-1,78164273561596e-02;0
6,49310928274083e-02;0
NA;NA
1,03761342992563e-02;0
-1,04569081636888e-01;0
3,95074243628506e-02;0
4,08063662470881e-02;0
-1,84215475125373e-03;0
-8,38578072193790e-02;0
-2,18379516956254e+00;1
2,33923960051108e-02;0
NA;NA
-4,72122410425452e-01;0
-1,39226777900651e-01;0
-3,37690597902570e-01;0
-9,81131354315269e-01;1
-1,24289939769086e-01;0
-1,56777410572327e-02;0
-7,17953830334937e-02;0
-1,05567431696186e-01;0
-7,07428165249723e-02;0
-4,29142129097773e-02;0
NA;NA
NA;NA
-1,71896582847182e-02;0
-7,42583419151897e-02;0
9,99748289404383e-02;0
1,44466318357861e-01;0
NA;NA
1,05746456175220e-01;0
-1,34599439260843e+00;1
-1,07785741287702e+00;1
-1,01804050092505e-01;0
-1,94246941535888e-01;0
-1,92181580791548e-02;0
-1,26042854130844e+00;1
1,65055807474340e-02;0
-2,07055204524344e-01;0
-6,00450463582982e-01;1
-1,79677772310436e+00;1
-5,61592763223850e-01;1
-1,98858657154700e-01;0
-1,07514430087454e-01;0
-8,08482451510466e-02;0
-1,59861513227968e+00;1
-9,14701937298206e-01;1
-1,07123654689398e-01;0
-1,02605503076071e-01;0
4,80569612499160e-03;0
-1,74397732263067e-01;0
-5,56915735741740e-01;1
-3,46451421873772e-01;0
-8,37711700650941e-01;1
1,15414784033419e-02;0
-4,68124706605121e-03;0
4,85823722494211e-02;0
4,20525665421273e-02;0
-2,15272813731794e-01;0
1,07346535752959e-01;0
-2,80981154453009e-01;0
-9,43697971997593e-02;0
1,89969200979401e-01;0
5,54631896104988e-02;0
-5,41245780200058e-02;0
-2,57032867023444e-02;0
3,61309991257537e-02;0
-1,30193392963874e-01;0
-7,66469276463278e-01;1
-2,01224442708196e-01;0
7,07942805043223e-02;0
7,80692894471015e-02;0
4,72256066538973e-02;0
-4,27654192547768e-02;0
1,11284990241309e-01;0
-3,11339588888054e-02;0
-1,37949959614648e+00;1
-1,34411470158157e-01;0
4,16279097983900e-02;0
-4,82832761990064e-02;0
-3,98469395702117e-02;0
-6,52373308295475e-02;0
-1,83130148289331e-02;0
1,23230052390683e-01;0
-2,22935841504377e-01;0
-5,79177967759164e-02;0
6,44500501125755e-02;0
1,85642367956741e-02;0
6,41393018276799e-02;0
9,36664992070771e-02;0
-8,39823576743592e-02;0
-1,90265065543385e-01;0
1,38200357694887e-01;0
1,32330773917163e-01;0
-7,07596852863993e-02;0
9,89732168990909e-02;0
-1,93360339775058e-01;0
-1,14460570856475e-01;0
-9,46992236145517e-02;0
3,33387549597018e-02;0
-6,90699063119156e-02;0
-4,91505784892767e-02;0
-2,99748776458990e-01;0
-6,96756440658403e-02;0
-8,71504225906209e-02;0
-1,85646266048936e-01;0
-1,18513546466176e-02;0
-8,93900777325181e-02;0
-3,76916832012023e-02;0
-1,46410308689108e-01;0
-6,70854347607536e-02;0
4,04751205553491e-02;0
-1,17113967339814e+00;1
-1,56872206022323e-01;0
7,56726459317997e-02;0
-2,54245746778070e-03;0
9,16461862358338e-02;0
6,27670740552987e-02;0
-1,97467341718415e-01;0
-8,86136584745910e-04;0
-1,66177685032478e-02;0
1,20496840899204e-01;0
2,80122824355580e-01;0
1,15574609886674e-01;0
2,41703836896684e-02;0
-3,34182544303989e-01;0
-1,21635442329412e-01;0
-1,38043898554670e-01;0
-5,17457045024021e-03;0
5,78502012454049e-02;0
-3,12919828993048e-02;0
-9,70463682616825e-02;0
-6,17611889496514e-03;0
NA;NA
5,34664743037269e-02;0
-8,08594053523928e-01;1
1,22614201839466e-01;0
5,86023072770532e-02;0
-2,75328711552624e-02;0
6,52932208138910e-02;0
1,72304051290501e-02;0
-1,70204867393638e-01;0
1,15568167895424e-01;0
-9,39764921949074e-03;0
-4,07247605455713e-02;0
-8,04616175134329e-02;0
-1,16989320977387e-01;0
8,59688330092782e-02;0
2,19207853752719e-02;0
1,00702919939272e-01;0
NA;NA
-1,64563060706905e-01;0
-1,00796329073808e-02;0
-1,41205415375602e-01;0
1,14527047444930e-01;0
-5,82973231635482e-02;0
NA;NA
-5,01870866351338e-02;0
-4,07093525818420e-02;0
3,51266314929198e-02;0
-1,36043524892915e-01;0
-1,22363865419264e-02;0
3,14527294488466e-02;0
-4,27808097340508e-01;0
3,80343229559378e-03;0
-9,02486982619583e-01;1
5,03200496556998e-02;0
-2,28600730367918e-01;0
-2,01695740847426e-01;0
-2,78483161681753e-01;0
-9,43825961328564e-02;0
9,21085997228959e-02;0
8,22278957580708e-03;0
-3,81407692593558e-03;0
1,64878983600972e-02;0
-3,87096498538499e-01;0
2,14517255084897e-02;0
-7,04672649719093e-02;0
2,08296790020242e-02;0
2,76820610780724e-02;0
-1,01487652705082e-01;0
-6,22087471855982e-01;1
-2,59624543378687e-02;0
-1,64308728457211e-01;0
-6,75632528042527e-02;0
1,19164823997637e-02;0
-9,69213766325167e-02;0
-1,40416827287638e+00;1
5,17244816067644e-02;0
-2,37707786639187e-01;0
-1,71887002224858e-01;0
2,95753015955777e-03;0
-9,87450688457657e-02;0
-3,66017161890955e-02;0
8,04731400545190e-02;0
1,53160947273584e-01;0
7,22846989068553e-02;0
5,00753358737716e-03;0
-1,75666855177791e-01;0
-5,62847939059232e-02;0
8,04055249753931e-02;0
-1,91746375154766e-02;0
-7,60837982132724e-02;0
-7,45133342919836e-02;0
-8,90493107320414e-02;0
-1,00802750441043e+00;1
-1,27144705333855e+00;1
3,25232783732760e-02;0
-6,77524375952534e-02;0
2,12106177401332e-02;0
-7,59177466258144e-02;0
4,11822303907976e-02;0
6,66268651758438e-02;0
5,95926556579925e-02;0
-1,14057908552542e-01;0
6,70146118055567e-02;0
-9,63253583981724e-02;0
3,74622894270924e-02;0
5,37262530252218e-02;0
-4,19794383555771e-01;0
-1,70204300143835e-01;0
-6,20462864859366e-01;1
-1,20078534647676e+00;1
-2,12641089658889e-01;0
-7,46448063773106e-03;0
-6,66940476444340e-01;1
1,39272646219695e-01;0
3,24028878146199e-03;0
4,45483493750454e-02;0
-6,25830416420156e-03;0
-4,62676718472778e-02;0
-1,17975871619911e-02;0
-1,67126705828413e-02;0
-6,40499458364616e-01;1
-1,56296587165244e-02;0
NA;NA
NA;NA
1,12991090896883e-01;0
2,49626031354733e-02;0
7,06359629082033e-02;0
-6,40634752447304e-03;0
2,91328738256864e-03;0
-5,94537544137578e-02;0
-2,53018958095268e-01;0
-1,43791967114026e-01;0
1,13285890681774e-02;0
6,63208782907635e-02;0
-5,66272178739644e-01;1
-1,21648353534662e-01;0
1,99411613391758e-02;0
-5,30430709341645e-03;0
-2,35113764403750e-02;0
1,09321786788881e-01;0
8,19121924887003e-02;0
4,49450547050635e-02;0
-4,98750704571895e-01;0
-2,50449152848927e-01;0
-2,59013115757140e+00;1
5,49570820003334e-02;0
5,29931845985469e-02;0
-4,61471754515026e-02;0
-1,02105400389480e-01;0
-1,78911960715353e+00;1
-1,26671723209668e-01;0
-4,16522221575921e-02;0
-9,59821280590914e-02;0
NA;NA
-1,12906792068957e-01;0
-1,24409661087742e-01;0
-3,79285247550814e-01;0
4,46528584682065e-02;0
-3,52686158032531e-01;0
-3,06457012483252e-01;0
-1,00934119382622e+00;1
-1,74644692032484e-01;0
-3,20261460858003e-01;0
-1,28677968672337e-01;0
-2,30100232783694e-01;0
-3,64262398994160e-01;0
-3,20439306138632e-01;0
3,49698167541077e-02;0
-6,97554825679748e-02;0
4,46420756167398e-02;0
NA;NA
-1,40375738044251e-01;0
-2,02766277410118e-02;0
-6,16584399076216e-02;0
-3,51828908118478e-01;0
NA;NA
9,85549900729560e-02;0
-2,66320896052586e-01;0
-1,09865453436113e-01;0
1,09928736789782e-01;0
2,15411670860134e-02;0
NA;NA
-3,36770404566857e-02;0
-1,20908524554081e-01;0
-3,76925706810858e-01;0
-4,73881291887728e-02;0
3,48749232393648e-02;0
7,48028399020975e-02;0
9,91736112505824e-02;0
4,67950062092348e-02;0
-4,88754877709000e-02;0
-1,00230175904414e-01;0
-7,63952390747354e-01;1
1,02081479747053e-02;0
-1,30861487590241e-01;0
-4,53751260789787e-01;0
9,73318120760829e-02;0
-4,70607062612583e-02;0
-4,25875172567767e-03;0
1,88340021466346e-02;0
1,44539832298560e-04;0
7,61228542487623e-02;0
2,64242831641420e-02;0
-1,43975233484044e-02;0
-1,62366310753101e-02;0
1,33386765236187e-01;0
-3,56453896676083e-01;0
-1,51357059185529e-01;0
-2,96164687495224e-02;0
-7,94105131648671e-02;0
-4,32981928942821e-01;0
-1,15292559211160e-02;0
6,83747707817730e-02;0
1,15374285944032e-01;0
3,52098931575541e-02;0
1,73360859030466e-02;0
-1,99149520110641e-02;0
-2,03448328763764e-01;0
7,97803179799024e-02;0
1,07810112288460e-01;0
1,05487851139486e-02;0
-5,40720059992582e-02;0
3,08669082992140e-02;0
-1,41009157137396e-02;0
-8,45345485627906e-01;1
-7,73922745763677e-02;0
-4,04134801996142e-02;0
3,42462131442329e-02;0
-2,38564595698034e-01;0
-1,02261037386780e-01;0
-1,23612044578444e-01;0
-2,08431290278180e-01;0
-8,11304135981302e-02;0
-2,24856018986229e+00;1
4,09918550644702e-02;0
2,58189630076470e-03;0
-6,10835262357653e-02;0
5,97875119732253e-02;0
-8,87667415332341e-03;0
-2,15108207415592e-02;0
-1,91124001350814e-01;0
-1,53339000209000e-01;0
1,52529985621324e-02;0
-7,04252093568934e-03;0
-1,70396923363993e+00;1
-1,21777969492201e-02;0
-1,56247721124010e-01;0
-4,48380041107015e-02;0
-1,12778121299347e-01;0
-6,77045300269661e-02;0
-7,30070084714897e-02;0
-1,98519882418884e-02;0
-5,56357682762585e-02;0
2,14211479644757e-02;0
-1,77088038560352e-02;0
-1,41310241440951e-01;0
-1,25704357837776e-01;0
-9,01063318622939e-02;0
-2,67484250162986e-02;0
-3,51427639726440e-02;0
2,76775474015149e-02;0
-6,58479847264922e-02;0
9,50628552770233e-02;0
7,56416641697176e-02;0
-1,93649997562298e-01;0
7,73244146754940e-02;0
4,87233916721071e-02;0
3,45618656592711e-02;0
-1,07771394338286e-01;0
-1,07481355824227e-01;0
3,38860861472023e-02;0
4,21540184337202e-02;0
6,75618300560231e-02;0
8,67634120984286e-03;0
-1,45487986907404e-01;0
-3,17015892783430e-03;0
-2,11889241809209e+00;1
-2,63488877592547e-01;0
NA;NA
-2,06080730653339e-01;0
-5,95667608881604e-02;0
-1,32304528389048e-01;0
-9,41963676897464e-02;0
-1,44442786776293e-01;0
5,98839346243472e-02;0
-3,54246677753429e-02;0
1,45769401538154e-01;0
-1,74221727233783e+00;1
5,22071739204134e-02;0
-1,76981369189970e+00;1
-1,05552195846622e-01;0
-1,24747529535305e-01;0
-1,41463491425390e-02;0
1,69716347214104e-01;0
2,16106710578176e-02;0
-2,83565728987625e-02;0
-5,79702927495437e-01;1
6,71528739925415e-02;0
-2,24940525605249e+00;1
1,63843723624533e-01;0
-1,49673133039902e-01;0
5,25152247601310e-02;0
-8,71977487665186e-02;0
-1,25359491556258e-01;0
-1,38805159724889e-01;0
-7,60934577995810e-02;0
-6,94484280059389e-02;0
-4,01985474204175e-02;0
-5,13258044679847e-02;0
6,76904786029048e-02;0
7,88269305353819e-03;0
3,60118562734274e-02;0
3,75288546609054e-02;0
1,27643818236674e-01;0
9,95391481941422e-02;0
5,67377553844920e-02;0
1,53765309909661e-02;0
-2,43933815188761e-01;0
-3,39304525836469e-02;0
-3,13165422917821e-01;0
-8,92447873841218e-02;0
9,64628286956224e-02;0
NA;NA
1,07669994002110e-01;0
4,47279910837233e-02;0
-4,52979673524234e-01;0
-4,00471104010134e-01;0
-4,88383561027412e-02;0
-5,90657427110167e-01;1
-5,05342248675272e-01;1
9,27247736601763e-03;0
-7,52221975907042e-02;0
6,69124844447965e-02;0
-4,04477728006992e-02;0
1,11353556021227e-01;0
-1,82640569226674e-01;0
5,85840917982483e-02;0
1,45761741080944e-01;0
-1,00428541980305e+00;1
5,83806293240831e-02;0
-2,94149448743366e-02;0
-1,88207747857524e+00;1
-3,27845353903988e-02;0
NA;NA
-5,17415417964008e-02;0
-4,86883607049008e-02;0
1,09564387063730e-01;0
-1,40037546049496e-01;0
5,88144334286808e-02;0
-3,09591184462277e-02;0
-6,49417185668342e-02;0
-5,31536553951370e-02;0
-1,59965785589181e-01;0
6,21861160184274e-02;0
-1,84663307751363e-02;0
3,81277922525573e-02;0
NA;NA
-1,69348540710391e-01;0
-1,12677881508327e+00;1
-1,57484715609779e-01;0
-2,51890664429154e-02;0
1,12085365919050e-01;0
5,27546975905274e-03;0
2,68654817267334e-02;0
-5,98971047336107e-02;0
-3,89011232758527e-01;0
NA;NA
8,52975809537884e-02;0
-4,55507961410884e-02;0
6,94125606892788e-02;0
-1,20029851984314e-01;0
-5,64729276961547e-02;0
-5,26493764284053e-02;0
-1,00637989164184e-01;0
5,61536969654562e-03;0
-2,67303114643799e-02;0
2,37061917213178e-01;0
1,15659103020013e-01;0
2,39090198058854e-02;0
-4,23760973917002e-02;0
2,99876420927702e-02;0
-2,91070098185854e-01;0
NA;NA
-8,78511718362309e-03;0
1,43397254443019e-02;0
-1,22874198833134e-01;0
-2,74355784044856e-01;0
-5,07832042994691e-02;0
-9,82988109228528e-01;1
-1,65607101576158e-01;0
-1,91649254567347e-01;0
-9,65171562078344e-01;1
-2,88850337054198e+00;1
2,91487996974308e-03;0
-9,15271464662263e-01;1
-4,41070817010629e-01;0
-4,79005332056365e-02;0
-1,43513421323952e-01;0
7,86807009846571e-02;0
NA;NA
3,51619127827022e-02;0
-3,41588859030279e-02;0
1,23795337848000e-02;0
-2,39016792270484e-02;0
-7,25228890812484e-02;0
-1,13919268472109e-01;0
-9,33835646440772e-02;0
6,17024472612648e-02;0
3,56757616833542e-02;0
1,06495531740078e-01;0
-5,99182079868637e-02;0
2,03230655596640e-02;0
-8,37441726666781e-02;0
3,62459483093003e-02;0
-8,30318203042905e-02;0
-1,70415913303925e-04;0
8,07373981910209e-02;0
-8,16251461248411e-02;0
-9,94799855869967e-01;1
1,50006694267290e-03;0
-7,34788097391793e-02;0
-2,12765958890601e-01;0
-1,40085069923317e-01;0
-1,20767740415089e-02;0
-8,55730585167265e-04;0
5,52633520198547e-02;0
-6,31580004699902e-02;0
-3,29989462506505e-01;0
-1,09962160467017e-01;0
-5,05536243750234e-02;0
-1,64195685158909e+00;1
-4,06214329011685e-03;0
1,95458650586926e-01;0
-8,93307532453877e-02;0
3,90912887744161e-02;0
2,05814583079523e-02;0
-1,32681007966089e-01;0
-1,72185232199637e-01;0
-2,29649928846443e-01;0
3,86184741278230e-02;0
-4,60577659576845e-02;0
-1,07059443598909e-01;0
5,29523752048665e-02;0
-9,91083768374242e-02;0
1,18254687554570e-01;0
-1,71593523967689e-01;0
-1,41421684962724e-01;0
-1,40926689135236e-02;0
1,09562256781630e-02;0
-6,75689130463081e-03;0
2,29568331864532e-02;0
2,71542881587100e-02;0
-1,18899138785409e-01;0
-2,54061698907848e-01;0
NA;NA
4,70293416181332e-03;0
-4,04715415371533e-02;0
-6,20707514683265e-02;0
6,40381790610320e-02;0
-1,16865037231298e+00;1
-1,52096502156814e+00;1
-2,06136978258849e+00;1
NA;NA
8,11885687356804e-03;0
-7,97567117516637e-02;0
6,80547163658254e-02;0
6,44463794969683e-02;0
-3,30207557586701e-02;0
-5,75123893166643e-02;0
-9,00165673119221e-01;1
-1,52637361597767e+00;1
-1,50819537700083e+00;1
-1,46320467747713e+00;1
-1,01797227674242e+00;1
8,69922084258176e-02;0
-2,19186214354779e+00;1
-1,41192845591445e+00;1
-1,83961961220745e+00;1
NA;NA
-1,76543136690885e+00;1
-1,79189563468157e+00;1
-1,50882748771108e+00;1
-1,45127955385035e+00;1
-1,21580122226551e+00;1
-1,44847547210100e+00;1
-8,92234444226443e-01;1
-1,71197797588769e+00;1
-5,41322549441018e-01;1
-2,32159934061038e-01;0
-4,07701653259681e-01;0
-1,01353166785246e+00;1
-1,58521033376339e+00;1
-9,38052340379897e-02;0
-2,03617751787489e+00;1
-6,18204392242416e-01;1
-1,39628621760000e+00;1
-9,97476662468119e-03;0
-2,35580723192767e-01;0
-7,28069518317028e-02;0
-1,96827344445186e-01;0
-1,88208644609922e-01;0
-2,17739698983028e-02;0
-1,81865425034165e-01;0
-7,96656733004799e-01;1
-7,34589429847088e-01;1
-6,06837066831636e-02;0
-2,67210305289358e-01;0
-1,45980821535988e+00;1
NA;NA
1,01103888195732e-01;0
NA;NA
-2,33457006083106e-01;0
-1,47101703337179e+00;1
-1,37642262510243e-01;0
5,34491494339733e-02;0
-9,33838215696550e-01;1
4,42805397439992e-02;0
-2,97180028990952e-02;0
-3,26620024400083e-02;0
-2,21902981046327e-01;0
1,00050839874514e-01;0
-8,00283806614941e-02;0
5,91887300866818e-02;0
-8,98251847138174e-02;0
-2,26016795172277e-01;0
-2,23029099576805e-02;0
-3,64016534440085e-02;0
1,03826153741905e-02;0
-6,33310164971060e-02;0
-1,88291154958167e-02;0
-8,15164290578852e-02;0
2,68702259174164e-02;0
5,21256604749682e-02;0
-1,39191457608553e+00;1
-5,73438390277055e-02;0
-1,47213334734103e-01;0
-5,40800119542425e-02;0
-2,31549104349558e-01;0
2,16307007721073e-02;0
-3,34922638790102e-02;0
4,64811359143772e-02;0
-2,47963020913241e-01;0
9,38963503203601e-02;0
-1,73282675936966e-01;0
7,99181315127132e-02;0
-1,45937290856130e+00;1
-1,28048009512644e+00;1
-3,88567241100890e-01;0
-1,78513723353183e-01;0
-2,37934529687206e-02;0
-8,80642134722502e-02;0
7,27769338804269e-03;0
3,24068652703007e-02;0
6,44668583733455e-02;0
1,18871965057170e-01;0
-9,68480032157538e-01;1
-5,69393466941790e-01;1
-9,60862857760067e-01;1
-4,66683674803931e-01;0
-1,19192839786952e+00;1
-9,68159725499042e-01;1
4,34374919512986e-02;0
-2,77944556102646e-02;0
-5,30415278785693e-01;1
-5,64074988769243e-02;0
-2,34575164716842e-01;0
-8,71900133570840e-01;1
-4,71425388172479e-01;0
-2,33434582307408e-01;0
-6,82558152831658e-01;1
-1,58512572707307e-01;0
-3,58449264470181e-02;0
1,45834038528323e-01;0
2,82303368494269e-02;0
-3,65395185110160e-02;0
1,33890102168778e-02;0
NA;NA
-1,32972822339165e-01;0
2,33479985362844e-03;0
-1,35312795268333e-02;0
-7,01707803116467e-02;0
-1,02574109928136e-02;0
-1,28643496468991e-01;0
-8,89821745205768e-02;0
-9,09654857536804e-02;0
-7,52760424618061e-02;0
-2,23885514467575e-01;0
7,61467244727068e-02;0
-9,99872930699432e-03;0
3,37954100630427e-02;0
-1,17606716825939e-02;0
-9,53106267544220e-02;0
1,05289044860350e-02;0
1,29518463870920e-03;0
3,04292096166765e-02;0
NA;NA
4,92337716832704e-02;0
4,16560063139106e-02;0
-1,98892705636179e-03;0
-2,35061690537928e-01;0
1,04797608587658e-02;0
-1,19825802206981e-01;0
1,93702736994361e-02;0
-9,13874414041063e-02;0
NA;NA
-2,10902560112264e-01;0
9,30467147258057e-02;0
-5,28976732403307e-01;1
-2,38657419161404e-02;0
-5,97361453800930e-02;0
NA;NA
5,64447671103653e-02;0
1,13074006510075e-01;0
-2,63014110842780e-02;0
1,19318410380572e-01;0
-5,85824141066463e-02;0
4,01096769607898e-02;0
-3,28642659189050e-02;0
-4,36349670231089e-02;0
1,09812336064633e-01;0
4,78363775863803e-02;0
7,78452019407007e-02;0
-2,05574224088701e-01;0
-3,17372107711032e-01;0
3,09842213442439e-02;0
5,67481050183533e-02;0
-3,92806559944631e-02;0
9,26144930810086e-02;0
6,25912535928743e-02;0
-9,23360503412458e-03;0
3,22155093211402e-02;0
-2,78405559749209e-02;0
-4,09817160544353e-02;0
-1,12518679571157e-01;0
-5,70987992666770e-02;0
2,74455914219041e-02;0
-1,43194400837287e-01;0
-3,60287832130446e-01;0
-3,34738627048252e-02;0
NA;NA
NA;NA
2,22758399756814e-02;0
-2,84762726783345e-01;0
-9,93896911302855e-01;1
3,80621604870414e-03;0
1,73218224812062e-02;0
2,58057202621100e-02;0
8,30366773669619e-03;0
6,21608359452586e-02;0
-2,60195548373812e-02;0
6,42814649194817e-02;0
-6,96024313246412e-02;0
-1,45442220692074e-01;0
-3,23331081204176e-01;0
-3,15799598075720e-01;0
-1,50933570208049e-01;0
8,36628483135846e-02;0
7,76445362496833e-02;0
-1,56941329910829e-02;0
9,03875208539652e-02;0
-1,58853016549930e-02;0
-1,36528803369912e-01;0
-2,22773930712203e-03;0
-6,69401978529188e-02;0
5,99552997921426e-02;0
-2,07932693316212e-02;0
6,47144895491061e-02;0
5,35195654605335e-02;0
3,10052254033151e-02;0
-2,49962559067026e-03;0
1,46287767010887e-02;0
-3,17175786302782e-02;0
4,45926304119572e-02;0
9,44309248904750e-02;0
1,16926777419779e-02;0
3,89265520194674e-02;0
-6,87879936198374e-02;0
-6,54054564017956e-02;0
-3,01541590574364e-02;0
-1,11313532724956e-01;0
-2,13698820345646e-03;0
-2,61720784510025e-02;0
-1,34226269233210e-01;0
4,65694628456807e-02;0
-4,95807241704554e-01;0
-6,71058277716269e-02;0
-3,00075998958340e-02;0
-1,45644501682707e+00;1
-8,16623951746185e-02;0
-9,60899511758717e-02;0
1,07515529490337e-01;0
-1,16790095557036e-01;0
-1,00321589452708e-01;0
-2,47392849868392e-01;0
-1,31535993752927e-01;0
-1,03381531312495e-01;0
-1,84117887167571e-02;0
2,27720502121707e-01;0
-3,92290865299642e-01;0
-3,24075018169462e-03;0
6,47101199237326e-03;0
NA;NA
-2,69049913866079e-01;0
-1,70604018448618e-01;0
-7,36075097520650e-02;0
-1,90940483772302e-02;0
-6,47298769515099e-03;0
-2,98535538521093e-02;0
-1,99765322778689e-01;0
-9,93240262786545e-01;1
-1,04043507175311e+00;1
-2,69445135490430e-01;0
3,08582926852098e-03;0
-1,02597564626993e-01;0
-2,21052508255489e-01;0
-1,15230863602649e-01;0
-2,57343190189465e-02;0
4,00721134262747e-02;0
2,92907990827102e-02;0
NA;NA
NA;NA
-4,51378987115095e-03;0
5,06993611884804e-03;0
1,17846866599317e-01;0
6,46964030080062e-02;0
3,93611983267666e-02;0
-2,15937874672817e+00;1
2,59893758971385e-03;0
-5,10904024091308e-02;0
8,38750099939875e-02;0
1,25073050071431e-01;0
NA;NA
7,96593674947478e-02;0
NA;NA
-9,01609210819334e-02;0
-8,66838713653929e-02;0
1,59644165013613e-01;0
-1,09277708087870e-01;0
-6,89982436826462e-02;0
-1,96349134357528e-02;0
-5,42333062655887e-02;0
-7,42140497018619e-02;0
3,53661446871391e-02;0
-7,71701808755692e-02;0
1,29894357565146e-02;0
3,33944176785532e-02;0
-6,08310066296613e-02;0
2,13145433519576e-02;0
2,58317632337338e-02;0
9,61911353291663e-02;0
-2,83063839149662e-02;0
-7,44435246765053e-02;0
9,34688907683063e-02;0
-6,13222194240236e-02;0
1,26398307293743e-02;0
NA;NA
NA;NA
1,27847767039251e-01;0
4,79456399235134e-02;0
-2,30627467968824e-01;0
3,19651254057634e-02;0
-8,61137369959396e-01;1
1,30241831211368e-01;0
-2,38863215347834e+00;1
-1,33275551434494e-01;0
-3,94222359123465e-02;0
-2,61445994673471e-02;0
2,73951849264286e-03;0
3,61252551634717e-02;0
-1,20030019692180e-01;0
-2,69714292775044e-01;0
1,55311398358934e-02;0
-2,20778258344710e-02;0
-8,41720747184097e-01;1
-1,53138572381814e-02;0
-1,84968768965824e-01;0
7,06777481662680e-02;0
1,02882801455253e-02;0
-7,74381588385968e-02;0
NA;NA
-2,24477419855721e+00;1
7,54911392652428e-02;0
-7,28852783123914e-02;0
-6,08687632297185e-03;0
8,72289358193665e-02;0
NA;NA
-2,42041610604269e-02;0
NA;NA
-4,67315670919534e-02;0
-6,03972197072801e-02;0
1,16819793640414e-01;0
1,03436431593486e-01;0
1,03411941076313e-01;0
-1,39679116648351e-03;0
-7,66453246077151e-02;0
-1,30749976302532e-02;0
-5,22955482391723e-02;0
8,26561585982604e-03;0
-1,59658881915415e-03;0
-6,99996818092797e-02;0
-3,76496244896587e-02;0
-4,72705632375604e-02;0
-1,05775076628059e-01;0
5,88602923698382e-02;0
1,41394661013503e-01;0
-2,11809836044059e-02;0
2,72257452912940e-02;0
-1,35993902613103e-01;0
-1,13720171175866e-01;0
4,43054538961746e-02;0
-2,62662492601102e-02;0
2,85120555956077e-02;0
5,27851289466284e-02;0
3,30789114706380e-04;0
-1,08870853752999e+00;1
-3,57982628853976e-02;0
1,41933284384701e-01;0
7,06707117039827e-02;0
-1,11408757455370e-01;0
-9,70368888192178e-03;0
-5,10728473883356e-01;1
NA;NA
-3,40174619654067e-01;0
-6,12497706772006e-01;1
-1,00798833078217e-01;0
1,63748622417467e-02;0
-4,17802834091605e-02;0
-3,56605849807788e-01;0
-5,12458738841082e-01;1
-2,90711359479269e-02;0
-5,90322954720150e-02;0
-3,11150054026930e-01;0
-4,61928002433947e-01;0
-1,34275112623795e-02;0
-6,07705496558995e-01;1
-7,27327476374782e-01;1
-1,19492890088316e+00;1
-9,99090036992526e-01;1
-1,42896144770479e+00;1
-8,62022882638785e-01;1
-1,60722470528793e+00;1
-9,10299079258787e-01;1
-1,30065830830113e+00;1
-7,62600636149753e-01;1
1,21837530416872e-01;0
-1,91164145025608e-01;0
-2,06300888338226e-01;0
-1,82199498313232e-01;0
-2,46190117072971e-01;0
-1,46514180514926e-01;0
1,20776027838446e-01;0
3,98633509623485e-02;0
-9,08977652307814e-02;0
1,24560961558645e-01;0
7,52666210663927e-02;0
-1,35467172737356e-01;0
6,68184027261060e-03;0
NA;NA
3,55261644175304e-02;0
1,48169818709058e-01;0
-4,53177481733104e-03;0
-1,44454498385255e-01;0
1,92631563904426e-02;0
8,96203738245561e-02;0
-1,30233610041310e-02;0
-1,44854803616557e-01;0
-1,22948001818635e-01;0
6,16565145739305e-02;0
1,24123766613988e-01;0
9,85212871066370e-02;0
-2,47579905863030e-01;0
7,39329403748870e-03;0
-3,37579787779982e-02;0
3,33849078602369e-02;0
2,48162504134416e-02;0
-5,69202564078778e-02;0
-1,25296083046971e-01;0
1,10037684849221e-01;0
-3,03759165955555e-01;0
-3,48185237538229e-01;0
-3,48668155574164e-01;0
-5,08813569991900e-02;0
7,64126137409023e-02;0
4,48961501422987e-02;0
-1,47352394000492e-02;0
4,35897702454422e-02;0
1,18591385340986e-01;0
4,16234854901198e-02;0
-2,17211091097472e-01;0
1,29805329646402e-02;0
-1,18367268946023e-01;0
1,25114697400550e-02;0
-9,90383454237434e-02;0
-1,31359522501182e-01;0
-5,87497353209494e-01;1
2,23455671155916e-02;0
2,49110110004542e-03;0
-3,79994516249534e-01;0
NA;NA
-1,59834444564491e-01;0
2,53853202551056e-02;0
-1,13378737931807e-01;0
1,31652665586275e-01;0
1,14924018346056e-01;0
-5,40765164254099e-02;0
-3,85639216463120e-03;0
-1,74678781457561e-01;0
6,56520414589585e-02;0
1,29846733198907e-02;0
6,36124303501200e-04;0
1,92862018280973e-02;0
-1,75696363817915e-01;0
-8,11102721080564e-02;0
6,97998112083405e-02;0
1,04907210829326e-01;0
-2,27732980283624e-01;0
NA;NA
8,02268615046532e-02;0
1,06984932338502e-02;0
-5,88777450115228e-03;0
-3,27002124922843e-02;0
-3,55002812178028e-02;0
5,21947553502991e-02;0
-1,12779996781874e-01;0
5,90180341433636e-02;0
-1,18568667384636e+00;1
2,14243000032203e-02;0
-9,06936362444884e-02;0
-5,71154175667037e-01;1
5,22688266166388e-02;0
-1,25444685400832e-02;0
5,47642358204100e-02;0
8,67483064517350e-02;0
2,90364795477031e-02;0
-4,58864559628273e-02;0
4,31335139787867e-02;0
7,69702991170878e-02;0
-7,64983262602300e-02;0
-6,17704911523291e-02;0
-7,42708831596041e-02;0
-4,37848226165699e-02;0
4,05872072347433e-03;0
4,88807863287028e-02;0
-3,96717638988753e-02;0
-6,78271892782509e-02;0
-1,72616603244878e-01;0
-2,39610546294053e-02;0
-5,99844465577411e-02;0
2,31231650836901e-02;0
4,35276182794268e-02;0
3,78252162177844e-02;0
-1,50724979159755e-01;0
-1,11766395400679e-01;0
1,78563901189597e-02;0
6,93649350574852e-02;0
-1,27157146003596e-01;0
-1,14548594963276e-01;0
-7,88250716501549e-02;0
-6,67367761036934e-02;0
5,59983460959166e-02;0
NA;NA
-9,92371971679744e-02;0
1,44422474913162e-01;0
4,95234517283350e-02;0
1,83417229869695e-01;0
-2,13462574615413e-01;0
-1,47917567352898e-01;0
-7,76838977797285e-02;0
NA;NA
-3,76825999489066e-02;0
3,31456363975064e-02;0
-4,53219311564617e-02;0
9,42956872214773e-02;0
-4,87463060572394e-02;0
-1,06990366121626e-01;0
1,03614410521031e-02;0
-1,35829840861934e-01;0
4,21431916359045e-02;0
-5,82712384790571e-02;0
-9,64097092836406e-02;0
-5,69001902219331e-02;0
3,22611961765432e-03;0
-3,05441555863978e-01;0
7,60889600829118e-02;0
7,00426923597683e-03;0
9,50375343836669e-02;0
1,23333345052330e-01;0
4,50014755217082e-02;0
-2,31365275697929e-01;0
4,43392289273626e-03;0
-9,43548316726968e-02;0
3,73423539090174e-02;0
2,25082268255373e-02;0
-3,30100340830744e-02;0
-1,75865348105919e-01;0
NA;NA
-2,34366617508583e-02;0
1,89747186813528e-03;0
NA;NA
-3,00533178377733e-01;0
4,37947213708303e-02;0
-4,36459527517906e-03;0
-3,89783941122042e-02;0
NA;NA
NA;NA
5,16485692729383e-02;0
1,00257664269758e-01;0
1,00328385987818e-01;0
7,18656687361020e-02;0
NA;NA
-6,58603471465864e-01;1
8,30428678625203e-02;0
1,06248655747539e-01;0
1,69503606138245e-01;0
2,76401859429810e-02;0
5,61670048795173e-02;0
5,06182562146971e-02;0
8,18986260104514e-02;0
1,17901906117922e-01;0
1,38307303298204e-02;0
2,39375993648125e-02;0
-4,83946562156654e-01;0
1,03439823136101e-01;0
-4,56872442656557e-02;0
-2,37814426731786e-02;0
-5,95954528803853e-02;0
-4,81488933939875e-02;0
-5,71450888117671e-02;0
-1,21096356461160e-03;0
-1,08519358229587e-02;0
4,97338427917852e-02;0
1,99010188841857e-02;0
-3,94354983352917e-02;0
1,42666907257890e-01;0
-2,30823307454875e-01;0
-1,20730775608683e-01;0
-1,96004133926265e-01;0
9,00001395071020e-02;0
-2,98309440839960e-02;0
-9,55674153743847e-02;0
NA;NA
4,07137073003304e-02;0
-1,93498869472396e-01;0
-3,37270628204842e-02;0
NA;NA
-2,06604134121086e-01;0
-1,34044135249500e-02;0
-3,01025931134463e-01;0
-1,53813583762632e-01;0
-1,94026129182648e-02;0
1,66806620453175e-01;0
1,13005650235379e-01;0
1,79326503819864e-02;0
-2,18233194614006e-01;0
1,88346102924012e-01;0
-1,77057478017923e-01;0
-2,46692984059510e-01;0
6,89656496492677e-02;0
-1,66440343638484e-01;0
-2,54142948768648e-01;0
-3,68108830183566e-02;0
-2,50105748338482e-01;0
-2,14726408943973e-01;0
-3,80897027696082e-01;0
2,98502349081623e-02;0
2,94549205393014e-02;0
-1,33884748324647e-02;0
-1,76319413332422e-01;0
5,33381594475480e-02;0
8,11022115108350e-02;0
-4,94523897724053e-01;0
-9,69947213898602e-01;1
-2,46060066671975e+00;1
-1,04569464777710e-01;0
2,43015141643312e-02;0
-1,86265049634160e-01;0
5,87086481916510e-02;0
1,86982035299713e-02;0
1,00966272985147e-01;0
2,89173999545928e-02;0
-3,27816723899486e-01;0
5,34942199775116e-02;0
4,51084142645715e-02;0
NA;NA
-3,36614462743464e-02;0
5,43398896991894e-02;0
-3,10485953647995e+00;1
-3,71019567632487e-02;0
5,40078090547080e-02;0
-7,88277761852177e-02;0
1,55137705310025e-02;0
-1,35722773523605e+00;1
-4,77320669375461e-01;0
NA;NA
1,02304410501411e-02;0
2,40474327514687e-02;0
2,75308753010364e-02;0
-1,16588512987319e-01;0
3,07009001460839e-02;0
6,93447560733032e-02;0
-1,71835183291258e-01;0
-1,04534754796833e-01;0
-7,24253325452587e-02;0
NA;NA
-4,46595548940673e-02;0
-8,96780251282283e-02;0
4,74820893550677e-02;0
1,33207151024441e-04;0
-9,40787126721153e-02;0
-4,24176533224120e-02;0
2,50217119427966e-02;0
-1,21877550763985e-01;0
-1,08511038822004e-01;0
-4,29172911835563e-02;0
-1,41243301483535e-02;0
-3,56628677914672e-02;0
-5,71832788728487e-03;0
-8,24439849209249e-03;0
2,80418301564004e-02;0
-2,35944820954170e-01;0
3,77957613464389e-02;0
-9,07205466506242e-02;0
3,12004620518419e-02;0
-1,72799414967473e-01;0
5,26282979134503e-02;0
9,90095026942284e-02;0
7,30525733729299e-03;0
-1,05250735237337e-02;0
-6,93757938654500e-02;0
-1,27748131033819e-01;0
1,06176438143843e-02;0
6,23591448434500e-02;0
9,90931557475470e-02;0
-2,03393391737525e-01;0
-1,06947654084739e-01;0
1,31847659464130e-01;0
-1,10866213821119e-02;0
1,55396801419195e-01;0
-6,40481890551981e-02;0
1,86273657476621e-02;0
-1,58103142554844e-01;0
5,93023362721109e-02;0
4,09598441467592e-02;0
-4,21331332329750e-03;0
-2,35860611258349e-02;0
-1,38815851779696e-01;0
-1,10476312249537e-01;0
-1,06179648014882e-01;0
-2,34016875424614e-02;0
5,85372157890031e-02;0
-2,88449521450178e-02;0
-1,04141744961126e-01;0
-2,85683869079719e-03;0
-1,14523720276930e+00;1
2,62423672160071e-02;0
-6,84084257283134e-02;0
1,72208907860560e-01;0
-9,49021577838850e-02;0
NA;NA
NA;NA
-4,05939813710675e-01;0
-1,63041682146832e-01;0
3,85828081452946e-02;0
-9,65125039505818e-02;0
-2,47867768422932e-02;0
4,73168672347325e-03;0
-3,00678763228841e-02;0
-1,51352962363408e-01;0
5,39246221056529e-02;0
9,17120386904055e-02;0
-1,29009722291555e-02;0
-1,11659633487567e-02;0
2,77532533474238e-02;0
-1,59068391856398e+00;1
NA;NA
7,64971890123449e-03;0
-1,89822606071159e-01;0
NA;NA
NA;NA
2,62188737894003e-02;0
-1,49375795903365e-01;0
-1,09393982394820e-01;0
5,32248572446944e-02;0
-3,33564334931478e-02;0
-5,81123971771685e-02;0
4,40815167657453e-02;0
-8,36382340319835e-02;0
3,11979321572533e-02;0
1,83891194492690e-02;0
3,70236443725686e-02;0
-8,52011514711279e-02;0
-1,06264577938560e-01;0
4,77653998772453e-03;0
-6,41470048794509e-02;0
1,30690833220432e-01;0
2,00687845719419e-02;0
6,14279846324071e-02;0
7,22511645403617e-02;0
-1,21481766455980e-01;0
-6,53300768629048e-01;1
-2,53955204226778e-01;0
-5,75149681812237e-01;1
1,11338059506029e-02;0
-7,10318689560596e-01;1
-4,13889520716976e-01;0
-1,98652442784391e-01;0
-1,19032947915661e-01;0
-2,48958789052516e-02;0
-9,35305401443096e-01;1
3,42873466673096e-02;0
NA;NA
4,54872515668727e-02;0
1,07137588385214e-02;0
-5,04898259026825e-02;0
-5,10283648330698e-01;1
-1,93135562118556e-01;0
5,16512649836921e-02;0
-3,45128265059418e-02;0
-1,01539646613970e-01;0
-5,68197636618517e-02;0
1,03354078324067e-01;0
5,88610071809781e-02;0
1,32939063377618e-01;0
2,52519607672116e-02;0
-3,50246414642622e-02;0
-1,62325105633376e-01;0
-1,01753168093414e-01;0
-1,44704008678616e-02;0
1,37822054869440e-01;0
2,01580150359114e-02;0
-7,84442847224576e-02;0
4,37261163575314e-03;0
-4,36545489593388e-02;0
-1,43437552735671e-01;0
-1,00731691327006e-01;0
4,05986739154158e-02;0
5,71309560623959e-02;0
-7,53010919554517e-02;0
6,38252843577380e-02;0
6,45626942008438e-03;0
2,24068116491986e-02;0
NA;NA
7,90769351647647e-02;0
6,41254807119582e-02;0
-5,53397786899953e-02;0
4,02600450093154e-02;0
-1,91390200049269e-02;0
-7,92882049542082e-02;0
4,88827601664679e-02;0
8,80086556516919e-02;0
-1,25110990866748e-03;0
3,60486173754755e-02;0
-5,15828094857490e-03;0
-4,35753042210130e-02;0
NA;NA
1,37674683140007e-02;0
2,77485362095606e-02;0
8,56990600530255e-02;0
1,18149313223659e-01;0
-1,07400830171588e-01;0
-8,70953134564451e-02;0
-2,66844641582058e-01;0
-3,69224055866963e-02;0
5,08103840811277e-02;0
-7,62579463860421e-03;0
9,38684285534785e-04;0
-6,41817053056883e-02;0
9,28346734359893e-02;0
3,87521217467471e-02;0
-2,04465969573523e-02;0
-4,26127503803158e-02;0
-2,48360115038850e-01;0
NA;NA
1,19714344386165e-01;0
7,18870185303670e-02;0
1,44483470283622e-01;0
3,50724691664458e-02;0
2,38046732486387e-02;0
3,50926188297056e-02;0
8,01486559227877e-02;0
-1,00236485037417e-02;0
2,77118446587330e-02;0
1,18519220091533e-01;0
1,93824426830819e-02;0
6,94923577347215e-02;0
-7,10216346381430e-02;0
-1,25842875740770e-01;0
-8,99813700680301e-02;0
-6,13738170858378e-02;0
-1,03083403459101e-01;0
-8,50114107646200e-02;0
5,84396070568851e-02;0
-7,80876250028191e-02;0
NA;NA
8,51376958896937e-03;0
3,57217256416137e-02;0
-9,05412356272687e-01;1
-5,71681535197508e-02;0
-2,85709888522094e-01;0
-3,58445652018589e-02;0
-5,93302227783154e-03;0
5,31618563346372e-02;0
-5,18741130041476e-02;0
-1,36786120531616e-01;0
-7,87939570696838e-02;0
9,25027357924513e-02;0
4,61064750935118e-02;0
NA;NA
1,87391280685230e-01;0
-5,27579359289047e-02;0
1,84919136811745e-02;0
-6,24751320109814e-02;0
5,77788421898495e-02;0
NA;NA
-2,57161857365592e-02;0
-2,13945406527056e-01;0
-6,46614859922716e-02;0
-7,48565384380207e-02;0
-1,35620469163424e-02;0
5,60967948026194e-02;0
1,73863852192929e-02;0
-2,23359738050147e-02;0
-1,27069407481410e-01;0
7,09766278791229e-02;0
-3,40265328694739e-02;0
-2,63908566181928e-02;0
-3,43626445798697e-01;0
3,78247873279652e-02;0
-6,88727948097179e-02;0
-7,25052793728033e-02;0
-1,65973168475688e-01;0
-9,53664467521612e-02;0
-1,05998164687839e-01;0
1,03549905057187e-01;0
1,08735945766262e-01;0
4,37920725265834e-02;0
-1,11277040004001e-01;0
-1,01283720597807e-01;0
1,75126396293744e-02;0
1,65558368058027e-02;0
-4,15202333754141e-02;0
-1,12986349274669e-01;0
-9,53045002096385e-02;0
-3,00983370189043e-02;0
7,46117941493113e-02;0
5,01832905721791e-02;0
-2,08070776296068e-01;0
8,87227483444187e-02;0
-1,83354426656229e-02;0
-1,61107034384940e-01;0
5,67557847388535e-02;0
3,77106464158899e-02;0
6,42367231304111e-02;0
2,64588547145455e-02;0
1,07625827052465e-01;0
9,92293864565266e-02;0
2,83138884390453e-02;0
5,79710634274549e-02;0
-2,73302724123312e-02;0
-1,78983374631598e-02;0
-9,67315714583633e-02;0
2,53314376670424e-02;0
-5,35358495424864e-01;1
-9,49723757406305e-03;0
-1,37744625836748e-01;0
-2,35051975284194e-02;0
3,66008524302170e-02;0
-6,70259481584818e-03;0
-2,16723348292965e-02;0
-3,79701342451630e-02;0
-1,33782893423082e-01;0
-8,69211817777672e-02;0
2,23857582075113e-02;0
-4,25694028172450e-04;0
-9,36929386617143e-03;0
-8,60537664687788e-01;1
-9,63941479787396e-01;1
2,88670431935056e-02;0
-1,76353356488202e-01;0
2,15535265520212e-02;0
NA;NA
NA;NA
-8,83306623329516e-02;0
-1,35735463687018e-01;0
-2,56603888305066e-01;0
-1,54983823827483e-01;0
-1,10898050902386e-01;0
-9,63624445965028e-02;0
-6,13269287541508e-02;0
4,56779905071780e-02;0
-3,23630967775712e-02;0
5,41872602135816e-02;0
-2,06085295580360e-01;0
NA;NA
-4,08727884490545e-02;0
-7,70364219074201e-02;0
NA;NA
NA;NA
-2,01969338088342e-03;0
-2,55244775463497e-02;0
3,15470087911212e-02;0
4,14634182300242e-02;0
-3,99153545084510e-02;0
8,25517561248076e-03;0
1,32871677372975e-01;0
1,66189677059818e-02;0
NA;NA
4,28780984665844e-03;0
-6,48571099346018e-02;0
-2,63159289154447e-02;0
-2,13260646311730e-01;0
2,15327978285358e-02;0
-3,35535343735541e-02;0
-2,64909622443258e-01;0
-2,25573405106691e-02;0
NA;NA
-2,34407901999567e-01;0
-1,43416316394486e-01;0
3,69048429622520e-03;0
-3,60480245835468e-02;0
-1,79422888581518e-01;0
-1,31770438881987e-01;0
NA;NA
NA;NA
-4,66716958781717e-02;0
-3,45796924518979e-02;0
1,72019240655526e-02;0
7,36630675303357e-02;0
-5,79673635368757e-02;0
9,89718445597612e-02;0
2,93375483878990e-02;0
5,12837960700556e-02;0
-1,85498810218275e-01;0
-1,28525708748501e-01;0
-8,57209165920767e-02;0
-4,38314718874138e-01;0
2,18708584172183e-02;0
7,63059987633345e-02;0
4,93615472426266e-02;0
6,20545416811256e-02;0
5,69325785063623e-02;0
1,23244634410547e-01;0
-9,55613201184600e-02;0
-1,52830874398750e-01;0
2,85247860117070e-02;0
-8,76573790450481e-03;0
-5,52114936276736e-02;0
-9,50364895166736e-02;0
NA;NA
NA;NA
NA;NA
-5,44582026713878e-03;0
7,91848791419410e-02;0
1,07093428642632e-01;0
4,46767884565438e-02;0
2,77997447868507e-02;0
-5,80754639259650e-02;0
3,01317376020884e-02;0
1,87555472107767e-02;0
7,62573321828866e-02;0
-7,73945408703199e-02;0
-3,64371692167055e-02;0
NA;NA
6,90948839680790e-02;0
NA;NA
5,07002755993647e-02;0
-6,92818165568657e-02;0
-1,57035584447625e-01;0
1,35214439757024e-02;0
9,98364779823034e-02;0
-4,67375185300874e-03;0
-6,11525512296084e-01;1
1,19273780223812e-02;0
-3,83617261420706e-02;0
-1,25329738130609e-01;0
-1,82803972962251e-01;0
1,21937718957741e-03;0
-4,04976607931415e-03;0
5,50748881963754e-02;0
1,27413348002743e-02;0
1,99114857987271e-01;0
6,01872456172200e-02;0
4,47657895838727e-02;0
-6,43333378029420e-02;0
-2,59657765172777e-02;0
3,55334276971320e-02;0
7,91794184285179e-02;0
4,21460713428098e-02;0
6,03959982685236e-02;0
-2,09681543637441e-01;0
NA;NA
NA;NA
-3,16346767363915e-02;0
1,72623483771944e-02;0
-6,14258745739829e-02;0
-3,02951860279584e-02;0
2,29623622613100e-02;0
-8,59694808267378e-01;1
-2,93977856005040e-01;0
7,58812375478463e-02;0
-9,18842854628845e-02;0
-1,65358122037987e-02;0
6,60911859015938e-03;0
1,43816698388998e-02;0
6,23743100343304e-02;0
-1,40760776472846e-01;0
-4,07128632663446e-02;0
-8,79259792533754e-02;0
9,80309485480969e-02;0
-1,49453508368517e-01;0
-1,24058039483864e-01;0
-2,17570711387204e-02;0
-1,24075160659428e-01;0
-8,14078099730745e-02;0
-2,71007572663069e-02;0
-3,37740555342907e-02;0
1,17493095697325e-01;0
1,11970048945882e-01;0
-1,30082833311754e-02;0
-6,16752816805830e-01;1
2,13611277673754e-03;0
3,16919323270489e-02;0
-7,06313681431926e-02;0
4,32764771747916e-02;0
-1,73621481248248e-02;0
-4,48817488777339e-03;0
-1,74237025202744e-02;0
9,42575310255054e-02;0
8,60331392347896e-02;0
1,01456353017465e-01;0
1,59663628467017e-02;0
-2,86847338227588e-02;0
6,53975756804346e-02;0
-2,24322176193246e-02;0
2,62820627725951e-02;0
6,57035353838158e-02;0
-4,17242199323778e-02;0
2,35967702604367e-03;0
8,60616380129715e-02;0
-6,74228104242451e-02;0
1,49211884906079e-01;0
9,47078416085186e-02;0
-8,22530737809008e-03;0
-7,73986419818195e-02;0
-1,96513910487967e-01;0
NA;NA
-2,66114457397420e-02;0
-5,19387312440076e-02;0
-5,39261682243834e-02;0
-1,50406834791980e-01;0
3,27859212685622e-02;0
-2,69482195935335e-02;0
-1,08008288458255e-01;0
-1,30752279771680e-01;0
-8,75408415316711e-02;0
-1,83202069823257e-01;0
8,98159035562669e-02;0
-1,86554254747869e-01;0
-1,57391108209538e-01;0
1,34784903747734e-02;0
6,75452471058591e-02;0
-4,25691443056002e-02;0
-2,26506715950394e-02;0
-6,75767346794623e-01;1
-4,85398550225719e-01;0
-2,23825172286823e-01;0
9,69655858950691e-02;0
5,77407129993732e-02;0
2,63666462745532e-01;0
3,58162923676083e-02;0
-1,31579142288323e-01;0
6,98493591324883e-02;0
6,00696495941080e-02;0
6,80225837928253e-03;0
-7,75553813470100e-04;0
-6,35279966553692e-02;0
1,14710933707448e-01;0
1,07004672486551e-01;0
9,87491770224562e-02;0
1,09652060583547e-01;0
5,38961362782992e-02;0
5,49182367303207e-02;0
2,56281065657391e-02;0
-3,54915922335078e-02;0
NA;NA
-1,17876497498893e-01;0
1,72264387163434e-01;0
6,89132351765950e-02;0
-2,03849206418558e-02;0
-2,84197194097375e-02;0
-2,76467693883649e-01;0
1,25488940931333e-01;0
NA;NA
-4,58176722181829e-01;0
-1,26410776992577e-01;0
-7,28446270975788e-02;0
4,34483245587158e-03;0
-1,81446603567072e-02;0
-1,94355212214310e-01;0
-6,06020543869890e-02;0
-1,36472791708380e-01;0
-1,40630322253570e-01;0
-1,01775110904984e-01;0
-2,13863007277423e-02;0
7,93517036612247e-03;0
2,27919483606093e-02;0
1,84586015042203e-02;0
8,71971504403775e-02;0
-3,92215728375401e-02;0
1,03818983642228e-01;0
-2,04867506791166e-02;0
1,98283616575844e-02;0
-4,85057885870962e-02;0
7,56873242301963e-02;0
-2,19509070424800e-02;0
-6,01482499325385e-02;0
8,23401585043096e-02;0
-6,58414070506667e-02;0
3,22326316873592e-02;0
-3,34539573050139e-02;0
8,89146276666500e-02;0
3,94462081639641e-02;0
-6,82006500873165e-02;0
-1,46501601750194e-02;0
1,38235333544835e-02;0
-2,92629293621359e-01;0
8,26731764216060e-02;0
-2,63447926683479e-02;0
3,78156512035515e-02;0
-1,71496316022577e-02;0
-5,89833740084377e-02;0
-5,50050458566339e-02;0
-1,88534204171681e-01;0
2,02452251338936e-02;0
1,71391261181048e-01;0
-1,46174488543534e+00;1
8,70938710729582e-03;0
-7,51536070387177e-02;0
-3,60467897845504e-02;0
-5,17224314013693e-01;1
-9,43916184311216e-03;0
-1,20138313417876e-01;0
-1,16476779327960e-01;0
1,10932837616628e-01;0
1,47007543743658e-01;0
-3,27965216363501e-02;0
-4,97535935574259e-02;0
1,05438217328860e-01;0
5,25387736393176e-02;0
4,48423589355794e-02;0
1,02152318113108e-02;0
-1,21932987935627e+00;1
-2,80249849390639e-01;0
-1,97463531346515e-01;0
8,87868835430250e-03;0
1,00694989284137e-01;0
-2,46683958945150e-01;0
1,02574715306112e-01;0
-4,55483360326637e-02;0
-5,35059540872399e-02;0
-9,38762006990664e-03;0
-3,47576021354096e-03;0
-3,60316057430535e-02;0
4,05829905805632e-02;0
6,90003629666380e-03;0
5,31111843062397e-02;0
-8,96866573235944e-02;0
5,27385639960849e-02;0
-4,20297583993571e-02;0
3,69984081912032e-02;0
-2,20282350281407e-01;0
-3,48939991783168e-01;0
-1,44597816551706e-01;0
-2,78335164805349e-01;0
-3,21474760420698e-01;0
-1,34000062027474e-01;0
-6,45104814902382e-02;0
-1,46121521946866e-02;0
-6,08774637338179e-02;0
-2,60025454120953e-02;0
7,02059225721023e-03;0
-9,66246664978592e-01;1
-4,71863441133019e-02;0
-6,40309112518468e-02;0
-2,48007426994602e-02;0
-5,31312216964700e-02;0
-1,28007326639729e-01;0
-1,30093459022410e-01;0
-2,10377322553620e-02;0
1,00397633071567e-01;0
4,92991173785406e-02;0
-9,07831337323807e-02;0
8,92611701915245e-02;0
2,21485773346285e-02;0
-8,42778997817288e-02;0
-1,92461589089282e-02;0
1,17160372766617e-02;0
2,44435476218393e-02;0
-5,87040120129216e-02;0
1,22345694040461e-01;0
4,05641320000716e-02;0
-5,91143811944871e-02;0
-3,56299181680680e-02;0
4,94042815519832e-02;0
3,19591309050925e-02;0
-3,73375206433634e-02;0
-3,93557476848213e-02;0
-2,88318573025710e-02;0
1,37017082156477e-02;0
-5,10598645006898e-01;1
NA;NA
8,27262340199019e-02;0
-2,47415338469299e-02;0
-5,47546588113972e-02;0
2,88642480856012e-02;0
1,28797916390155e-02;0
-2,59557663227053e-02;0
-3,97226420565544e-01;0
2,12629983967122e-02;0
-5,41326973072294e-02;0
7,09974627968847e-02;0
-5,26466951282715e-02;0
-1,38999300744162e-01;0
-1,94989864378146e-01;0
4,73712912392349e-02;0
-1,03523246346262e-01;0
9,83034109951844e-02;0
-3,40230635254316e-02;0
9,13266402221522e-03;0
-7,43594069702499e-02;0
1,54865049049132e-02;0
3,59639264760751e-02;0
-3,31177965798696e-02;0
9,94020140855420e-02;0
-1,00797745021091e-01;0
2,45455682440889e-02;0
-8,37416637314912e-02;0
-7,51304010573594e-02;0
-7,68102665604348e-03;0
9,16114562015516e-03;0
-8,00334615798756e-02;0
7,53499021975154e-02;0
1,17247011910878e-01;0
-7,33346054832735e-01;1
-8,33343891328470e-01;1
-1,79191349555899e+00;1
-9,03408120278457e-01;1
-7,37956617078514e-01;1
-6,71779124779099e-01;1
-6,12424432601143e-02;0
-4,66831335302279e-01;0
-6,89745328935408e-01;1
-2,64874034089003e-01;0
-1,01139683357151e-01;0
-7,20302390020461e-01;1
-2,05616818002139e-03;0
-8,27824625784478e-02;0
-4,70796196484785e-01;0
-1,51196004890889e-01;0
9,12670195480830e-02;0
-1,21073501870321e-01;0
-4,82735218887492e-01;0
-5,38993281155247e-02;0
1,21329287367136e-02;0
5,40341113059486e-02;0
-1,08391760522244e-02;0
3,01889636159132e-02;0
1,32664604152502e-01;0
-1,37268268984754e-01;0
5,61707527629297e-03;0
-5,73313940384280e-02;0
5,43969734034554e-02;0
-6,40122069533989e-02;0
-5,82343222402814e-02;0
-5,46468865866058e-02;0
-2,25299630617337e-01;0
6,27152602372453e-02;0
-2,36725737097334e-01;0
-2,40613526332272e-01;0
-1,45792820495203e+00;1
NA;NA
-6,94715431840031e-02;0
-2,13725275882070e-02;0
-6,56965827721655e-02;0
-2,43252682575205e-01;0
-1,11646824133553e+00;1
5,05029388677421e-02;0
-1,11153567644218e-01;0
3,41307254750598e-02;0
4,72771775669905e-04;0
1,34628360003924e-01;0
6,50898079826965e-02;0
2,88207683154796e-02;0
9,47485641231063e-02;0
7,37428570008837e-02;0
-1,95020023074895e-01;0
-9,84125089365781e-02;0
-1,42087750316499e-01;0
-1,94493454832686e-01;0
7,88502779854965e-03;0
1,28029927964208e-01;0
2,11512719906799e-01;0
1,45804973778708e-01;0
3,30514567275821e-02;0
1,71838446737824e-01;0
1,19429341568894e-02;0
NA;NA
8,03331324781530e-02;0
3,40153597612588e-02;0
-2,32559254483287e+00;1
-2,60072491591176e+00;1
-1,20976156162509e+00;1
-1,22218353627087e+00;1
-1,35117779196534e-01;0
9,58928954792957e-03;0
-1,07826946908836e-02;0
-9,32681267549302e-02;0
-1,60671199165617e-02;0
-1,19667750120649e-01;0
-6,28900380239592e-02;0
-1,11663940609779e-01;0
-1,71279444950248e-02;0
-3,27213466998940e-01;0
-4,82703953156496e-02;0
-1,39721143327483e-01;0
9,22693546524658e-03;0
-9,38828885997054e-02;0
9,38714510340070e-02;0
-2,62364145743464e-02;0
-8,96209357238110e-02;0
-7,90772166132453e-02;0
-1,65744424730582e-03;0
-3,81130774136003e-02;0
6,56552498748878e-02;0
-1,07078409576514e-01;0
-9,54212925824888e-03;0
-1,56019430891432e-01;0
9,17753178674220e-02;0
-1,62608750693142e-01;0
-8,25879713153248e-02;0
NA;NA
NA;NA
1,85442668888216e-02;0
-1,12161530704907e-02;0
5,73277610383906e-02;0
2,77472644881592e-02;0
-5,11326389107679e-02;0
-3,17751287277163e-02;0
-6,63244643236958e-02;0
-4,93320387776347e-02;0
1,22092819067350e-01;0
2,98186451648304e-02;0
1,29066916943107e-01;0
-4,05084332065341e-02;0
-2,83806048167691e-02;0
-4,00126791739517e-02;0
-6,34908839319611e-01;1
-8,49462758382313e-02;0
-2,60161311917028e-01;0
-1,82327256159599e-02;0
6,12174352815201e-02;0
-2,29417373420506e-01;0
-8,13777972902144e-02;0
-1,92884210888841e-01;0
-1,17715304712819e-02;0
-4,25730105678609e-02;0
1,91841400097679e-02;0
-1,29778013686210e-01;0
9,44283590640699e-02;0
-3,40834620046052e-01;0
-5,22132054161077e-02;0
6,50863819839231e-05;0
-2,08928948855482e-02;0
7,73522823151483e-02;0
8,62672888497417e-02;0
7,02278553902966e-03;0
-1,01176598455627e-01;0
9,40187978584662e-02;0
6,40144102326291e-02;0
3,82833444610398e-02;0
-4,33180029656580e-02;0
-4,56348923804670e-02;0
-2,72566858162966e-01;0
-5,10567443727130e-01;1
-1,44088095726764e-01;0
-1,38342133865618e-01;0
3,31141817736388e-03;0
-2,31281548375881e-02;0
-5,70499867695018e-02;0
1,89045959039669e-02;0
-1,79935038000406e-01;0
8,91949896466706e-03;0
-2,27376683737247e-03;0
2,11406798965893e-01;0
-1,05269053965283e-01;0
5,28186925948309e-03;0
4,24287570758148e-02;0
NA;NA
1,42180628937349e-01;0
-9,54077018130057e-02;0
1,11403460162410e-02;0
1,08722363294989e-02;0
3,22012209484510e-02;0
-3,51440646439697e-02;0
NA;NA
9,59171730686094e-02;0
-3,73128945986623e-02;0
-1,20200218799761e-01;0
-3,03490849155715e-02;0
-6,45738333805547e-02;0
3,08588257028747e-02;0
-1,28235185251532e-01;0
-1,54829974353527e-02;0
-4,17150063165851e-01;0
1,89438320496113e-01;0
-8,65095734757940e-01;1
5,84544745962103e-02;0
2,49948162968948e-03;0
-1,03408529284815e+00;1
-1,24826909590756e-01;0
9,22788880306974e-02;0
-4,45325732396350e-02;0
4,44693190521188e-02;0
1,29254925219574e-03;0
-9,01297239995884e-03;0
-1,13482649791824e-01;0
-1,09703109002547e-01;0
1,57104505222842e-01;0
-9,44580269096056e-02;0
-3,67949076601331e-01;0
-2,96300956058420e-02;0
-8,96517180888793e-02;0
-9,05231983515137e-02;0
-3,83640684769173e-02;0
1,18749797005362e-01;0
-1,35331425128686e-01;0
-8,36788125208470e-01;1
-1,86716772985183e-01;0
-1,20446835699388e-01;0
-6,72664672201076e-03;0
7,96308218256315e-03;0
-7,93509381442025e-03;0
-9,06069182691097e-02;0
NA;NA
9,86044361473503e-02;0
-4,67730279241037e-02;0
NA;NA
-7,73289455885067e-02;0
-1,71704616372509e-01;0
-2,76629890460477e-02;0
NA;NA
5,94890829710592e-02;0
-5,19219490537755e-02;0
1,44389255704632e-01;0
1,51309535502377e-01;0
-1,74805234649411e-01;0
-1,17215239100136e+00;1
-9,95313349448486e-01;1
-8,41754443055797e-01;1
-1,17153780608481e-01;0
-6,17855386773474e-02;0
3,30056847553577e-03;0
1,45557039608905e-02;0
3,90238910861556e-02;0
-3,04836816481946e-01;0
-9,04773401494988e-02;0
2,51491282650996e-02;0
7,58560850708038e-02;0
5,99881172477622e-03;0
5,36527260160444e-02;0
3,26520713115324e-03;0
-4,40860065025964e-02;0
-1,41192489045398e-01;0
-2,87598564630631e-02;0
-5,93676376270386e-02;0
-6,28765075491506e-02;0
NA;NA
NA;NA
NA;NA
NA;NA
NA;NA
3,64352151956285e-02;0
-4,15990443966976e-02;0
NA;NA
NA;NA
NA;NA
-9,44496961644658e-02;0
3,79576271692835e-04;0
-3,25807950361473e-03;0
-7,56514149603195e-02;0
7,97502514864077e-02;0
-1,09570206173680e-01;0
1,23037918228604e-01;0
-2,17353797940840e-01;0
-3,53253008620297e-01;0
-1,21281387002265e-01;0
6,32142221048375e-02;0
7,51477817096409e-02;0
-8,01999729237377e-02;0
7,31960445340190e-04;0
-1,19303435329689e-01;0
-9,09036132029390e-01;1
-3,24840146839429e-02;0
1,31435132930548e-01;0
-2,39038857292000e-01;0
-1,36453323630363e-02;0
-1,85176148960682e-01;0
5,62342832014706e-02;0
5,86118528238072e-02;0
2,50749096383298e-02;0
-6,71737943452538e-02;0
-4,70851509408710e-02;0
-7,20481772670601e-02;0
2,13951965055036e-02;0
-1,56587977760477e-02;0
-8,49486468620523e-02;0
-3,97198603800699e-01;0
2,29502098401470e-02;0
9,77999899130607e-02;0
-3,20686723943384e-01;0
1,10555830375379e-01;0
-1,11682259605327e-01;0
5,89499448307611e-02;0
-1,35066281421436e-01;0
-1,71631201589181e-01;0
-9,05594296251259e-02;0
-1,38402004052627e-01;0
-9,80746428600103e-02;0
-7,24416991292138e-02;0
-1,86612686835899e-01;0
1,16237415560887e-01;0
1,34820343145089e-01;0
1,08652820246500e-01;0
1,24606644385905e-02;0
2,29830580405340e-02;0
-3,81875283814230e-02;0
7,28223228339080e-02;0
2,11122153456043e-02;0
5,90520936731297e-02;0
-1,22449491754587e-01;0
NA;NA
7,72487814382180e-02;0
-4,15687365652251e-01;0
-1,71676580067236e-01;0
-1,02761822456487e+00;1
-1,10366985118651e-02;0
1,26565964237574e-01;0
6,41059613261232e-02;0
-1,86562700067491e+00;1
-2,11383926715180e+00;1
-1,19168192908827e+00;1
3,31529480994622e-02;0
-3,16270692719908e-02;0
7,39041803259701e-02;0
-4,87085502257454e-02;0
1,07716648262565e-01;0
9,24337368515534e-03;0
-4,26587981716098e-02;0
1,05089298814846e-03;0
-2,75838859640690e-01;0
1,50269922006785e-02;0
-1,58933536956689e-01;0
3,58460659771501e-02;0
1,91214906302283e-01;0
-9,75929894765072e-02;0
5,52667379592734e-02;0
2,18655269332524e-02;0
2,07383621111075e-02;0
-3,81829542068783e-02;0
5,65551431832217e-02;0
-1,40996474463412e-02;0
-1,62799839625340e-02;0
-6,86795013515428e-03;0
-1,91920668341981e-02;0
-1,53803227233508e-01;0
7,41210186821282e-02;0
2,26001805158228e-02;0
7,67664556096684e-02;0
5,12363839417107e-02;0
6,59205802076564e-02;0
-1,93460827895702e-03;0
1,77393532646594e-02;0
-9,91508423529867e-02;0
-4,90213971912015e-02;0
6,95029823022057e-02;0
1,05329027941763e-01;0
-2,10882986007026e-02;0
-2,09971571765532e-01;0
-1,93247131596698e-02;0
3,47053176346906e-02;0
-8,91696582674071e-02;0
1,07235449692501e-01;0
-3,18141733244301e-03;0
-7,21703531381327e-02;0
8,32727713313787e-02;0
6,26431398682425e-02;0
-1,55696788416650e-02;0
-1,23246599365119e-02;0
8,55476248860179e-02;0
-1,74920228549595e-02;0
-4,09791077280013e-02;0
-2,69947000331704e-02;0
NA;NA
3,29755314055189e-02;0
-1,52548908663316e-02;0
1,59396499220135e-01;0
-1,14829541359144e-01;0
2,96374745838110e-02;0
5,44962868799696e-02;0
-1,84456702725754e-01;0
1,02424765042338e-01;0
5,75430138640044e-02;0
1,21321024436490e-01;0
-3,03860215510040e-02;0
-4,17025193922157e-01;0
-7,33268754390592e-02;0
-9,67479173132818e-03;0
1,16581503751105e-01;0
-4,90139346820087e-02;0
-1,21401466657457e-01;0
6,05159279650095e-02;0
6,01617091762335e-02;0
1,32825893491633e-01;0
-1,02311327565430e-01;0
1,03046149945829e-01;0
-8,60331098876179e-02;0
-2,51206808829847e-03;0
1,69564138918593e-01;0
1,38943813941170e-02;0
7,88518703936221e-02;0
4,33782288259252e-02;0
9,72856766070398e-02;0
5,66416744870502e-02;0
-5,95617093986617e-02;0
3,73413425175342e-03;0
-6,21275260938935e-02;0
-1,05951497356708e+00;1
-4,94422984328078e-02;0
4,96255072468789e-02;0
-5,33430287228133e-02;0
-1,32938870388059e-01;0
-2,45391249675430e-02;0
-9,89582068025570e-02;0
7,08247073371938e-03;0
-1,49638884617398e-01;0
1,19080787958602e-01;0
-6,99199209579578e-01;1
1,35582298098692e-01;0
1,00414675286084e-01;0
-7,33101960389717e-02;0
-2,68298754188160e-01;0
-2,96737869640904e-02;0
3,60740722540471e-02;0
9,55210766100920e-02;0
-9,18710193806854e-02;0
-1,76584303274621e-02;0
1,28922038428447e-01;0
NA;NA
-7,30875525224423e-02;0
5,82761748276225e-02;0
-3,73891476710742e-02;0
-1,01873744880264e+00;1
-1,85138447360421e-02;0
1,36009298839947e-01;0
4,33152121285569e-02;0
-6,72224759106452e-02;0
-4,40099218898896e-03;0
1,24972017698361e-01;0
-1,12847701155634e-01;0
5,95870879433782e-02;0
-9,13322581027244e-02;0
-3,66748106292264e-02;0
1,23542682232540e-01;0
9,46391527212277e-02;0
2,77162360531702e-02;0
2,89740667663557e-02;0
-8,81669536919810e-02;0
-4,33504201289765e-02;0
NA;NA
1,43272185323035e-03;0
1,42151445260956e-01;0
-2,58931036053366e-02;0
5,40550724587133e-02;0
-9,05043482334714e-02;0
1,39289672475906e-02;0
-1,24022112386122e-01;0
7,37997293807058e-02;0
-3,18465679990553e-03;0
-7,76143784909054e-02;0
3,54514228243468e-02;0
-6,83576184015175e-02;0
-1,11044720792989e-01;0
-1,38937242045065e-03;0
NA;NA
7,47101372895202e-02;0
NA;NA
-1,19024039456559e-01;0
-3,29116365226221e-02;0
3,99160384750951e-02;0
5,45622553434970e-02;0
-7,83761428826923e-02;0
-3,54294829549128e-02;0
2,52296760521680e-02;0
-8,51296752402371e-02;0
3,53864043562765e-02;0
6,11688547296678e-02;0
1,36147584074277e-02;0
-2,53307389479979e-02;0
-7,17285180739333e-02;0
1,03112245385089e-02;0
-1,65854775550143e-01;0
-5,76842431659167e-03;0
-1,17200770069606e+00;1
-7,78189454941749e-02;0
4,44448725014530e-02;0
-2,83947920964636e-01;0
-1,66638126396180e-02;0
-9,12315195610379e-01;1
-2,75376887442684e-03;0
-5,07045879616046e-02;0
1,49348717602672e-02;0
5,52838005944802e-02;0
-5,97296497016059e-02;0
-3,56621501591670e-01;0
-1,35348558719747e-01;0
-2,50337167494801e-02;0
-1,55958732088290e-01;0
-4,24570321983359e-03;0
-1,17749350687610e-02;0
4,67869641743699e-02;0
-7,58544701588330e-04;0
NA;NA
1,66828049642153e-02;0
2,65137913242562e-02;0
1,74107871250022e-01;0
5,57393596618189e-02;0
-1,71721215724719e+00;1
-4,30428829577116e-02;0
8,03401187890172e-02;0
4,74630425639028e-02;0
NA;NA
NA;NA
-4,39629777433570e-02;0
2,74752325146304e-02;0
-3,96461675661315e-02;0
7,74337669453935e-02;0
5,51574615711883e-02;0
NA;NA
-1,96190996216623e-01;0
-2,25173923903392e-01;0
-2,05120891999498e-01;0
-1,12890014023121e-01;0
-6,56459217636242e-02;0
1,43542160679588e-02;0
-1,65526396923058e-01;0
NA;NA
NA;NA
1,23011632760008e-01;0
2,89821054974955e-02;0
-6,68567563413733e-02;0
7,60684235112142e-02;0
-7,79824486272432e-01;1
-1,53227694747400e-01;0
-1,46925962951005e+00;1
-1,89179376055087e+00;1
-1,15531084540261e+00;1
-1,16358408724980e+00;1
-5,28090678517079e-01;1
-6,79390062636715e-01;1
-7,21636358186884e-01;1
-7,72733380428424e-01;1
-9,55884087835349e-01;1
-1,06284379443905e-01;0
-2,49511863409596e-01;0
-5,32681727009497e-02;0
-1,09039477042184e+00;1
-7,49547872435542e-01;1
-5,85198193944478e-01;1
-5,31208552361357e-01;1
-5,95403764174512e-01;1
-6,15948236786543e-01;1
-2,97318452722115e-01;0
-8,27667936210111e-02;0
-1,64279627325911e-01;0
-8,42899332453181e-02;0
-7,40125383369103e-02;0
-1,75272714856247e+00;1
NA;NA
-1,90321979931282e-01;0
-2,40212403695918e-01;0
-1,25551700619273e-01;0
5,35516302835311e-02;0
NA;NA
3,75191113689311e-02;0
-1,21972579551191e-02;0
-2,38941577486852e-01;0
4,13967828170517e-02;0
-9,70619982531506e-02;0
9,36539862892557e-02;0
1,34723458905340e-01;0
1,08474651020355e-01;0
1,36088663824731e-02;0
-8,10904843265366e-02;0
1,35692069817381e-01;0
-2,43980862022789e-02;0
-1,77749123262413e+00;1
1,25330788965672e-01;0
-9,15187466399159e-02;0
NA;NA
1,58003749363432e-02;0
5,00986166493653e-02;0
-9,54341889413633e-02;0
8,86228073759838e-02;0
-2,42216576093166e-02;0
NA;NA
-5,40523150542498e-03;0
NA;NA
3,16025101463163e-02;0
1,27177052567346e-01;0
-1,13719967713659e-02;0
-6,32908990682037e-02;0
-1,34307176688747e-01;0
-2,22645869149622e-01;0
-5,10820751678803e-02;0
-5,16313590189886e-02;0
2,85675049193590e-04;0
-6,73428894229250e-02;0
4,61962491176377e-02;0
-3,56889080343421e-01;0
-1,27139815868509e-01;0
-2,14046844198826e-01;0
1,32932232129967e-03;0
2,51055293250976e-02;0
-1,40768033353390e-01;0
-8,86844993657942e-02;0
-6,37922032136131e-02;0
-3,28910267859822e-01;0
-5,45012452670027e-01;1
-1,08102706994458e+00;1
-5,91989790131994e-01;1
-8,06178606654648e-01;1
NA;NA
-2,32579566083216e-01;0
-2,41715564643467e-01;0
-5,00952548577409e-01;1
-4,69103526205375e-01;0
-3,54334113977128e-01;0
-3,98534004414412e-01;0
-2,88722399402878e-01;0
1,57522522840863e-01;0
-5,41307137446631e-01;1
-7,35884442548813e-01;1
-1,63134409323618e-01;0
3,34205831692339e-02;0
-1,80206766064476e-01;0
-1,62173316209052e+00;1
NA;NA
NA;NA
-3,88084483467561e-01;0
NA;NA
-1,45146075669517e-01;0
NA;NA
NA;NA
-7,87970547301681e-02;0
NA;NA
-1,21509439907175e+00;1
-4,92370682088888e-01;0
-1,03976597380401e+00;1
NA;NA
-2,84023374499110e-01;0
-6,77088350515080e-01;1
NA;NA
1,50561822849434e-02;0
-5,83115663305020e-03;0
NA;NA
-3,10617782592574e-01;0
-1,75592481413188e-01;0
-8,38111016602338e-02;0
-2,36384175808688e-01;0
-1,79555942237164e-01;0
-2,76126749282111e-01;0
-5,65887660116615e-02;0
-1,28930851814027e-01;0
-1,95796850731399e-01;0
-2,69253292723404e-01;0
-1,50675346932137e-01;0
-2,19857013763827e-01;0
-3,67231787185061e-01;0
-1,49099553823536e-01;0
-2,37610134490993e-02;0
-9,84651624435974e-02;0
-8,08785776970399e-02;0
-2,09321509826025e-01;0
-1,50614533128782e-01;0
-1,38868324357691e-01;0
6,12640094733970e-02;0
-2,09688351781204e-01;0
-9,97892328781555e-04;0
1,24117720635091e-01;0
-7,64076425979626e-02;0
-1,23956588385608e-01;0
2,54697452222957e-02;0
-8,23828939699923e-03;0
5,01879024351919e-02;0
-3,13648257278301e-02;0
-4,10843891342719e-02;0
1,34206205917544e-01;0
-2,96994169131320e-02;0
4,46351300363224e-02;0
-7,96933556673217e-02;0
-1,96315773621077e-01;0
4,98116241593679e-02;0
-1,11730790309975e-01;0
-5,73647480835259e-02;0
-1,11349615492345e-01;0
-4,28876821369264e-01;0
-6,46462426491125e-03;0
3,26157903691150e-02;0
8,09766077942889e-02;0
-2,19280583739132e-01;0
-3,03289719650785e-01;0
-3,24604733586501e-02;0
-4,03396819261141e-01;0
-2,48430769264700e-02;0
-1,96662936115194e-01;0
-4,00118795447216e-01;0
NA;NA
-1,14884041228648e-01;0
-1,46786678574855e+00;1
-5,38180985843859e-01;1
5,38523179489649e-02;0
4,80952152478278e-02;0
3,47456022520603e-02;0
-8,19875902971002e-02;0
-3,36586093331700e-02;0
-1,62724391931367e+00;1
-3,88440954926979e-01;0
-9,45142111290890e-01;1
-1,11240812088442e+00;1
-1,62140443403462e+00;1
-1,31438159899839e+00;1
-1,35747951061217e+00;1
-7,73453687525623e-01;1
2,26932488928549e-02;0
9,38698205221905e-03;0
-2,64544154118319e-01;0
7,37875527784507e-02;0
NA;NA
1,28872505312804e-01;0
-7,44094148020284e-02;0
-1,81571499320526e-02;0
-1,41920657770960e-02;0
9,38991975115952e-03;0
-1,30936654748109e-01;0
-4,12023004502868e-02;0
-8,78091228191427e-02;0
1,15103642931402e-01;0
7,05531443911358e-02;0
-1,47501113959013e-01;0
-1,68107294453131e+00;1
-3,06641965473826e-01;0
1,36974991346637e-01;0
-5,59360186037769e-02;0
-7,22673084779976e-02;0
5,13136992276844e-02;0
-1,80095574257846e-01;0
-1,90732087253733e-02;0
3,63349694561454e-02;0
-1,03110150390188e-01;0
-1,90106873273651e-01;0
-3,84224647814281e-03;0
-3,99003032065740e-02;0
-1,07857434715390e-01;0
4,05540171263749e-02;0
-1,53551100388505e-02;0
5,06888548891787e-05;0
-1,17058984519245e+00;1
-9,66133216606013e-02;0
-1,53310943818020e-01;0
2,61908688958054e-02;0
-1,31878816083248e-01;0
-1,50537097584386e-01;0
1,23906909028066e-01;0
-1,44611735559192e-02;0
1,45675271609210e-02;0
-4,47143351316645e-02;0
-5,63522288815019e-02;0
1,32210900617217e-02;0
-1,66072685687267e-01;0
-4,07859508718941e-02;0
1,71542736250779e-01;0
-6,68863813390474e-02;0
-1,65154497238947e-01;0
-1,76190441710778e-02;0
1,13082451887821e-01;0
-1,56860509724027e+00;1
-2,69106160123355e-01;0
-6,90742507147326e-02;0
NA;NA
-2,20867341925210e-01;0
-2,00309126258322e-01;0
-1,19069654688209e-01;0
9,79186395664530e-02;0
4,74739576193132e-02;0
1,02901248277265e-01;0
-3,73298577968009e-01;0
8,49185178594000e-04;0
-1,10256116266392e-01;0
NA;NA
2,51330567143917e-02;0
4,68060766308385e-02;0
1,30950187555331e-01;0
-6,45626120096513e-02;0
3,39374648672420e-02;0
-4,47619941542484e-02;0
4,67834825781066e-02;0
-9,88240739952902e-02;0
-6,43752361915869e-02;0
3,49417271999012e-02;0
3,88839234699103e-02;0
-4,39525524005982e-01;0
-1,41840873384553e-01;0
9,35208056848775e-02;0
1,02921840394847e-02;0
4,68517650405319e-02;0
6,04514396689333e-02;0
2,41759935183642e-02;0
-1,35733109738535e-01;0
-1,06909228525601e-02;0
1,02144947360598e-02;0
1,44570649345564e-02;0
2,82437120790666e-02;0
-3,20304937768263e-02;0
-7,29685892191596e-02;0
-8,51629561280372e-02;0
-6,94809713533104e-02;0
-1,29191146457798e-01;0
-2,36102063421598e-02;0
-1,04203299182790e-01;0
-1,31439756344024e-01;0
-2,06944642881046e-01;0
-8,76583920970349e-02;0
1,50533244972254e-02;0
3,03581456689291e-02;0
-4,57942712910683e-02;0
-3,46403829391647e-01;0
-1,04668234871983e-01;0
-3,31331695830506e-02;0
5,20051371359693e-02;0
3,17952052960212e-02;0
2,95441728727902e-02;0
-4,54631970738610e-02;0
2,99182148509043e-02;0
1,27411807213838e-01;0
-9,67330025903165e-03;0
-6,28386548192980e-02;0
-7,41959850886028e-01;1
6,45110498585114e-02;0
4,31676600800023e-02;0
-9,17655011982888e-03;0
-3,56453107214690e-02;0
8,83321305910146e-02;0
3,59772312460158e-02;0
2,23149301997836e-02;0
4,26770874570098e-02;0
1,56069311611469e-03;0
-1,33529771372315e-01;0
-3,14202136384285e-02;0
-6,80614414414035e-02;0
-1,84953758820326e-01;0
1,12753222340799e-01;0
-1,69812210449629e-01;0
1,16643083309808e-01;0
-1,09339905300421e-01;0
-6,55170530517297e-02;0
-1,98279634757635e-02;0
-2,40027595358396e-01;0
NA;NA
-2,77820165903766e-01;0
1,22621981409406e-01;0
-1,46529865852308e+00;1
5,66412157664350e-02;0
-4,22617443655350e-02;0
5,77090728110949e-03;0
-7,04663878640619e-02;0
-5,25389367043810e-02;0
-2,06844424771620e-01;0
NA;NA
2,00430601791700e-02;0
-4,47881198684931e-02;0
-7,96214842276364e-01;1
-3,54342244691575e-02;0
3,49321711078430e-02;0
8,61095196914865e-02;0
-9,11823397357875e-02;0
-8,92997581594165e-01;1
-3,28380790911639e-01;0
-3,92317909823347e-02;0
-2,62534796425353e-01;0
-7,08495891842846e-02;0
-4,15153186633911e-02;0
-1,78349195485465e-01;0
-6,25877134334959e-02;0
-3,35891608309481e-01;0
-9,65125721497407e-02;0
6,55157727001731e-02;0
6,65041724793516e-02;0
-6,40416548023915e-02;0
6,75417894543209e-02;0
4,68368280800594e-02;0
4,25710734848267e-02;0
2,71987394908222e-02;0
2,29355373075431e-01;0
-1,48800851690286e-02;0
2,05394793476876e-02;0
1,11605587703014e-01;0
1,78588404166132e-01;0
-6,02224840708511e-02;0
-6,53592992040576e-02;0
-3,97382347868257e-02;0
-3,74374126190296e-03;0
-9,41884055689759e-02;0
1,03662539137204e-01;0
1,16012256925122e-02;0
-1,07716670058925e-01;0
1,74252827064043e-01;0
-1,62168211960977e-01;0
-1,45723247757735e-01;0
-7,06825304565244e-02;0
NA;NA
2,66627439813472e-02;0
5,20647910341485e-02;0
-7,47184509195230e-01;1
-8,58222393398537e-02;0
-7,06860285788671e-01;1
9,69615560960131e-02;0
NA;NA
3,77492904820296e-02;0
-4,61705998633499e-02;0
-1,06495633914411e-01;0
-8,40274990349039e-01;1
-1,52056913934270e+00;1
5,65090751294632e-02;0
NA;NA
NA;NA
4,20097265590475e-02;0
-7,25581280705671e-03;0
1,11221951788264e-01;0
-9,40743536569921e-02;0
-1,39370465563433e-02;0
NA;NA
4,39152313642724e-03;0
1,46401447035801e-02;0
-5,85009723615941e-02;0
1,82910197109184e-01;0
1,45790585239076e-01;0
9,72901889262311e-02;0
1,99616772149871e-03;0
-9,51641018086489e-02;0
-1,98319794220567e-01;0
5,17327451496013e-02;0
3,15749570013756e-02;0
-3,94294317711622e-02;0
-2,87889732795719e-01;0
-2,99784084743720e-01;0
NA;NA
-2,97018167504418e-01;0
-9,18804479231238e-02;0
-1,79308980714035e-02;0
-1,14200381049539e+00;1
-2,05453449249541e-01;0
-8,59688360727647e-02;0
-2,02028070188108e-01;0
-1,24680685041535e+00;1
-7,90391775853969e-02;0
-1,06467185949593e-01;0
-2,53571573839880e+00;1
-1,05347678902673e+00;1
-2,87175664768165e-02;0
-1,00439488975929e+00;1
-3,54204909607260e-01;0
-1,08534989197651e+00;1
-1,79251447931213e-04;0
-2,84834236682172e-01;0
-1,30354002765054e-02;0
-4,14721549299856e-02;0
8,31970704220057e-02;0
-6,34067568465699e-02;0
-1,99317984376371e-01;0
-7,80573879271134e-02;0
-5,05772163980038e-02;0
4,98900354889944e-02;0
7,41276729275595e-02;0
2,79313541533209e-02;0
-1,18544556383666e-01;0
-1,10069077258704e-01;0
-2,84068208071077e-02;0
-8,14990762725835e-02;0
-1,38269658691222e-01;0
-7,23022754545679e-02;0
4,84106357304827e-02;0
-5,59974681157237e-02;0
9,79201070507923e-02;0
-6,34259905559705e-02;0
-1,03214526686063e-01;0
-2,54561214851525e-02;0
-1,60816392234923e-01;0
-3,65653751757415e-03;0
4,46608081434775e-02;0
3,62790130265289e-02;0
-7,59878988662501e-02;0
-2,53279397398766e-02;0
-1,83633768263731e-01;0
-1,14670660954056e-01;0
-1,25080926523290e-01;0
-1,64651136008529e-01;0
-2,04686896531041e-01;0
-3,50335753574688e-01;0
-1,71664176337213e-01;0
-4,66768912342802e-03;0
-1,45367678839077e-01;0
-1,72216462515568e-01;0
-1,82402045508101e-01;0
-1,85687164612767e-01;0
-1,06778401417953e-01;0
-1,17086408613125e-01;0
1,02530441754852e-01;0
-1,60744455119142e-01;0
-1,79209603427728e-01;0
-1,37326186579867e-01;0
-2,38333421044131e-01;0
3,08384934841294e-02;0
-6,85201947893235e-02;0
-4,25933568274798e-02;0
-1,55212285606096e-01;0
NA;NA
7,99947946563844e-02;0
-5,07871507517421e-02;0
-5,85795337774804e-02;0
-1,34300210056497e-01;0
-1,40408624350535e-01;0
-4,66857589372340e-02;0
-1,70111253330513e-02;0
1,80815625399812e-01;0
-4,37227029281578e-02;0
3,81713224674737e-02;0
NA;NA
8,51780253804025e-02;0
-1,89946374838639e-01;0
3,30979331940274e-02;0
9,58675862666101e-02;0
2,46896594202091e-03;0
-4,95715574441860e-02;0
-3,04508553849483e-02;0
-8,18206314891607e-02;0
3,75794753556602e-02;0
7,37000017488480e-02;0
-1,26409774174733e-01;0
8,71767535506705e-02;0
NA;NA
3,01502280674009e-02;0
6,36901416182053e-02;0
1,04006504333211e-01;0
-8,50081810183759e-02;0
6,91940807874425e-04;0
-2,96480722185038e-01;0
6,49078910755648e-02;0
-2,04535760666549e-01;0
-1,13496789284576e-01;0
-7,99770440203228e-02;0
1,00021960800297e-01;0
4,71391768452549e-02;0
-2,47145503158089e-03;0
-4,80882537962623e-02;0
5,07397745837693e-02;0
9,73578915681778e-02;0
4,86487087456055e-02;0
-4,71567955801566e-01;0
4,47433652423077e-02;0
4,74920480261306e-02;0
-2,36439874524504e-01;0
2,05314232049268e-01;0
-6,26790071370587e-01;1
-1,09851401908119e-01;0
-2,02726656459792e-01;0
-1,71066367382250e-01;0
-6,49852327937515e-02;0
-4,59572723662120e-01;0
-4,52172351147723e-02;0
-4,41797020827622e-01;0
9,22635733856544e-02;0
3,76482093921186e-02;0
1,75978682136216e-01;0
-5,47507774367174e-02;0
-2,15410242525956e-01;0
-2,01151468613109e-02;0
-1,23724185267321e-01;0
9,50978129623675e-02;0
-1,84172159854216e-01;0
-4,73942173115248e-02;0
-1,97701650960979e-01;0
-3,56544849069292e-02;0
-3,59316398982140e-02;0
-4,68597733681735e-01;0
-7,08588737320567e-02;0
5,53744019695745e-02;0
-1,18101392309423e-01;0
-1,47727563537570e-01;0
NA;NA
-2,44941801096528e-01;0
-2,04897078063157e-01;0
-5,30620315518019e-01;1
4,65828801491719e-02;0
-7,10603180952825e-04;0
-1,31811410428290e-01;0
-3,65785947395885e-01;0
-4,42414266962426e-02;0
7,47161914357517e-02;0
-4,92700249381891e-02;0
5,71727111347425e-02;0
-1,24282397550415e+00;1
-2,06731828160299e-01;0
-5,60333761181729e-01;1
-2,37151789553783e+00;1
2,85748022823965e-02;0
3,36074370611012e-03;0
3,19518502886800e-02;0
-2,10573915264435e-02;0
-1,38952341627901e-01;0
8,51846947002827e-02;0
-1,79164270377764e-01;0
1,03998341540979e-02;0
7,38243831307591e-02;0
-1,93500726240463e+00;1
NA;NA
-4,95074587577132e-02;0
1,66086306008317e-02;0
2,77218761537717e-02;0
-7,53098876773584e-01;1
NA;NA
NA;NA
NA;NA
-1,32257533866158e-02;0
-8,96584483724411e-03;0
7,07038507137265e-02;0
6,20449800795047e-02;0
-2,68128713207825e-02;0
4,70451068513036e-02;0
3,65737222419225e-03;0
2,96176202211346e-02;0
1,43897281756099e-01;0
9,32327592816293e-02;0
1,35893677327913e-02;0
5,77773427113882e-03;0
1,12298476120939e-02;0
1,12921575202295e-01;0
1,06637802041444e-01;0
4,48160311923505e-02;0
-1,61421612718691e-01;0
-4,95270802112458e-03;0
-8,84352470280623e-02;0
-6,82716103086190e-04;0
-1,50984487296988e-02;0
-7,94069589411641e-02;0
5,21663610539519e-02;0
-4,79172511137287e-01;0
1,22277438066917e-01;0
-8,41788432282497e-01;1
-5,85217078709446e-02;0
-3,21746565366390e-02;0
-5,35068138522911e-02;0
3,48012670700747e-02;0
-1,26219534551848e-02;0
3,99380003021233e-02;0
4,67283785391843e-02;0
-2,52577396319067e-01;0
-2,11901947045009e-01;0
-3,03404072801434e-02;0
-4,88843657541006e-02;0
-1,30130712440271e+00;1
-8,61595230622314e-01;1
1,01773229550720e-01;0
5,82556084675538e-02;0
-1,77837991538019e+00;1
-8,34753945905459e-01;1
-2,24053259241480e-01;0
1,04546241595592e-01;0
-6,64851592067581e-03;0
4,12965429101559e-02;0
5,17276412135166e-02;0
5,34284280948245e-02;0
9,21592328960964e-02;0
-3,94668028003833e-02;0
-1,39486874873910e-03;0
-1,43931488068713e-01;0
-7,29329864643084e-01;1
-5,43717548398766e-01;1
-1,73399422171565e-01;0
6,08786198609177e-02;0
4,31627632338139e-02;0
-4,22214839587254e-02;0
-9,57097039949615e-02;0
-2,18356075995693e-02;0
-5,02937611552399e-02;0
-1,23467995297119e-01;0
-9,02924450667084e-02;0
-1,81982479723118e-02;0
-4,16621000391817e-01;0
1,30102589423122e-02;0
-4,49424642182006e-03;0
-1,03841403102063e-01;0
6,08306076531968e-02;0
2,21395044677770e-04;0
7,57546028537283e-02;0
-1,06322388478375e-02;0
-6,50791501972159e-03;0
-5,65324339305549e-02;0
-1,54565312394218e-01;0
-1,92682901116107e-01;0
5,10676140274717e-02;0
-1,59977755715489e-02;0
-3,81633202223627e-02;0
-9,99004812342330e-03;0
4,61050887785679e-02;0
1,28960554427803e-01;0
-7,00670724229002e-03;0
1,01195024689628e-01;0
-8,66844073902262e-02;0
-7,49036588888436e-02;0
-6,42824215892505e-02;0
-9,39803829083827e-02;0
NA;NA
-2,86846084800537e-03;0
-2,53577575493507e-02;0
1,05788569717301e-02;0
-2,58011450567972e-02;0
3,95094108329577e-02;0
-2,22679820617205e-02;0
NA;NA
5,67006018734227e-02;0
-3,92014035857983e-01;0
NA;NA
-5,88111493845872e-02;0
NA;NA
1,87788161265798e-01;0
-1,83503876907915e-02;0
8,94021787841436e-02;0
NA;NA
NA;NA
NA;NA
NA;NA
2,43405926316127e-02;0
1,28187566406503e-01;0
NA;NA
7,09369881052135e-02;0
1,18992073127004e-01;0
3,93386216598088e-02;0
2,54354899808808e-01;0
1,49839015275099e-01;0
1,04678439365101e-01;0
1,08259011656031e-01;0
1,19206610930260e-01;0
1,40425825028046e-01;0
-5,47931056936349e-02;0
NA;NA
NA;NA
-2,28448902704043e-01;0
-1,67318419681534e-02;0
5,78338246106355e-02;0
-1,12345571702030e-01;0
-8,99715826750765e-02;0
-9,78016929905659e-02;0
-2,17752487669682e-02;0
4,57610262127184e-02;0
-3,87072676191586e-02;0
8,77764445378205e-02;0
6,21264682611258e-02;0
-3,33573142323241e-03;0
4,82562230057529e-02;0
6,00918394217025e-02;0
1,62954884420132e-02;0
-9,59167908615955e-02;0
NA;NA
4,14047867321355e-02;0
8,26233519737360e-02;0
-6,92248076252834e-02;0
9,27650021045142e-03;0
2,55613336412378e-02;0
1,35786750596891e-02;0
-1,20770760879059e+00;1
-1,34975724025227e-01;0
-1,37260547556123e-01;0
-2,97551913649358e-02;0
-1,84706326447570e-01;0
-6,47144469740793e-02;0
-3,32942749825431e-02;0
-2,59639064863469e-01;0
-1,09363359655131e-01;0
8,69141300241838e-02;0
-8,08571185679401e-02;0
-8,58337636889649e-02;0
9,13727180595259e-02;0
-1,15645079459958e-01;0
-7,08503634089043e-02;0
-3,55356106585249e-03;0
-1,85658751739314e-01;0
-1,09885185549990e-01;0
-7,27041322776000e-03;0
3,00500060470684e-01;0
-6,87291331956596e-02;0
4,51261838956980e-04;0
1,15947073045928e-01;0
-1,60823631464807e-01;0
-1,03395024572385e-01;0
-1,29824971750248e-01;0
6,68912084680534e-02;0
-8,42926618147000e-02;0
-5,51350924407946e-02;0
-2,74701719903801e-01;0
1,02253258603378e-01;0
-4,44435726472325e-02;0
4,76069252279968e-02;0
1,93267679948824e-02;0
-3,48806371628645e-02;0
-5,95077862463951e-02;0
-1,72133135182530e-01;0
1,00565264787149e-01;0
-2,05795033713011e-02;0
-3,80676090908340e-03;0
-1,10402791110675e-02;0
1,35652562043976e-02;0
-1,84241283900647e-03;0
-1,94714515620367e-01;0
-1,54976583358915e+00;1
9,59935416444080e-03;0
-5,97497891021934e-02;0
3,55594692739847e-02;0
-1,22787232110066e-01;0
4,18516061376025e-02;0
1,18419176125370e-01;0
-5,01598116512040e-02;0
-3,84275130419925e-02;0
-1,82576580830252e-03;0
1,47525578561442e-02;0
6,51276159645470e-02;0
3,39155857381445e-02;0
-9,35643144802711e-02;0
-6,78631643421107e-03;0
-1,42563369481801e-03;0
1,25136860285539e-01;0
-1,23090822607447e-01;0
-1,85918732908209e-01;0
-9,47690196055465e-04;0
4,32995743080142e-02;0
2,58950202615533e-02;0
6,98064609869950e-02;0
-3,04556159584455e-02;0
1,42835922328380e-01;0
3,69978517963521e-02;0
5,50964249742873e-02;0
-5,96290414514652e-02;0
-1,58457872430988e-01;0
-3,94800584040025e-02;0
-5,68626311412070e-02;0
-4,91775759459624e-02;0
4,88942551807141e-02;0
-2,67563510323320e-02;0
4,18087512280040e-03;0
4,23095544578908e-02;0
-1,08803893693628e-01;0
-9,64292956436377e-02;0
3,16063132273247e-02;0
7,89504006479432e-03;0
8,06078595790388e-02;0
-3,05000011249006e-02;0
1,62755450787018e-02;0
-6,11869777861640e-02;0
8,13142611429734e-03;0
2,79992191622657e-02;0
3,62729835647518e-02;0
8,70599313022109e-02;0
2,41672615605993e-03;0
5,89800098697679e-02;0
-1,01061135944139e-01;0
-2,63146012324118e-02;0
5,67328615131298e-02;0
-1,64257099329010e-02;0
6,51290149913963e-02;0
8,89932054773652e-02;0
1,03554253760507e-01;0
2,18931862641357e-03;0
1,92506905674259e-02;0
-1,16924066420177e-01;0
4,87412752846090e-02;0
-7,08000733706520e-02;0
3,81096710913104e-02;0
-2,97510996579402e-02;0
7,96751781840110e-02;0
6,39555814425516e-02;0
-1,46595435264454e-02;0
-4,53099045628400e-02;0
5,19688933101671e-02;0
7,35812846936602e-03;0
5,67629168369586e-02;0
-6,78536131082991e-02;0
-1,37719269879424e-01;0
-7,31870870204307e-02;0
8,02866270761463e-02;0
1,75851145804859e-01;0
-8,78173538910512e-02;0
-1,98958662279132e-01;0
-1,35192482935156e-01;0
-9,87574120290198e-02;0
1,81777919849658e-02;0
-7,39968919641401e-02;0
NA;NA
-1,59730590585674e-02;0
-3,72164907112233e-02;0
-6,40994048486913e-03;0
-2,61845692820637e-02;0
1,33539388700948e-01;0
9,31654839060650e-02;0
-5,16081482720608e-02;0
-1,05681028146352e-01;0
1,00683961960466e-01;0
5,87356947267064e-02;0
4,12478544073845e-02;0
-1,73876876793299e-01;0
6,20280351578165e-04;0
-5,06966164389479e-02;0
-1,01849630765037e+00;1
-1,04733415429686e+00;1
-3,41909341371676e-01;0
-1,83726897973116e-02;0
-1,27718978266488e-01;0
-8,16560394573786e-02;0
-4,43843936968501e-03;0
-1,01204614391496e-02;0
-2,97315869315193e-01;0
-1,33886452305364e+00;1
-1,16909946120247e+00;1
-5,36281826303961e-02;0
-9,16163416400435e-02;0
-6,22037176320060e-02;0
-1,81496969517206e-01;0
-4,89505429093322e-01;0
1,16102623940477e-01;0
1,91074781098715e-02;0
6,46710972929909e-03;0
-1,03098704824925e-01;0
NA;NA
-7,63134076399383e-02;0
-3,08971714798045e-02;0
-1,22447899946185e+00;1
1,11887764329187e-01;0
4,18240511525090e-02;0
7,84742824953361e-03;0
-5,04076950932425e-01;1
1,05891120453178e-01;0
4,22094215241477e-03;0
9,91996095309187e-02;0
3,90734698290774e-02;0
2,07389370938906e-02;0
-5,66813000285771e-02;0
-3,15957529292035e-01;0
-5,31128225359698e-03;0
-1,20040713384098e-01;0
-4,07368515794135e-02;0
-1,64195278348311e-02;0
-6,44588990323742e-01;1
-4,49917432702932e-01;0
-9,37419088110040e-02;0
4,93581773908662e-02;0
-1,11635171303282e-01;0
4,07815447000734e-02;0
-9,80007959735588e-02;0
1,65740155730479e-02;0
-5,97321070110219e-02;0
-1,22639146146846e-01;0
NA;NA
-1,29732511343842e-02;0
-1,30765860734601e-03;0
6,56889909473095e-02;0
-9,50962506853720e-02;0
-4,72632318766427e-02;0
-3,32912319015991e-01;0
-3,75656539925821e-02;0
3,17963721998846e-02;0
4,26461281642086e-02;0
-2,92665381485775e-03;0
1,56597245646011e-01;0
-4,31492969712644e-02;0
1,77387172705314e-01;0
6,72248964489989e-02;0
-5,28939987353960e-02;0
-2,42727117707184e-02;0
-7,70117680460302e-02;0
-5,17538583881878e-02;0
8,24935930178719e-02;0
1,23998415563379e-01;0
-1,06973236792350e+00;1
-4,08537355314287e-01;0
-2,35437382703144e+00;1
-5,00954306815125e-01;1
-3,85910184981211e-01;0
-5,14559197537335e-01;1
-4,64102641053487e-01;0
-8,21863376687113e-01;1
-1,82374062210630e+00;1
NA;NA
-1,00077071500022e+00;1
-7,99249553590365e-01;1
8,45955886353578e-02;0
-1,05504179083622e+00;1
-9,57928215215464e-01;1
-1,69922871595061e+00;1
1,62300088507768e-02;0
8,94563592384583e-02;0
2,22212279419330e-02;0
-1,11594620342625e-01;0
-1,06047602761284e-01;0
-1,30389979637773e-02;0
-6,16418292239970e-02;0
-1,12192979342350e+00;1
-1,24116479152612e+00;1
-1,05952166772732e-01;0
-2,10531454505967e-01;0
-9,76373318647192e-01;1
3,94562327547727e-02;0
-7,92789507386503e-01;1
-1,25486653247681e-01;0
-3,64001064868812e-01;0
NA;NA
-4,32167607282331e-02;0
NA;NA
-1,33394397293540e-01;0
-1,93601287047842e-01;0
-1,35262702190055e-02;0
-8,05669727663795e-02;0
-1,58289649793887e-01;0
-7,70539659213754e-02;0
-1,17245723818044e-01;0
-5,06045942534229e-02;0
5,29406536749929e-02;0
1,53180900710927e-02;0
-8,57608281173715e-02;0
1,16537765029859e-01;0
1,08523291494503e-02;0
NA;NA
-1,14972044371933e-01;0
-2,18074794853015e-02;0
9,31503600364533e-02;0
-1,29659601690817e-01;0
-2,63504674878216e-02;0
6,33802615621182e-02;0
-5,42448065842851e-02;0
1,48450100843462e-01;0
9,36857395128974e-02;0
-2,16205234499562e-02;0
9,96593636711276e-02;0
3,42279006817993e-02;0
-2,44494821391127e-02;0
3,89402247136317e-02;0
-1,64143965448703e-02;0
-1,38100125025222e-01;0
-3,66831655104154e-02;0
2,85257177689530e-02;0
-1,36426985004726e-01;0
-1,22192108597535e-01;0
-4,17860860322861e-02;0
2,58278020512509e-02;0
-1,48179449282710e-01;0
-3,12429865183685e-02;0
-7,33440602321537e-02;0
-3,95334498306086e-03;0
7,19144338844481e-02;0
-3,88551742736861e-02;0
4,34711009680681e-02;0
7,41836401883480e-02;0
2,71899025796258e-02;0
-6,55053524184693e-02;0
-3,06735381611573e-01;0
-1,13508141017890e-01;0
5,34751668848156e-02;0
3,96410210487295e-02;0
-1,32785755077576e-01;0
3,39320067238358e-02;0
4,95269274658895e-03;0
-4,55357979405312e-02;0
-3,64339847727692e-01;0
-6,60922068274096e-01;1
-2,00168988223305e+00;1
-6,80887620301348e-02;0
3,77057435788796e-03;0
-9,15823284527787e-01;1
-4,39648786824987e-02;0
3,05100577035653e-02;0
1,18574437473881e-01;0
-2,23709848806166e-02;0
5,73041225446925e-02;0
-5,71144861697333e-03;0
1,55332855591829e-02;0
-1,22777896278062e-01;0
-1,86034804340029e-01;0
3,82883051309076e-02;0
-1,11179974948500e+00;1
-3,36898763438466e-01;0
2,76040364525029e-02;0
1,10742446807192e-01;0
2,69400705439772e-02;0
-7,13622661604147e-02;0
-7,82628587795446e-02;0
-1,24251151901672e-01;0
4,09975476807925e-02;0
-2,34874228233274e-01;0
-9,11039187890981e-02;0
-1,45608504611755e-01;0
-1,05743486603490e-01;0
-1,00369247965807e-01;0
-1,63807867786591e-01;0
-6,01859067013397e-02;0
-1,44120588403486e-01;0
-2,61347075924255e-03;0
8,20172294805818e-02;0
-1,35979488450832e-02;0
-2,45294457530390e-02;0
-4,33380149430238e-01;0
-7,90714216438353e-03;0
-1,57721152581768e-01;0
2,85445798661327e-02;0
1,37301894391824e-01;0
2,77264395367519e-02;0
-8,40386381987365e-02;0
6,30608329675387e-02;0
-3,35230260277020e-02;0
-3,85948232695437e-01;0
-5,86150761741118e-02;0
-9,26299758173798e-02;0
9,29167566365943e-03;0
5,46243854047328e-02;0
-5,80615705214591e-02;0
5,00859939137777e-02;0
-8,98796166440256e-02;0
-9,66009837531503e-02;0
NA;NA
5,57480902584633e-02;0
3,83015072340483e-02;0
4,00653417777093e-02;0
-4,41726742403857e-02;0
1,55709168295798e-02;0
-1,70803022994099e-01;0
-2,35939510071767e-02;0
-7,77420682776169e-02;0
-1,92308924745538e-01;0
-1,44251786573190e-01;0
1,28409095327091e-02;0
-8,20049279488541e-03;0
-7,12580602751522e-03;0
-3,03962578325497e-02;0
-8,12004464416587e-02;0
1,93093111452838e-01;0
-6,26751692449819e-02;0
-3,61025999282321e-02;0
-8,15282188401497e-02;0
9,40419994889233e-02;0
1,42070441450939e-02;0
1,71620398170626e-02;0
-9,98824174468248e-03;0
1,44085205007701e-01;0
1,73357266838108e-02;0
-1,73684655590071e-01;0
-3,78905269156196e-02;0
-7,40638017232767e-02;0
NA;NA
3,58793492497484e-02;0
1,98436853630894e-01;0
-4,48710134602625e-02;0
7,20344569553154e-02;0
1,99991555447909e-02;0
-7,48886782095424e-02;0
-3,16415850448016e-02;0
7,46033153278840e-02;0
1,11424358693309e-01;0
-4,02019740486380e-02;0
1,03159286121273e-01;0
-1,51920382824038e-01;0
1,14283004785085e-01;0
3,50271956178033e-02;0
-4,70576253482057e-02;0
5,72548199442162e-02;0
1,35803625378190e-01;0
-1,94337921489933e-03;0
-2,33275297540310e-02;0
-4,40109065078100e-01;0
-5,66023611238609e-02;0
6,24645199665530e-02;0
7,27489906084055e-02;0
-8,76841434975361e-02;0
-1,34601063249986e-01;0
-4,56367827300171e-02;0
3,47061605618264e-03;0
-4,23754890963407e-01;0
-1,38513359050694e-02;0
-6,78928536637697e-02;0
-9,33397143466391e-02;0
-1,50241033212072e-01;0
1,11310730211135e-01;0
-4,78555515785846e-02;0
-1,39632174378942e-03;0
1,12206825937248e-01;0
-1,75027024316120e-01;0
-1,51355476121461e-01;0
-6,70421913880606e-02;0
NA;NA
8,40483023752788e-03;0
-1,01092252368437e-01;0
-8,99368565479194e-02;0
-2,42278229507132e-01;0
-2,48468328044066e-01;0
-1,53717248129365e-01;0
-7,26383766511910e-02;0
-2,26770626234294e-02;0
8,54115871463371e-02;0
5,15029824906684e-03;0
3,56766208724423e-02;0
-4,47406956754533e-02;0
-6,16352153647154e-01;1
8,50294643080384e-02;0
-9,53173139936317e-01;1
-1,15881156152138e+00;1
-1,76560110365776e+00;1
2,50818963329967e-02;0
-1,39566514842588e-01;0
-2,10234938574247e-01;0
4,09595192770716e-02;0
-6,66694883293838e-01;1
-7,13707922304395e-02;0
-6,42878332030439e-03;0
-3,28023047205189e-01;0
-1,37849925363268e+00;1
-1,68082463634745e-02;0
4,86663992342354e-02;0
4,97517545611692e-02;0
-4,59319818673946e-01;0
3,32493335152680e-02;0
4,14589879497644e-02;0
-2,05133977278264e-03;0
4,26343797973767e-02;0
7,18352048165902e-02;0
-3,87445373955294e-02;0
4,76335928092820e-02;0
-1,72686035436787e-01;0
-6,18004322364361e-02;0
-3,98133387908122e-02;0
2,39338535600445e-03;0
NA;NA
1,10855814234813e-01;0
-7,84413041180773e-01;1
9,16515856351121e-02;0
-3,08377467780082e-01;0
-2,59013814735432e-02;0
-1,20272390740743e-01;0
-1,38937741710868e-02;0
5,23542179403996e-02;0
9,50526136972268e-02;0
-8,67214733402426e-02;0
7,56138222830901e-02;0
7,92996145839633e-03;0
8,93119480469427e-02;0
2,90770137659134e-02;0
8,78412563496035e-02;0
-2,04043473694699e-01;0
-5,26057215993346e-02;0
-1,80831271596117e-02;0
-1,92953170195603e-01;0
-1,25262197728471e-02;0
2,98476046088894e-02;0
-1,79075307741853e-01;0
9,72730048428422e-02;0
3,67727047899354e-02;0
-6,63486607739307e-02;0
NA;NA
1,22451064596162e-01;0
7,24561827856252e-02;0
-1,15698255767928e-01;0
5,85205001295476e-02;0
-1,02459371639152e-01;0
-4,26063940321655e-02;0
3,52494317967432e-02;0
4,64938084390485e-02;0
-1,10839076410344e-01;0
-7,66632968520503e-02;0
-4,88403216058281e-02;0
-1,36138891193468e-02;0
5,26055489880474e-02;0
9,21452849129380e-02;0
1,04037607292958e-01;0
-7,08699826800951e-03;0
-1,30794358468750e-01;0
5,30025140034420e-02;0
1,16746647811700e-01;0
-2,67699097370549e-02;0
-3,96232545385947e-02;0
NA;NA
4,50468997419668e-03;0
-9,45112523362381e-02;0
1,32894997228030e-01;0
-4,23194906262451e-03;0
2,55079215509433e-02;0
-2,21448592746250e-02;0
-1,93179138541966e-01;0
1,49052106378751e-01;0
-3,79532239192504e-03;0
7,67352552638236e-02;0
-2,67254646232522e-01;0
6,84791527388583e-02;0
5,24904561418254e-02;0
-1,56066344807562e-01;0
6,15910717699403e-03;0
2,73972380936361e-02;0
6,80178203616999e-02;0
-2,71884169136410e-03;0
-7,10598818199035e-04;0
4,60023545862052e-02;0
1,10272409088740e-01;0
-1,66426938642512e-01;0
3,99666492139953e-02;0
6,22620239039931e-02;0
-1,82960247206077e-01;0
-2,36624501776424e-02;0
2,89908845785314e-02;0
1,82529687446190e-01;0
6,97697231141170e-02;0
7,46462979899481e-02;0
-8,69854716025926e-02;0
-1,32255270287988e-01;0
1,57429006679961e-02;0
5,91819926737058e-02;0
-1,99006430325793e-02;0
-1,88493908169760e-04;0
3,20334036798740e-02;0
2,60712541322045e-02;0
-4,53778914346343e-02;0
-2,12905756246103e-02;0
-6,47372612666498e-03;0
-3,38988821731307e-02;0
-1,25720094659020e-02;0
4,82970825672275e-02;0
-3,35471541969266e-02;0
3,94840201224993e-03;0
3,44263023248332e-03;0
3,44308210552193e-02;0
1,14666826642849e-01;0
NA;NA
NA;NA
-2,78083907683889e-01;0
-4,83680038088493e-02;0
2,62883793941042e-02;0
2,98546940399332e-02;0
-2,16374907325302e-02;0
-1,65620364301496e-02;0
-9,00865967788862e-02;0
2,78569593361073e-02;0
-2,85700105123381e-02;0
-1,31690757388846e-02;0
-1,60941735256573e-01;0
3,06844499342745e-02;0
-1,41717462100875e-01;0
1,72379594822809e-01;0
5,90369507233791e-02;0
-1,06980155998398e-01;0
-1,88582544272013e-02;0
-4,46252809157840e-02;0
-1,25396292807637e-03;0
-1,70933199359560e-01;0
-6,64094533819514e-02;0
-5,89840739868210e-02;0
-2,87942775858687e-02;0
-1,37605689704370e-01;0
-1,88564262250968e-01;0
-6,34692684032074e-02;0
-5,27991612601898e-01;1
-5,22268560034015e-02;0
9,67024548707924e-03;0
4,06567686444144e-02;0
-1,72782882124193e-01;0
-3,00421127682331e-02;0
-1,12639125557247e-02;0
5,37779973656788e-02;0
-3,55957767222813e-02;0
-1,23350314072319e-01;0
-6,18708124160479e-02;0
-1,47752308919484e-01;0
NA;NA
1,35939884128263e-01;0
-4,17461932788944e-02;0
2,01856114829441e-02;0
-5,24162262661054e-01;1
-1,06912837163111e-01;0
-2,15234347315090e-01;0
-1,60982326911000e-01;0
1,71644580659319e-01;0
1,07977583189845e-01;0
-2,93858257527583e-01;0
-7,87480803864256e-02;0
-8,94388698795389e-02;0
-6,55621024267368e-02;0
-2,13307352916875e-01;0
-1,68424446155911e-01;0
6,51474274845968e-02;0
1,91688627717334e-02;0
-7,12979642128165e-02;0
5,69108214088296e-02;0
-1,83084436839827e-01;0
NA;NA
7,45942856935307e-02;0
-3,83855150987035e-02;0
2,46538216867495e-03;0
1,43676534975415e-01;0
-2,28816611904624e-02;0
-5,68956108827692e-02;0
2,27574301133000e-02;0
4,05958005895386e-02;0
5,72341706378826e-02;0
-4,18668844437170e-01;0
-2,40196419042814e-02;0
6,00443788850584e-02;0
1,99555985223626e-02;0
-1,62220136389688e-01;0
3,25053662614812e-02;0
8,96805573551869e-02;0
5,72166322472834e-02;0
-2,40461852224732e-02;0
1,72594190408038e-02;0
1,49790738365900e-01;0
1,01618401954585e-01;0
NA;NA
-2,72765944267362e-01;0
2,87271727784118e-02;0
-4,06737380980442e-02;0
-2,92995490307095e+00;1
9,92840873128077e-03;0
-4,63691239330511e-02;0
-5,60826116744313e-03;0
-4,79319826671243e-01;0
-1,53944543716065e-01;0
2,04703147602584e-02;0
-4,58574226003228e-03;0
-1,27159672132031e+00;1
-3,88879551288050e-01;0
3,06546123583315e-03;0
-1,04387897855164e-01;0
-8,84776536306691e-02;0
-1,20947000273277e-02;0
-5,28937980328728e-01;1
-1,97783555241575e-01;0
-3,36372804355600e-02;0
-1,44790001728215e-01;0
-3,20543976082950e-01;0
-1,90086411650087e+00;1
-5,20740623808794e-02;0
7,40803524051712e-02;0
-5,19562197069648e-02;0
-2,82396433530688e-02;0
-2,13727799243824e-01;0
1,72058861638049e-02;0
-5,59858061908971e-02;0
-2,92166059537299e-01;0
-2,69679054263968e-02;0
-2,12357000494622e-02;0
5,62987531098356e-03;0
-5,85489710409530e-01;1
3,76469868084721e-02;0
-8,05996952115896e-02;0
6,50848093519386e-02;0
NA;NA
-4,70279334775363e-02;0
-3,51918212750589e-02;0
-2,47144607899976e-03;0
-1,03912339365739e-02;0
-2,63653378661723e-01;0
-1,59725936447737e-01;0
-2,54076904596660e-02;0
3,09217415213363e-02;0
-1,26765908085771e+00;1
-4,07738636004776e-02;0
3,85395717842416e-02;0
4,18535923627003e-02;0
1,07194225797570e-01;0
1,15500101608044e-03;0
7,74324739310677e-02;0
1,41338964387449e-01;0
2,99259542240511e-02;0
1,36584968487179e-01;0
-4,76918042769453e-02;0
-2,93901569624450e-02;0
-5,37152971404787e-02;0
1,09649995933330e-01;0
NA;NA
4,33592300623024e-02;0
-1,79606479802528e-02;0
8,24443032974670e-02;0
-4,90777534713086e-01;0
-1,10712027229940e-01;0
-7,03167913821675e-02;0
-1,45818414524880e-01;0
-1,04374818751816e-01;0
-3,04245296263134e-03;0
7,17221333565653e-02;0
4,79962789920893e-02;0
-8,75450918134776e-03;0
3,38400186697483e-02;0
-3,27492073007133e-01;0
-1,22829335522202e-01;0
NA;NA
-4,94821373232027e-02;0
3,91973341251579e-02;0
-4,73275882375909e-02;0
-2,66044578881885e-01;0
6,75682423375736e-02;0
-2,30362243031741e-01;0
-6,48104033087862e-02;0
-1,41637631164618e-02;0
-7,66035241671587e-02;0
-4,69468655599469e-02;0
1,07388884054155e-01;0
-4,22371256806064e-03;0
-1,41366863837494e-01;0
1,21185010548985e-02;0
NA;NA
-2,27573880903769e-01;0
-6,30819558725475e-02;0
-5,13411450235959e-02;0
4,51953793168441e-02;0
-1,04905746038356e-01;0
-3,17211082139968e-01;0
-1,40264458482260e-01;0
1,78726419079919e-02;0
3,67821405595537e-02;0
1,51671156761222e-02;0
5,40819119851942e-03;0
6,00916312680899e-02;0
-1,07337851078656e-01;0
-8,18284046788387e-02;0
1,42452130225637e-02;0
-1,22587051532162e-01;0
3,52504476467533e-02;0
-2,22006724364543e-02;0
2,78483382821253e-02;0
4,79946634244715e-02;0
7,05361376856121e-02;0
-1,01400403769503e-01;0
-5,19378417614742e-02;0
7,04382515184764e-02;0
3,68344539879867e-02;0
4,98309584693071e-03;0
-1,14132738281762e-01;0
5,93548909765558e-02;0
1,23215125081211e-01;0
-7,60490256312262e-02;0
1,46334916082237e-01;0
-1,60959986658796e-01;0
-2,21675506721015e-03;0
-8,59039275020363e-02;0
1,23563993467302e-01;0
5,17311691843676e-02;0
-9,19310218628778e-02;0
1,08747877807358e-01;0
6,48395541569586e-02;0
1,20624337290378e-02;0
6,91757568706779e-02;0
5,51240731644450e-02;0
5,89870538419798e-02;0
6,13841793188056e-02;0
7,93477314145896e-02;0
1,42687716077868e-01;0
2,86137097969606e-02;0
3,14493566002828e-02;0
-1,21665226477415e-02;0
-5,91387563575756e-02;0
2,87639060190997e-02;0
7,91842691942952e-02;0
-1,02613915313547e-02;0
-2,40537740564532e-02;0
8,82293886222297e-02;0
-6,15924215799804e-02;0
6,19788424768725e-02;0
8,71003231210894e-02;0
NA;NA
2,02624640292272e-01;0
9,46275960488608e-02;0
4,19650548929639e-02;0
1,77606076613461e-01;0
9,64410130330046e-02;0
1,28794022459012e-01;0
-1,30595781340251e-02;0
2,08723833747828e-03;0
-1,78464762704007e-01;0
-2,69510757342676e-01;0
3,54645353923468e-02;0
-3,75638898710085e-01;0
-9,62798677916961e-02;0
-4,85496697403030e-01;0
-2,27612338608653e-01;0
4,72339958393709e-02;0
-6,36541079889650e-02;0
4,68419691221678e-02;0
-1,18875269610764e-01;0
-6,40608126016552e-01;1
1,25899048628585e-01;0
-2,86358103607255e-02;0
-3,09656389095648e-01;0
4,30097926567836e-02;0
9,25394997440624e-02;0
-2,89813250037546e-01;0
5,96792655546037e-02;0
-1,54298242375065e-01;0
1,11638765503036e-01;0
-2,55746647445383e-01;0
-8,14088461054434e-02;0
-2,56573459480766e+00;1
8,36162177003774e-02;0
-3,16398424236148e-02;0
-4,87376813655123e-01;0
NA;NA
-4,37238113049656e-02;0
-5,49784443611241e-02;0
NA;NA
-4,57061480963933e-01;0
-5,16830698558026e-02;0
2,83118630952177e-03;0
-1,20661145526767e-01;0
NA;NA
3,57677072054081e-02;0
-1,11133439098928e+00;1
-3,30003678203987e-02;0
-2,80993294223810e-01;0
-9,37604885205236e-02;0
-8,69795868816297e-02;0
-6,24506452005617e-02;0
-8,94484460468388e-02;0
NA;NA
NA;NA
-5,71825546114409e-02;0
-7,72319225069859e-02;0
8,77432747818734e-02;0
2,71935371931334e-03;0
-1,20275418855590e-02;0
-1,00636090193705e-01;0
1,92632915005762e-03;0
-1,19306437735354e-01;0
2,57160773344940e-02;0
-3,15961239219470e-02;0
-1,25390457727210e-01;0
8,24055681735465e-02;0
-2,62664508277317e-01;0
-7,50025044249599e-02;0
NA;NA
NA;NA
-9,62357611205204e-03;0
-7,58064966159621e-02;0
7,59094046913265e-02;0
8,20094053840113e-02;0
7,30693426387836e-02;0
4,52653127927406e-02;0
-1,10094999347147e-01;0
3,51325397942518e-02;0
-4,75969410633889e-02;0
NA;NA
-1,71446786158171e-03;0
NA;NA
-9,16069224732526e-02;0
-4,03312686548724e-02;0
-1,12010016250603e-01;0
2,11012816426188e-02;0
-9,81576178431548e-03;0
-1,62662862601098e-02;0
-6,46454958110637e-02;0
-7,48017333681287e-03;0
-6,41805852329878e-02;0
-1,51988075598037e-01;0
NA;NA
-1,62090558401679e-02;0
NA;NA
-4,65994996673135e-02;0
-1,83904796216831e-01;0
1,71174665109995e-02;0
-1,02220410747816e-01;0
NA;NA
-8,62188370232577e-02;0
2,47114387804749e-02;0
NA;NA
NA;NA
2,32052721521766e-01;0
NA;NA
9,45918299177211e-02;0
-1,42699406633820e-01;0
NA;NA
NA;NA
1,11147240746688e-01;0
-9,45470415085403e-02;0
-3,86137718517350e-01;0
1,47412202153584e-01;0
3,66878438993151e-02;0
1,79202519516241e-01;0
6,87584694916747e-02;0
-8,33341900793398e-02;0
-8,67662971229581e-02;0
-5,21561953238728e-02;0
NA;NA
-4,12106836574925e-02;0
-1,25424189732141e-01;0
1,92076727292988e-02;0
-2,49414863651600e-01;0
NA;NA
4,92009568889886e-02;0
NA;NA
8,78386707912152e-02;0
6,66517115956673e-03;0
-1,29185719137565e-01;0
-1,74059009221196e-01;0
-1,08295103578911e-01;0
4,24057946747878e-02;0
1,00297405459122e-03;0
NA;NA
NA;NA
NA;NA
-3,62614075307280e-02;0
1,14596611494550e-01;0
1,06576043177521e-01;0
NA;NA
-1,21875832435988e-01;0
5,96230741943934e-02;0
1,82424458064838e-01;0
1,39133362732709e-01;0
7,60667201675118e-02;0
-9,76288719709399e-02;0
6,64092026826678e-02;0
-1,03722440074726e-02;0
NA;NA
NA;NA
NA;NA
-9,58117431225518e-01;1
NA;NA
NA;NA
-4,30968357407709e-02;0
NA;NA
NA;NA
-1,47585168922740e-01;0
NA;NA
NA;NA
-2,46826940878564e-01;0
1,03920774466239e-01;0
-2,38821929650502e-01;0
NA;NA
NA;NA
NA;NA
NA;NA
-1,75096418088356e-01;0
NA;NA
3,52716649940478e-02;0
NA;NA
NA;NA
-7,86327885566719e-03;0
7,82980068883301e-02;0
NA;NA
-1,69021333496667e-01;0
NA;NA
NA;NA
-1,73751980726129e-01;0
-1,62406843862345e-02;0
-1,56233533261609e-01;0
2,21253515599107e-02;0
-2,17325940656274e-02;0
-9,79399378602359e-01;1
1,92309482777954e-01;0
-2,54590808124034e-01;0
5,62747969489773e-03;0
-2,05479806383919e-03;0
6,30589896071463e-02;0
-5,54853639120261e-02;0
1,37629587502223e-02;0
5,65955097086056e-02;0
4,19310960528810e-02;0
-1,41682469426924e-01;0
-1,43860181854756e-01;0
-4,37264676122138e-02;0
8,65069412828991e-02;0
9,97933136883823e-02;0
7,36211266143804e-02;0
-4,34957598326846e-02;0
-1,63004152496837e-01;0
-3,36156468198090e-02;0
NA;NA
3,80402641546191e-02;0
1,08285526253661e-02;0
-2,70334577710074e-01;0
-1,23066474907782e-01;0
-9,23207423860453e-02;0
2,48248366265507e-02;0
6,09276583927080e-02;0
-2,08848514080208e-02;0
1,12891205825306e-02;0
3,66254862936800e-02;0
3,72236443174812e-02;0
-2,09763175723568e-02;0
-6,92449263951966e-02;0
-1,25324187440866e-02;0
-9,16296083255125e-02;0
1,34067496705878e-01;0
-1,18238200913983e-01;0
-1,25556000274983e-01;0
1,34615095901956e-01;0
1,90294411415435e-01;0
2,27192753179753e-03;0
1,56612184776383e-01;0
-2,29758520541842e-01;0
-5,58768344017988e-01;1
-5,45017728861505e-01;1
-4,93119833813079e-01;0
-1,29181212102226e-01;0
3,50960813003433e-03;0
8,57374950673427e-02;0
-7,40481862211244e-02;0
-1,14499534111943e-01;0
5,10196039168565e-02;0
-6,68143225878641e-02;0
1,24107962587352e-02;0
1,29484546230152e-01;0
-4,58869492847800e-02;0
-2,51726343967169e-01;0
-4,07881835445688e-03;0
-2,65978742972657e-01;0
-5,56762559967083e-03;0
-1,58650578498913e-01;0
-1,30163116062329e-01;0
-1,30992392446130e+00;1
-4,67487262191537e-01;0
-8,19926378462335e-01;1
-1,00122319843970e-01;0
-9,11634129237147e-02;0
-6,76190002732340e-02;0
5,18365263599999e-02;0
-8,18256061595427e-03;0
-7,94723697760719e-02;0
-3,99226712726639e-02;0
-3,42025746165125e-02;0
-1,23442846613079e-02;0
NA;NA
3,29942385522947e-02;0
7,44651590253747e-02;0
1,88727898989992e-03;0
2,57689417896859e-02;0
1,17101736969672e-01;0
-1,07093025985765e-02;0
-9,21337230785215e-02;0
-3,38098189070328e-01;0
NA;NA
NA;NA
-4,30937184940307e-01;0
NA;NA
NA;NA
NA;NA
-3,30515206359604e-01;0
1,07494176618223e-01;0
-1,43573248882588e-01;0
NA;NA
NA;NA
NA;NA
-4,33821764921158e-01;0
-9,24792852260063e-02;0
6,50170504756473e-03;0
1,36428849509279e-01;0
-3,22327241825089e-01;0
-1,33959782694673e-01;0
NA;NA
-2,06887530477875e-01;0
7,03674860555260e-02;0
-2,08661123408780e-01;0
-3,41482054146306e-02;0
-2,09650008866040e-01;0
-2,31852564704718e-01;0
2,44480949398603e-02;0
-4,42313543178862e-02;0
1,71038892490031e-02;0
1,15372115372589e-01;0
3,78175189778252e-02;0
1,10026198092649e-02;0
-6,97100184043088e-02;0
-1,68164452197185e-03;0
6,93076626287971e-02;0
1,75384634279303e-01;0
-1,84684432946025e-01;0
3,85995412635958e-02;0
-6,72299625874483e-02;0
-2,66158694382939e-01;0
9,29744971613637e-02;0
8,39092374450730e-02;0
2,31243189213400e-02;0
6,24723868679759e-02;0
-4,57060026349696e-02;0
-2,00727017089883e-01;0
-1,13224245449806e-01;0
-6,67834433588385e-03;0
2,61684031983449e-02;0
8,14231171877024e-02;0
-1,19995487361720e-02;0
-1,05584995003811e-02;0
3,60667781049650e-02;0
8,29095721319866e-02;0
3,55528267239415e-02;0
NA;NA
1,09708377973399e-01;0
1,72863294422727e-01;0
-1,14892297365864e-01;0
4,10750309716946e-02;0
-2,52998105962825e-01;0
-1,94518662337912e-01;0
2,93179382174990e-03;0
-4,24304559602544e-01;0
-5,14326093029413e-01;1
-1,32603788894373e-02;0
-1,87580527872271e-01;0
-4,52220524403574e-02;0
-7,61999352242691e-02;0
-1,47481332350433e-02;0
1,51412790848945e-01;0
-1,16844092302358e+00;1
-4,26251094730259e-02;0
-6,41992628700637e-02;0
NA;NA
2,86253959162367e-02;0
1,27849269513734e-01;0
1,74347362285964e-02;0
-1,20436835680563e-02;0
-1,20363081502251e-01;0
3,73212361881839e-02;0
2,50678234905639e-02;0
3,07420851452465e-02;0
-2,06034187403858e-01;0
-5,78476768078743e-02;0
NA;NA
NA;NA
1,17639436912757e-01;0
-2,33347216920220e-01;0
NA;NA
NA;NA
-2,38133389121627e-02;0
-1,12418803228674e-01;0
2,14599408557915e-02;0
4,89099491031702e-02;0
1,84725716149797e-02;0
1,92533329697268e-01;0
8,51678655577038e-02;0
-1,73002229240631e-02;0
2,17653394314667e-02;0
-5,38553850814938e-02;0
1,19609586342636e-02;0
7,96988522183416e-02;0
-1,41061583558891e-02;0
6,47933468561742e-02;0
NA;NA
3,86805199021855e-02;0
-7,91545681106027e-02;0
5,63449604332136e-02;0
4,39823909102027e-02;0
7,87439975289557e-02;0
-6,58864028635754e-02;0
1,45945674385366e-01;0
-6,98468880684684e-02;0
-1,48297993094335e-01;0
-6,75540499579889e-02;0
-4,53011079200723e-02;0
2,11942285392634e-02;0
6,25486284603170e-03;0
-3,25776466264553e-01;0
4,23993016739925e-02;0
-8,41985699841532e-02;0
-1,51716899699711e-02;0
-3,13558869329043e-01;0
-2,83577414100312e-01;0
-7,44491585942055e-02;0
1,02210599888384e-01;0
1,79391568368448e-01;0
-3,06184077479670e-02;0
-4,17387876231653e-02;0
NA;NA
8,53609571954185e-02;0
-6,11008204353692e-02;0
NA;NA
1,44462685797355e-02;0
-2,99857077052064e-02;0
7,58510842326358e-02;0
-3,21847189423002e-02;0
5,84678192970776e-02;0
-8,25167587323144e-02;0
-2,53105781203566e-01;0
5,84143546407114e-02;0
-8,32608549486021e-03;0
6,26671209408107e-02;0
NA;NA
-2,57231119355501e-02;0
-1,22188530704704e-01;0
-8,18529402944134e-02;0
-1,95868968859885e-01;0
-5,37176735510672e-01;1
-2,82357288669282e-01;0
-1,49105682661809e-03;0
-6,69103460420556e-02;0
-2,32852570934404e-01;0
-2,21517716274259e-01;0
-6,36793165753389e-02;0
1,08602482037347e-01;0
-2,57365913416440e-02;0
1,78123989136457e-02;0
1,50384446697139e-03;0
2,69971644933377e-03;0
8,33352831898950e-02;0
-6,76198577099201e-02;0
-5,73869626108531e-03;0
6,54693171512145e-02;0
3,71240313797662e-02;0
-7,55168191993799e-03;0
2,09432635155444e-02;0
1,94341099060808e-02;0
-9,72800409196029e-02;0
4,06203965951098e-02;0
-1,43334123734558e-01;0
-1,17706882180227e-02;0
4,88880551468956e-02;0
-3,34106579766894e-02;0
-1,40493428986983e-01;0
8,04154318511827e-03;0
1,61388708503246e-03;0
-7,62606225745265e-02;0
-6,95450429069987e-02;0
-5,57066362914522e-01;1
1,19845911369685e-01;0
6,60123816183772e-02;0
-8,97898393012684e-02;0
-5,08057833038804e-02;0
8,32866405469082e-02;0
-1,54850430011794e-01;0
1,02024308660092e-01;0
1,02360709551305e-01;0
1,36611360933466e-01;0
2,30759079797137e-02;0
-8,65891619899974e-03;0
-2,00539889182799e-01;0
-1,31787693524004e-01;0
4,54550781162633e-02;0
5,80072734356641e-03;0
-1,02409896515151e-02;0
7,99378755946135e-02;0
2,39605234731552e-02;0
5,29169233549904e-02;0
7,77965698656792e-02;0
1,46635962752718e-01;0
-9,35150953183541e-02;0
7,29894495360503e-02;0
-1,63001302215516e-01;0
-7,54228577771261e-02;0
-8,19866083498128e-03;0
7,23837566195213e-02;0
8,47087279919523e-02;0
-3,97322334256159e-02;0
-4,89589994306074e-02;0
6,06520239740229e-02;0
1,40237372189206e-02;0
8,84187116990690e-02;0
-1,69615405347349e+00;1
1,19044993767767e-01;0
1,58939880743720e-01;0
-3,93107622944214e-02;0
3,27186732731679e-03;0
-5,51033918553392e-03;0
8,79564078380866e-02;0
1,25431395789755e-01;0
-4,78671031616171e-02;0
3,00364021357647e-03;0
-1,51668453616149e-01;0
-7,92212902484960e-02;0
NA;NA
-1,93257122505103e-02;0
2,40577442591145e-02;0
1,32823541249930e-01;0
-5,99404428946060e-02;0
7,90680914754953e-02;0
6,03402224794902e-02;0
1,27742220493678e-01;0
-1,68062764592399e-01;0
-5,89654844117511e-02;0
-7,00295602069296e-02;0
1,04801764877122e-01;0
7,37691068786962e-02;0
4,96857384258564e-02;0
1,34374992435685e-01;0
-1,13001301235108e-01;0
6,08725251424268e-02;0
7,46280688522831e-02;0
5,75173062081237e-02;0
-1,00891318414819e-02;0
-7,29430572326896e-02;0
4,19873147747606e-02;0
6,49153920486666e-02;0
-4,91491711920029e-02;0
-1,06131476262465e-01;0
-1,53002536003298e-01;0
NA;NA
-8,19182957598898e-02;0
1,48194045340581e-01;0
-8,76008330979871e-02;0
-1,09005519752490e-01;0
8,93039253300367e-02;0
2,08458383761740e-02;0
3,42110453926670e-02;0
-9,29681768781189e-02;0
2,23340647043856e-02;0
-6,72866665447013e-02;0
3,99366627045642e-02;0
-8,05604024716538e-02;0
9,21292346017918e-02;0
1,36541936478834e-01;0
3,18618754728766e-02;0
-1,38269583380870e-01;0
2,35307269635788e-02;0
1,29827415911420e-01;0
3,33886771540174e-02;0
-1,26779662310159e-01;0
-8,14585397218977e-02;0
7,08976888064688e-02;0
7,33752288007285e-02;0
-1,40991236584328e-01;0
-1,63951864463853e-01;0
2,67505721232358e-03;0
-1,46342186791095e-01;0
2,91929838759031e-02;0
-6,61649385976622e-01;1
-2,52004276867365e+00;1
-1,79687673208623e-01;0
-3,68243349991230e-02;0
-1,31115697464377e-01;0
2,46329096142257e-02;0
2,83964294125557e-02;0
-1,47715752729615e-01;0
-5,30537697241488e-02;0
5,12938634656354e-02;0
1,15058958017531e-01;0
3,00181987610755e-02;0
1,73925395670505e-02;0
3,56946616834564e-02;0
4,22410252586516e-02;0
9,10379324125826e-03;0
1,36428507557378e-01;0
1,63662913509667e-01;0
-4,42452481595364e-02;0
6,04067679601287e-02;0
4,79495024396734e-02;0
7,53286774790570e-02;0
-7,04493749691769e-02;0
3,57747851840323e-02;0
7,88738716298866e-02;0
NA;NA
NA;NA
-3,57280108300319e-01;0
-1,12766996864480e-02;0
-7,30537877894528e-02;0
6,11720271329045e-03;0
-1,79211244276278e-01;0
4,19489139241387e-02;0
3,68852040600105e-02;0
-6,67838202431513e-02;0
-1,02503456260169e-02;0
-1,01154902240029e-01;0
-1,61272581436894e-01;0
-1,69952984540706e-01;0
1,11193758474314e-02;0
1,13117712907283e-02;0
-2,65408112147085e-02;0
6,03941189697885e-02;0
1,03245147440786e-01;0
1,99223679753359e-01;0
NA;NA
-6,27487292663909e-02;0
-7,95992720984636e-02;0
-1,18598893364229e-01;0
-2,79255481522948e-02;0
-5,22690674469139e-02;0
1,04748189007592e-01;0
6,12694164979483e-02;0
6,24345137860430e-02;0
1,50635619685266e-02;0
1,45750487104199e-01;0
-1,74112775511445e-01;0
1,21282383418350e-01;0
-1,65584097595689e-01;0
3,51409669011886e-04;0
NA;NA
-1,29437820846526e-01;0
-1,77187929925864e-01;0
7,62510400783811e-03;0
-6,48465213021245e-02;0
2,19772096333612e-02;0
3,62300085323883e-02;0
-1,04503564302462e-01;0
NA;NA
1,22368937804323e-01;0
5,19578328900010e-02;0
5,12040278088367e-03;0
1,13697639514570e-01;0
-6,65186593118730e-04;0
4,93148813099347e-02;0
1,35769222071125e-02;0
2,92849319114848e-02;0
-6,42826943421161e-02;0
1,28537328020382e-01;0
-7,12426612813559e-02;0
-7,63903784713240e-03;0
7,90926690854153e-02;0
-3,90379414290285e-02;0
-1,81299431613657e-02;0
1,51431765196819e-02;0
1,83942609049542e-02;0
4,84002894266281e-02;0
-2,81103103893589e-02;0
-5,42468981592179e-02;0
9,04513231374917e-02;0
-2,19132688563369e-01;0
9,42310053496539e-02;0
-1,05621199254505e+00;1
-5,14249570492679e-03;0
-5,29089017226666e-01;1
-7,80336283672806e-01;1
-4,89370295848338e-01;0
-2,92628358846463e-01;0
6,52844034013291e-02;0
-2,69031282872534e+00;1
-1,70874660397946e+00;1
-1,55718925663910e+00;1
-1,16505820138822e+00;1
-8,86432516044087e-01;1
-1,80237565550137e+00;1
-1,79389672834251e+00;1
3,44497481883496e-02;0
-1,09669936955534e-02;0
6,36723974642350e-04;0
1,66796366993052e-01;0
-1,96974587987976e-02;0
-4,08407719728094e-01;0
-7,00630998000898e-02;0
-2,10221120056180e-02;0
2,83953408883635e-02;0
-2,45209588102439e-01;0
-2,21202880759855e-01;0
6,08002473772252e-02;0
-7,98287476542527e-02;0
-2,64110490525576e-01;0
NA;NA
5,82330919603667e-02;0
4,40136118257535e-02;0
-2,18995847113671e-01;0
-1,61419765880463e-02;0
-1,88007535899382e-01;0
-1,97744702621636e+00;1
-7,48603197989800e-01;1
2,85249636711729e-02;0
-2,31489657336377e-01;0
-2,09314201939379e+00;1
8,82506584920347e-02;0
-2,09890871640303e-01;0
1,62638298473794e-01;0
-7,39327134805642e-02;0
-2,44650192419020e-03;0
1,54443361113051e-01;0
2,00770816337350e-02;0
1,33977669962095e-01;0
7,88472398403198e-02;0
4,55528240651222e-02;0
-1,03626184381797e-02;0
-3,60442358115628e-02;0
5,34809656255178e-02;0
1,15931375345919e-01;0
-9,82906312424442e-02;0
NA;NA
-3,36423440566758e-02;0
3,57801129572075e-02;0
-1,57494848283411e-02;0
-1,89524382325531e-02;0
1,56814020352184e-01;0
2,42613630474453e-02;0
-1,60772938967076e-02;0
-1,27404285337813e-01;0
6,23146678327145e-02;0
NA;NA
-1,56067668169167e-02;0
-1,23734257281896e-01;0
-8,35260829306535e-03;0
-1,26847655409504e-01;0
3,13603604417452e-02;0
-6,30663922210144e-02;0
-7,94014110163025e-02;0
NA;NA
-1,46584402199908e-01;0
-2,76915473849095e-01;0
3,84687805114817e-02;0
1,35381350915795e-01;0
NA;NA
-1,49936420244802e+00;1
-5,05341082557866e-02;0
-6,41413781758098e-02;0
-1,31135662780232e-01;0
-2,50837197273975e-01;0
4,14771911704369e-02;0
1,20569121693244e-01;0
1,44263072755731e-01;0
-3,91963300135326e-02;0
-3,52118345041135e-03;0
-6,24321844854578e-02;0
-3,84406119968123e-02;0
2,21703782257063e-03;0
-6,81911070044962e-02;0
4,60500524706168e-02;0
-1,95920034450050e-02;0
4,26482444564932e-02;0
-3,12726681313029e-03;0
-3,65154667515939e-03;0
-1,25018283244576e-01;0
1,35844309438095e-02;0
1,34222822136203e-02;0
6,98271486758935e-02;0
2,19701112187280e-02;0
3,15400719797076e-02;0
5,12778487458331e-02;0
-7,92461560512928e-02;0
-1,62513763874355e-01;0
-6,12768925539205e-02;0
-7,24623689600550e-02;0
1,07060555603008e-01;0
-1,59397626394682e-01;0
-1,66748745158882e-01;0
-8,95309565915825e-02;0
-1,25374787815061e+00;1
-4,45083156781369e-01;0
-1,00069376212999e+00;1
-6,41195203019151e-02;0
-7,24439068496546e-03;0
-2,78394487946572e-01;0
2,11105985592716e-02;0
-1,35109027363290e-01;0
-1,84678318048946e-01;0
-6,55015296548699e-03;0
1,00473631367003e-01;0
-1,42812209373518e-01;0
-1,20326670390176e-01;0
-1,47708404956125e-01;0
-1,76051163456830e-01;0
3,00897567663125e-02;0
7,20643641475184e-02;0
-8,34531041023961e-02;0
1,04066925740448e-01;0
6,06509176558366e-02;0
NA;NA
8,13642205657408e-02;0
1,72395707194927e-01;0
1,04195801184710e-01;0
-2,99479996694785e-02;0
1,12324670313085e-01;0
5,08393205227792e-02;0
1,61506601562637e-01;0
7,18097579098433e-02;0
1,32270424056668e-01;0
8,88289091080295e-02;0
6,90938181810687e-02;0
NA;NA
2,74957301659249e-02;0
9,33075415327268e-02;0
4,40085705383500e-02;0
1,72304254353588e-01;0
9,97365083256484e-02;0
6,33793765329859e-02;0
-4,29706517323772e-04;0
-8,49895354634650e-02;0
NA;NA
-2,29348970462871e-02;0
2,72758347815815e-02;0
1,99600582490003e-02;0
2,29877213675509e-02;0
-8,55585841435949e-01;1
2,44678777324592e-02;0
4,61498126345476e-03;0
-1,27674811800420e-01;0
-9,91613711052337e-02;0
4,29134396694851e-02;0
-2,02883006949665e+00;1
-6,32337371570617e-02;0
NA;NA
-1,97393010094457e-01;0
NA;NA
-1,13860245508913e-01;0
1,16183112265756e-01;0
-3,52783830820628e-03;0
4,95434820573820e-02;0
-5,47538759143240e-02;0
-1,39799098068865e-02;0
1,03255136822165e-01;0
1,03915042885120e-01;0
1,07905146571600e-02;0
2,13136287803662e-02;0
1,56884583859448e-02;0
-1,27817571142622e-02;0
-6,34724106668772e-02;0
7,40500058090334e-02;0
8,68931567458115e-02;0
-1,01360051266438e-01;0
5,71015607727211e-02;0
-1,11918605768137e-01;0
8,18925334780490e-02;0
-1,15141976957472e-01;0
9,43394208343257e-02;0
-6,40110515824974e-02;0
-3,47260866655974e-01;0
-1,62844814306176e-02;0
-9,29234895055836e-02;0
1,69291834850133e-01;0
3,03401202312423e-02;0
-4,74664975841333e-02;0
-2,11034811889233e-02;0
2,21620725259895e-02;0
-1,57000635689641e-01;0
NA;NA
NA;NA
2,32744967495586e-03;0
-1,19004351235453e-02;0
4,56388066262213e-02;0
-1,55798819556773e-01;0
-1,74137969523225e-01;0
6,27281660065227e-02;0
1,01255494239369e-01;0
-8,15952234813665e-03;0
2,56861895229442e-03;0
-1,80530531824442e-01;0
-9,03557499168436e-02;0
-4,04418878407796e-02;0
-2,48476663751437e-01;0
-1,08640454098768e-01;0
-5,59500165000326e-02;0
NA;NA
NA;NA
-4,10635670054773e-02;0
-3,17179338339863e-02;0
-6,35140616603096e-02;0
-3,51356048032434e-02;0
-1,55010506182671e-01;0
-1,65901872900196e-03;0
4,06796531747767e-02;0
-1,27826203967610e-01;0
-6,62349069786557e-02;0
2,56738613832304e-02;0
1,10626047859134e-02;0
9,11205392050493e-02;0
4,27447005217105e-03;0
-7,15521407346536e-03;0
-1,66933270140260e-01;0
9,03958928568602e-02;0
3,65089065711500e-02;0
NA;NA
-6,38491313111258e-02;0
-8,10379416877949e-02;0
-8,93958488124638e-02;0
-6,11427431102975e-02;0
1,31281675882148e-01;0
4,00385514463977e-02;0
9,86140407825941e-02;0
-3,13001625396276e-02;0
-1,61638806322951e-01;0
-3,20570875524118e-02;0
9,25427828538670e-02;0
3,33571950090576e-03;0
-5,76221166651312e-02;0
-1,52567838537281e-01;0
-1,98913740516487e-01;0
-1,24712062506830e-01;0
-8,63965667045687e-02;0
7,84462871942502e-02;0
-1,68654508124360e-01;0
5,27962057062524e-02;0
1,65256531574209e-01;0
-6,24708170749694e-02;0
NA;NA
-4,76006678626353e-02;0
1,67413999617107e-01;0
-2,69167922177230e-01;0
-3,94010976315548e-02;0
7,64017298323613e-02;0
-1,39778770507788e-01;0
-4,34933837062307e-02;0
-3,75355434956137e-01;0
-2,64825437953260e-02;0
1,43258103766421e-02;0
-3,91839744148475e-02;0
NA;NA
NA;NA
NA;NA
NA;NA
NA;NA
NA;NA
NA;NA
NA;NA
NA;NA
NA;NA
NA;NA
-1,13034514136910e-01;0
-1,54644577856735e-01;0
-4,03463464407442e-02;0
NA;NA
-2,95896044526281e-02;0
1,66458792252736e-02;0
-2,47413633665505e-01;0
3,90419859501593e-02;0
-3,03496150466875e-02;0
-1,79414587586212e+00;1
-9,63763190355867e-01;1
-2,27028191243755e-02;0
-1,19358536117977e-01;0
5,17750246427610e-02;0
7,06732252993812e-02;0
7,90162855356309e-03;0
-9,59760852452468e-02;0
-1,86893319631418e-01;0
-2,13964982029347e-01;0
-1,81903084760809e-01;0
-2,35923666941920e-02;0
-1,49663096806381e+00;1
-5,46501425917524e-02;0
-1,45161391918040e+00;1
7,75948969403793e-02;0
-1,19037445246586e-01;0
3,94607315356351e-02;0
-8,45140758625217e-02;0
-2,02035991232419e-01;0
6,74236855926481e-02;0
-1,01746670983338e-02;0
-1,96533307010266e-02;0
-2,64475473846955e-01;0
-5,30630856923725e-01;1
1,13799255237818e-01;0
-7,02591805334764e-01;1
-8,81883827149607e-02;0
-1,67305041731091e-02;0
-4,21900010323790e-02;0
6,68533554237068e-02;0
-2,55712958313450e-02;0
-1,16852732515254e-01;0
1,00146333176848e-01;0
-1,11099863053583e-01;0
7,88320875062784e-02;0
-1,29712528448285e-01;0
-9,07285554927063e-02;0
1,42996951700349e-01;0
-1,68581842325980e-01;0
6,56958516778501e-02;0
-1,55707893250903e-01;0
1,22123470680259e-01;0
1,12846429808102e-01;0
-6,20149176548225e-02;0
1,05544639119470e-01;0
8,09686854446979e-02;0
6,27273364673085e-02;0
1,22008337708226e-01;0
-3,48315582102464e-01;0
-6,43986663358822e-01;1
-5,95658753989444e-01;1
-1,93458209994854e-02;0
9,45606646261556e-02;0
1,21121740275825e-01;0
8,93516192787820e-02;0
4,03645621288377e-02;0
4,84741147702222e-02;0
-1,10660250384655e-01;0
1,55722728312508e-01;0
1,64921456726427e-02;0
-5,01983947829910e-04;0
-1,78755423973597e-01;0
-1,08645240092355e-01;0
-5,49645806432224e-02;0
9,81833060584182e-02;0
-1,15603615265613e-02;0
-2,30052003445019e-02;0
-7,78566449738735e-02;0
-6,74332300734345e-02;0
1,18318962098816e-01;0
-1,17012016023777e-01;0
-6,08142463331601e-01;1
-5,22621568040691e-01;1
-1,81761892504659e+00;1
-9,75897729381706e-01;1
-1,08690066249216e+00;1
-1,22643900401690e+00;1
-1,55142844617855e+00;1
-1,04175212591401e+00;1
-2,02448226128939e+00;1
-1,16513801892732e-02;0
-8,04879284833440e-02;0
-5,54452939703803e-01;1
6,27557052008940e-04;0
7,84584934558295e-02;0
4,16144797018250e-03;0
7,18116449424878e-02;0
-1,56940904104456e-01;0
-9,82779275374475e-02;0
-1,21831632502570e-01;0
-6,33627093710426e-01;1
-1,58483997726757e-01;0
9,15256871383905e-02;0
-2,70538821911539e-02;0
-4,22607890335537e-02;0
1,85276242663421e-01;0
2,11803647427500e-02;0
-1,99534168178266e-01;0
8,35612941227578e-02;0
1,07107030684469e-01;0
NA;NA
-1,29508273881089e-02;0
-2,30306940606132e-02;0
1,43543853308752e-02;0
2,52348067509205e-02;0
-1,68420230743363e-01;0
-8,05606901236879e-02;0
-5,47967600021598e-02;0
-3,97433913759432e-01;0
-9,48303952597659e-02;0
-1,44533542501020e+00;1
-8,93904953334232e-02;0
-1,79735288427736e-01;0
-9,28214440372495e-02;0
6,56031699775141e-02;0
-1,07566906392491e-01;0
-3,68009974579412e-01;0
-1,03581131488570e-01;0
6,28930491155903e-02;0
1,29967072789746e-01;0
-1,54246512656305e-01;0
-7,26017314930673e-01;1
-5,04172157297417e-01;1
-2,01600263196225e+00;1
-6,23428146569178e-01;1
7,46605755917012e-02;0
-4,11606557276557e-02;0
-1,21578241121907e-01;0
-1,09092386478771e+00;1
-2,50976638851375e-01;0
-1,42594286051536e-01;0
-1,07634156680806e+00;1
-9,05763807468015e-01;1
-5,45957439231124e-01;1
-9,93561238225605e-01;1
-7,14233808990568e-01;1
-1,07346982678479e+00;1
-1,37913094854197e-01;0
-4,42406383209214e-01;0
-2,99138477231116e-01;0
-9,01745284168409e-01;1
-7,75281950162627e-01;1
-1,00141426595491e+00;1
-8,79966292896894e-01;1
-1,97883284042405e+00;1
-9,85477235504097e-01;1
-1,22771055495705e+00;1
-1,49458219646466e+00;1
-6,48398317987460e-01;1
-1,19890663824386e+00;1
-8,10285875621901e-01;1
-2,44108952009547e-02;0
-5,98005385327361e-03;0
-1,70392200211067e-01;0
3,55959058469741e-03;0
-8,65672404387134e-02;0
6,33623634870022e-03;0
7,05447488301112e-02;0
-7,37811552148819e-03;0
-2,07559920827615e-02;0
-3,98932781032075e-02;0
7,68305058489091e-02;0
6,28352020297465e-02;0
6,68041728062774e-02;0
1,70617769466051e-01;0
NA;NA
1,53584299358368e-02;0
-2,35260224591254e-01;0
NA;NA
-4,24823285936522e-02;0
9,87867155405877e-02;0
-1,42112255704370e-01;0
-5,63885975527721e-02;0
-2,72452343018053e-02;0
-3,34870343600129e-01;0
-3,47115865943791e-01;0
-3,75312320310463e-02;0
4,12534363965421e-02;0
6,26902067338342e-03;0
6,90732357943522e-02;0
-1,02470408919346e+00;1
-1,28857952454964e-01;0
-6,88099966047679e-02;0
-9,12083225921726e-02;0
1,52524260920871e-02;0
-2,74272749868383e-02;0
1,24949328280286e-02;0
-1,58573010410888e-02;0
-5,70076471254733e-01;1
1,64759748731989e-02;0
-5,98296017683550e-01;1
-7,33912519481053e-02;0
-3,12454503291014e-02;0
-5,36595199874445e-01;1
-4,59963437207179e-02;0
-7,05877376068799e-01;1
-3,63672617188214e-01;0
-1,23321718762767e+00;1
-5,03164866035239e-01;1
1,22712076118713e-01;0
7,71807134825890e-02;0
2,23903827305206e-02;0
5,88687349940803e-02;0
-2,66803892654941e-01;0
-8,61949781337232e-03;0
-1,57532077717269e-01;0
-6,29267152163053e-02;0
-5,73499694209589e-02;0
-1,08107629901760e-01;0
NA;NA
NA;NA
-6,90161687885942e-01;1
8,30214067817846e-02;0
-1,82840237964711e-01;0
3,35827915754700e-02;0
NA;NA
5,53724155137104e-02;0
-2,94272318993707e-01;0
-1,01560374077856e-01;0
1,15990213413898e-02;0
8,97728525468505e-02;0
-1,52115538030641e+00;1
-2,29415722086740e-02;0
1,00603360555192e-01;0
1,35072338587068e-01;0
-5,73547613747418e-02;0
1,19892305198297e-02;0
-7,15463367839581e-02;0
6,40979432540991e-02;0
1,28752552867684e-01;0
-3,99718237747899e-02;0
-5,63739272896991e-01;1
-1,14954589088290e-01;0
-2,72009788792908e-02;0
-1,52699367964349e-01;0
-3,23167264431580e-04;0
-1,62020549953238e-01;0
4,91867261063517e-02;0
-7,31886302222869e-02;0
-1,24946848515830e-01;0
-1,57614061422150e-01;0
-7,49535766148231e-02;0
6,83170291638389e-02;0
-4,10407246149755e-02;0
-1,31120756050879e-03;0
1,81016377913490e-03;0
4,97937224552190e-02;0
1,24822802676667e-02;0
1,78887209888115e-02;0
1,79256049282960e-02;0
1,40876496160637e-02;0
-1,89350212194888e-01;0
9,69378226821328e-02;0
NA;NA
-4,58232656541396e-02;0
-3,08932136554589e-01;0
-1,92915560291253e-01;0
-7,33231347109664e-03;0
-1,16381958113074e-01;0
-1,20383648805004e-02;0
2,50018950374029e-02;0
1,13021211332158e-01;0
-4,88527692743365e-02;0
1,64003344236222e-02;0
-4,94244027216885e-02;0
2,51229419548124e-02;0
1,12387231358094e-01;0
8,60862933908159e-02;0
7,92837148264735e-03;0
2,99272055548556e-01;0
-2,68458817591018e-02;0
1,39477794577919e-02;0
6,38356331537998e-02;0
-2,30143986515886e-02;0
2,67167780276108e-02;0
-1,78825966170800e-01;0
-1,24122146065405e-01;0
7,02015016217774e-02;0
8,08236931865941e-03;0
4,07778841411116e-02;0
7,39545396648225e-02;0
-2,03821462525237e-01;0
-3,75555273491362e-02;0
-1,89247091822587e-01;0
-4,51102668846876e-01;0
-2,72822670457720e-01;0
1,86547949609097e-03;0
1,13150090781059e-02;0
1,19648955257236e-02;0
1,50865835831301e-01;0
1,17297654415085e-01;0
-6,35706034870332e-02;0
-6,29356899405589e-02;0
-1,20696545109475e-01;0
-1,20887914426982e-01;0
-9,12305890917519e-02;0
-1,92123265071396e-01;0
-4,85565517090840e-02;0
1,86390818634034e-02;0
-4,11411006834625e-02;0
-4,46914494428870e-02;0
-1,34226145058848e-01;0
-1,84246495041921e-02;0
-1,55335843849122e-01;0
-1,57173357349152e-01;0
NA;NA
2,93100686697396e-02;0
2,07451500298217e-02;0
-2,22146232889213e-01;0
-2,77858630227186e-01;0
9,67024246753781e-02;0
-6,85934398464256e-03;0
NA;NA
-6,90061443667959e-03;0
-6,45744644076700e-02;0
-4,18480859172499e-01;0
4,13474891458330e-02;0
-1,21825062132583e-01;0
-3,59044269219751e-01;0
-8,57442463150598e-02;0
-8,71603907937453e-01;1
-1,01174214935473e+00;1
-1,02106976807841e+00;1
NA;NA
3,38714070903399e-02;0
NA;NA
-5,45976864585272e-02;0
-3,42931187294366e-02;0
-3,99603263330678e-01;0
-4,65370869621721e-02;0
-1,48058710160824e-01;0
4,38473614076699e-02;0
-1,15773204837671e-01;0
-2,97102831049398e-02;0
4,33082710249532e-02;0
-3,72188185137334e-01;0
2,98457080175860e-04;0
-6,68711962526649e-03;0
-8,23930277494696e-03;0
-7,04387925180398e-02;0
8,46855466001528e-02;0
9,47003468475934e-02;0
-2,29385549617186e-03;0
2,34250796376367e-02;0
5,23901718722925e-02;0
-6,54829018104658e-03;0
-5,87453914497207e-02;0
-4,49274094914242e-02;0
-1,50585378276713e-02;0
3,14094902649927e-03;0
2,79439098572944e-02;0
7,47433614138860e-02;0
-6,17652028063080e-02;0
-2,03483998290758e-02;0
-1,15562668990343e-01;0
3,46658023524713e-02;0
9,13516512101345e-02;0
1,03072847682078e-01;0
-7,02394818543510e-01;1
-2,93436414191532e-01;0
NA;NA
-7,24372440350226e-02;0
1,05409286255059e-01;0
-1,50473125996098e-03;0
-7,45862800520257e-02;0
-1,45400790757116e-01;0
-3,74745538756440e-02;0
-3,19478766439044e-03;0
1,76306324123537e-02;0
-7,31191490730507e-03;0
-8,19118158713954e-02;0
-3,72752829149498e-01;0
1,21907467088296e-01;0
-2,65227116561629e-02;0
-2,97030951686950e-03;0
NA;NA
5,64004422627001e-02;0
7,52893515246013e-02;0
-5,81174751116404e-02;0
8,25034247112288e-02;0
-1,85902429480489e-01;0
-1,08379620522132e-01;0
3,85931712660298e-02;0
-3,47032418150828e-03;0
-4,57743478694846e-03;0
-1,82741437975544e-01;0
-4,02731232204190e-02;0
NA;NA
-1,53676502574808e-01;0
1,16202383407226e-01;0
9,20677831499838e-02;0
-9,23551143667745e-02;0
2,96364495901963e-02;0
-4,84101587397660e-02;0
2,61096115890087e-02;0
-9,16590787846896e-03;0
1,08158622501408e-01;0
-1,79877750035263e-02;0
-8,98395420348884e-01;1
-1,82148710167750e+00;1
2,29212108608063e-02;0
1,12974880695791e-01;0
-8,42274591562450e-01;1
7,25690193402294e-02;0
1,56432906716637e-02;0
2,45804228028163e-02;0
-5,01899329238945e-02;0
-1,16112416359532e-02;0
1,22700735213559e-02;0
-3,59343730677469e-02;0
9,43704182717385e-02;0
1,21568459665231e-03;0
-4,95157883921837e-02;0
5,12133484678980e-02;0
-6,05988207342286e-02;0
-6,64233393202029e-01;1
-7,48780611239155e-04;0
5,31252194647926e-02;0
NA;NA
-3,07169440312944e-02;0
-8,33134312141608e-01;1
-2,64830680016171e-01;0
1,02222735330590e-01;0
1,31956164668325e-02;0
-7,54309265769827e-02;0
-2,77055927893746e-01;0
-2,00188439856120e-01;0
NA;NA
7,22345231816464e-02;0
-1,15196166565872e-01;0
3,08929702018561e-02;0
-1,30800128898272e-01;0
3,65029551397271e-02;0
4,74593954594562e-02;0
-1,40254120754713e-01;0
-1,07121968434687e-02;0
-1,12001997130163e-01;0
6,02313529167473e-02;0
5,10229005832321e-02;0
-4,79880700553831e-02;0
2,17455719496306e-03;0
-1,00988263484338e-01;0
-3,68776086551029e-02;0
2,61037209030390e-02;0
1,25562530085199e-01;0
2,46737474577059e-02;0
-1,12921855417677e-01;0
1,04807057484043e-02;0
5,24580194758765e-02;0
2,09347859549710e-01;0
NA;NA
-6,53701984667376e-02;0
-1,42109721073033e-01;0
1,04736994042994e-01;0
-7,91178753915001e-02;0
-4,52612951774145e-02;0
-1,14154822061332e+00;1
-2,10646040839798e-01;0
-1,69233270065995e-01;0
-5,28725482516959e-02;0
-1,78102518550990e-02;0
-8,82935082372901e-02;0
-4,69169179541395e-02;0
-8,51607907220052e-02;0
-1,40175940514120e-01;0
-1,34497050871439e-01;0
5,49770718534018e-02;0
-1,41634972405582e-01;0
-2,29171413737015e-01;0
1,48486045804875e-02;0
3,48409198975475e-02;0
-2,25126854131490e-01;0
-5,17828069717912e-02;0
8,62313884707671e-02;0
-2,14851458425574e-01;0
2,93618245183137e-02;0
-8,94153901592443e-02;0
-1,37972163235982e-01;0
-2,31006388725791e-01;0
-5,70896092299764e-03;0
-2,02538103930157e-01;0
1,53214502096777e-02;0
3,37924140787425e-02;0
2,93211538499597e-02;0
4,68088669050567e-02;0
7,94235582957804e-02;0
-4,28996020287247e-02;0
1,93206854217957e-02;0
1,49140937244079e-03;0
-5,25739838831281e-01;1
-2,56118994038597e-02;0
-2,83512708263794e-02;0
-2,81254170040142e-02;0
-8,65327173886214e-01;1
-1,03126243415435e-01;0
-5,55957660995525e-02;0
-2,14004341474088e-02;0
1,41195363241630e-01;0
-1,17492854195045e-01;0
9,54025458329064e-02;0
-2,11902085895528e-01;0
4,41925785632961e-02;0
-2,20192680591056e-02;0
NA;NA
-1,63780129295808e-01;0
-3,43484785350296e-01;0
-2,08905850995513e-01;0
3,23567881163121e-02;0
-2,85674877707583e-02;0
-9,34989931839403e-02;0
NA;NA
1,25846549098300e-01;0
-7,52975321574150e-02;0
-1,17897567932420e-01;0
8,81943754616988e-02;0
-2,41083629682239e-01;0
-8,91915442764158e-01;1
-2,20367997093521e-01;0
-5,99314845272183e-01;1
-3,45904231125436e-01;0
-4,53940959258271e-01;0
-4,87855551583673e-01;0
-5,83092354635304e-01;1
-4,55620843815703e-01;0
-4,94710329054195e-01;0
-4,28590180112064e-01;0
-4,46166391515932e-01;0
-3,77432348681203e-01;0
-9,64060715656992e-01;1
-2,91905421285510e-01;0
-3,86698035866921e-01;0
-3,98206944763889e-01;0
-6,45783933217006e-01;1
-5,14005923645686e-01;1
-4,74267238627116e-01;0
-1,81496379041215e-01;0
-5,30163475434577e-01;1
-8,09006110572323e-01;1
-8,43176352553880e-01;1
-6,56937626335938e-01;1
-6,26197477795238e-01;1
-3,92377738515287e-01;0
-7,87297957495468e-01;1
-6,33894078813672e-01;1
-8,34777190993005e-01;1
-3,23078332031282e-01;0
-6,83228616286870e-01;1
-1,99448383757977e-01;0
-7,46521351897694e-01;1
-3,58831522437995e-01;0
-7,49679997736070e-01;1
-3,30788092840501e-01;0
-2,96426860133153e-01;0
-2,91151647404388e-01;0
-7,69982355414986e-01;1
-4,81655486887843e-01;0
-3,63370840822180e-01;0
-1,26066756673038e-01;0
-6,97902969045853e-01;1
-4,31621456739156e-01;0
-5,81060673072534e-01;1
-8,75166282191955e-01;1
-3,72643428279382e-01;0
-4,33952097578849e-01;0
-5,79203353089723e-01;1
-7,27613187532209e-01;1
-6,20126983640018e-01;1
-6,17357941739742e-01;1
-2,86708797760690e-01;0
-6,64401370670653e-01;1
-2,29570603148349e-01;0
-5,40273704449390e-01;1
-5,29576675279328e-01;1
-2,47593141073463e-01;0
-3,69603988529220e-01;0
-1,04610441188583e+00;1
-5,44810043664491e-01;1
-8,65330131902014e-01;1
-5,73003425317974e-01;1
-5,40893162412579e-01;1
-4,61566358444775e-01;0
-4,57823183817293e-01;0
-4,28063320027098e-01;0
-3,59634372126253e-01;0
-5,17432503445771e-01;1
-1,29167239782579e-01;0
-6,62006338357978e-01;1
-4,39704119976520e-01;0
-7,30649259775232e-01;1
-5,53639596184597e-01;1
-4,44754761709937e-01;0
-4,05333316416223e-01;0
1,92595136437329e-02;0
2,28435721045264e-02;0
-1,77771762275896e-01;0
5,96008044508555e-02;0
-1,00418320005766e+00;1
1,31933755452308e-01;0
-8,43728008335825e-02;0
6,04354480463544e-02;0
7,84721514843562e-03;0
7,44254551472691e-02;0
-1,23623499584794e-01;0
1,87149281502020e-02;0
-3,64230435281746e-02;0
-4,41348356612933e-02;0
NA;NA
-6,12346259968933e-02;0
-6,51084364652121e-02;0
6,52300719573890e-02;0
1,04005323160577e-02;0
-1,02753319771888e-01;0
9,03242241238699e-02;0
-2,62093121765446e-02;0
-6,98314966128233e-02;0
8,68361409980604e-02;0
NA;NA
-2,25912696227487e-02;0
7,76973874077148e-02;0
-1,96751027581068e-01;0
-4,18717533275369e-02;0
-2,34356629638045e-02;0
1,34241936007653e-02;0
8,53841770561352e-03;0
-7,79735166574435e-02;0
-1,40218070319658e-01;0
-3,52553671391924e-01;0
-7,88822687499784e-02;0
-1,63739185599502e-02;0
6,09040529540668e-02;0
-3,05905686644456e-02;0
1,24861735658749e-01;0
2,63148840628907e-02;0
-6,94075910532691e-02;0
1,09791342523441e-01;0
1,38590205204406e-01;0
-1,95531801719818e-01;0
2,15772606408303e-02;0
-3,09238515923870e-02;0
-3,80059628486787e-02;0
NA;NA
-3,32045315352984e-02;0
-9,90175334646536e-03;0
-9,20803512266453e-01;1
5,13469154423618e-02;0
5,09726488931589e-02;0
NA;NA
-2,52699917843302e-01;0
NA;NA
-1,62947033259279e-01;0
NA;NA
NA;NA
NA;NA
NA;NA
NA;NA
NA;NA
-1,91155944811469e-02;0
1,05419985628362e-01;0
3,48172861939552e-02;0
-1,97365483326735e-01;0
3,49870031512282e-02;0
1,70381806005219e-02;0
NA;NA
NA;NA
-1,88440605592789e+00;1
-1,76567092854771e-02;0
-1,37843210883515e-01;0
1,40548606052593e-01;0
-7,16109696818829e-02;0
1,28304022468812e-01;0
-4,89454050444457e-02;0
5,02562442828386e-02;0
-7,14200203421104e-02;0
-2,18586313902431e-01;0
-1,95092086689830e-01;0
-1,25779620080140e-01;0
-7,07798299158387e-02;0
-2,01412261884472e-01;0
-1,85467684997457e-01;0
-2,64711404268215e-02;0
-4,60835383392973e-02;0
-7,30624346181146e-03;0
-2,33857982823468e-01;0
-4,44392609548629e-01;0
-2,10833803431581e-01;0
-5,33047293568759e-02;0
-6,84869237433433e-03;0
-4,00470498473505e-02;0
3,78767339666066e-02;0
-6,17060847863845e-03;0
-2,84938193202855e-02;0
-2,23573259222010e-01;0
-9,70772008131055e-02;0
8,32272899707136e-02;0
4,18575696864540e-02;0
2,29678336531311e-02;0
-9,70941359745152e-02;0
-6,48757305928789e-03;0
-2,05170037322338e-02;0
4,85136468312454e-02;0
-1,30154310972224e-01;0
-2,04068650587363e-01;0
-9,24265409704935e-02;0
5,13695649095022e-02;0
7,06455003723618e-02;0
-1,05779404873208e-02;0
-9,46514177954751e-03;0
1,35919531210946e-02;0
3,15538524318733e-02;0
-1,51040858231696e-01;0
-1,23318403581769e+00;1
-6,88029153293606e-01;1
9,68901849634204e-02;0
-6,37559364080363e-02;0
-1,18183004938985e-01;0
-1,59122708530759e+00;1
-1,44858056567785e-01;0
-3,73945391292444e-01;0
-2,31117766152930e-01;0
-4,23090570795426e-02;0
-6,60320463179315e-02;0
2,97488805143177e-03;0
4,61533329907537e-02;0
-8,88469355964330e-02;0
1,27694209430291e-02;0
1,27420844124001e-01;0
-5,25555387434272e-02;0
-5,22030349771138e-02;0
-1,00732729814002e-01;0
-1,26113284902306e-01;0
1,23171723358004e-01;0
NA;NA
4,66460216290435e-02;0
-1,57569832452851e-02;0
-9,70159348329255e-02;0
-2,94607242695626e-01;0
1,10964424503775e-02;0
1,45102173228636e-01;0
NA;NA
5,04468657370783e-02;0
NA;NA
-3,14524313169194e-02;0
1,02836602132094e-02;0
3,10292039627401e-02;0
-9,79633269748656e-02;0
-4,95808846027336e-03;0
-4,63205359427431e-02;0
-2,80235557887881e-01;0
5,23224918006237e-02;0
-5,74174466199831e-02;0
-9,10511676224049e-02;0
-9,65146631066723e-02;0
-4,02480085807614e-02;0
-7,42054336875962e-01;1
-1,01706039320653e+00;1
8,03450926750282e-03;0
-2,50684485381149e-03;0
7,51230276146276e-02;0
6,41036655367153e-02;0
-2,99818063373621e-02;0
3,85748826087634e-02;0
1,04440984274739e-01;0
3,70283434967740e-02;0
-3,98875091760612e-01;0
2,02016640570643e-02;0
-1,12274271834432e-01;0
5,27593605534410e-02;0
-2,96807450807117e-01;0
-6,18819851262596e-01;1
1,14644142664316e-01;0
-5,07246260607730e-01;1
8,50058431698585e-03;0
-2,61979521832958e-02;0
-1,13340644969349e-01;0
-1,19783739459288e-02;0
-2,35728627317812e-01;0
-2,05650419178880e+00;1
-2,40934815183531e-01;0
-2,03765559901234e-01;0
-3,16064914044463e-02;0
-9,00847824405365e-02;0
1,26791583727877e-01;0
-1,25269685537971e-02;0
-5,60895847299512e-02;0
7,78557064826216e-02;0
-1,33072886904845e-01;0
-1,18033374404631e-01;0
-8,47371841396593e-02;0
-3,10155392854929e-01;0
9,26015864735873e-02;0
3,42221406868549e-02;0
-8,71430691381891e-02;0
4,19633963542550e-02;0
-6,47170190999185e-02;0
8,33583886978226e-02;0
-2,65391562934895e-02;0
-1,19310613725188e-01;0
-1,72725932194844e-02;0
-7,17897738749570e-02;0
-2,66228029825135e-02;0
2,72434029440583e-02;0
-5,18517073249716e-01;1
9,18806290679158e-02;0
1,08300299892280e-01;0
-8,32646063899814e-02;0
-5,37048580390024e-02;0
1,04381965714396e-02;0
-6,40627335471767e-02;0
-8,13208239675540e-02;0
-1,27552035112398e-01;0
1,03959815774454e-01;0
-8,43514717328418e-02;0
-1,29702932374148e-01;0
-1,20798070444243e-01;0
-1,09834686517126e-01;0
5,80281278869938e-02;0
7,35153732769011e-02;0
-1,85402582914460e-01;0
6,83202446907944e-02;0
7,95042599134714e-02;0
1,80760546342364e-02;0
NA;NA
-1,57697976550398e-02;0
-4,80440412338439e-02;0
-2,02773086560029e-01;0
NA;NA
6,95963665458869e-02;0
-2,76211849733985e-01;0
-1,77401889176737e-02;0
-8,24670064727653e-02;0
-1,54708274958516e-01;0
2,22122690433806e-02;0
-1,45676043780033e-02;0
-4,69142922053044e-02;0
-8,65353874953715e-03;0
-9,40601369488248e-02;0
-8,54180571688888e-02;0
-3,30514200626680e-01;0
9,91025735791113e-02;0
-1,16079812261815e-01;0
4,77469284333350e-02;0
5,50865670951915e-02;0
2,50030994277783e-02;0
-3,96316759506596e-02;0
-8,77467640328012e-02;0
-8,44040425098943e-02;0
1,12045993305839e-03;0
-1,69169550680256e-01;0
5,30561771001313e-02;0
1,04572058051021e-01;0
NA;NA
-1,33036757205559e-02;0
4,20817710557153e-02;0
1,81853377860854e-02;0
7,35036158693882e-02;0
3,45474632412728e-02;0
-1,04654853277065e-01;0
NA;NA
-1,81916088332536e-02;0
-4,03197142294364e-03;0
1,35179393452294e-02;0
8,98362006418330e-02;0
4,61135029839523e-02;0
-1,06542846832110e-01;0
-1,31022505261847e-01;0
NA;NA
9,00718699383848e-03;0
-1,16952040440469e-01;0
-3,09905306583626e-02;0
-1,03863052605694e-01;0
-3,64651902432096e-02;0
-2,99733334048061e-02;0
-3,29349451352366e-01;0
-9,28402076651647e-01;1
NA;NA
NA;NA
5,89554684316477e-02;0
1,63032316764268e-02;0
5,69896520622227e-03;0
9,80486267412325e-03;0
1,36580868328328e-01;0
-1,50876130194658e+00;1
-1,30459640523440e-02;0
-1,16093736718658e+00;1
-8,66824919681953e-02;0
-7,51384899633842e-01;1
-6,99764309557462e-01;1
-2,71951180152159e-01;0
-5,43947965005404e-01;1
-1,91407744476274e-01;0
-2,14916197392853e-01;0
-1,58875290684574e+00;1
1,94367775341631e-02;0
-3,97459457498005e-02;0
-7,78516680790002e-02;0
7,28690884063548e-02;0
-1,79567679471618e-01;0
2,05285815372967e-01;0
8,95163152622946e-02;0
-8,70561484387996e-02;0
4,03709917221578e-02;0
-1,63172164675157e-01;0
-1,42165128553937e+00;1
-3,08477730343943e-01;0
-1,83150364970493e-02;0
-1,54075537854031e-01;0
-6,98788263376701e-02;0
-1,01284289096579e-02;0
1,02035034864662e-01;0
-2,31784926115064e-02;0
-7,95003613691214e-01;1
-4,27389443318245e-01;0
1,77902142035673e-02;0
-2,82741234119738e-02;0
-3,25924480289137e-01;0
-1,44472752694131e-01;0
-2,49164509470144e-02;0
-2,61370672663110e-02;0
NA;NA
8,77048105500115e-02;0
1,32884540145069e-01;0
9,04552026922220e-02;0
-3,03037431538395e-01;0
NA;NA
3,51223070005780e-02;0
-1,97993493331019e-02;0
3,69259700451698e-03;0
-1,14168174480692e-01;0
-3,94402819510436e-02;0
3,22414076878741e-02;0
-5,22085487737787e-02;0
1,35144186194134e-01;0
7,63930193150099e-02;0
-7,99809833098060e-02;0
-1,28043542107010e-02;0
-1,29468604129775e+00;1
1,73175022764559e-01;0
1,03229811285429e-01;0
-7,11959559390620e-01;1
-1,79372890235257e-01;0
-2,46130130585389e-02;0
-3,53319999788913e-02;0
-1,90729121256437e+00;1
-2,31551710898556e-01;0
-4,48954347517379e-01;0
5,76839624651378e-02;0
-1,13752648527328e+00;1
7,11495714092955e-04;0
-6,63969881036393e-02;0
8,16769895822404e-02;0
-1,10801051426050e-01;0
2,09495462928501e-02;0
-3,77265202074669e-02;0
-1,85477864990651e-01;0
-3,16683407066011e-02;0
-1,55662336076921e-02;0
6,28947009375076e-02;0
-9,83982503040638e-02;0
-5,14333798746553e-01;1
NA;NA
5,90622658796348e-03;0
-1,77959986619914e-01;0
1,43495556502419e-02;0
-1,49902708747657e-01;0
-5,28017490531152e-02;0
-2,10363073738409e-01;0
-5,16318272079073e-02;0
-4,88698978926709e-02;0
NA;NA
7,69287406366172e-02;0
-1,18141890719127e-01;0
-1,21936263384730e+00;1
-9,39062131020567e-01;1
-1,76360485248080e+00;1
-1,00828823818919e+00;1
-9,05827477461096e-01;1
-9,08165707161379e-01;1
-1,39831689940683e+00;1
-2,14723044279516e+00;1
NA;NA
NA;NA
8,29609527156332e-03;0
-8,14139964256190e-02;0
-1,65338515542789e-01;0
1,57716481548227e-02;0
NA;NA
5,91954266162159e-02;0
1,48815218244270e-02;0
3,92701711562767e-02;0
-2,92510967506888e-02;0
-4,55958232537690e-01;0
-1,21676385656946e-01;0
2,94748609589662e-02;0
-8,40658766010335e-02;0
-5,38732842697737e-02;0
-7,29737634297007e-01;1
-1,31309686258826e-01;0
-7,43025038902090e-02;0
-1,17003091162721e-01;0
8,11657706153235e-02;0
-1,07920420284173e-01;0
-4,00931943270520e-01;0
-1,62390470193008e-01;0
-1,78789582875667e-01;0
1,28884458799224e-01;0
-9,26529444618140e-02;0
-8,59246858052046e-02;0
2,00231025507994e-02;0
-1,54529157858426e-01;0
-3,59400486795253e-02;0
-9,46545529056782e-02;0
1,82744641996697e-02;0
-5,13647084239776e-02;0
-5,69577928325381e-01;1
-1,45583256141681e+00;1
-4,21093846363777e-01;0
-7,11429920759205e-02;0
7,34708536096180e-02;0
1,20736608083108e-02;0
-6,56613519957581e-02;0
6,00403762122655e-02;0
-8,76349272107499e-01;1
1,70750083773008e-02;0
7,67547708712272e-02;0
-9,58570163883539e-02;0
-4,09970048245631e-03;0
-7,31683095500264e-03;0
-1,26160422090117e-02;0
-6,35465361987061e-02;0
6,85580079996666e-02;0
1,23593985100969e-01;0
-2,09093791874551e-01;0
-2,97855721255502e-01;0
-5,11100561719070e-01;1
-9,96958436564403e-02;0
-3,88561310899681e-01;0
-4,71622314982661e-01;0
-2,10423358490652e-01;0
-3,96237985603250e-01;0
-2,29090392367406e-01;0
-3,15689212020835e-01;0
-4,97140958071476e-01;0
-1,26435824576153e-01;0
-4,55044227891048e-01;0
-3,16678429210126e-01;0
-7,60839888602608e-01;1
-3,95318355255311e-01;0
-2,01788835089895e-01;0
-3,70478953058403e-01;0
-3,00457244827775e-01;0
-1,59700428541010e-01;0
-1,54774203755739e-01;0
-3,04253012695593e-01;0
-6,44565843321785e-01;1
NA;NA
-5,85926483286634e-01;1
-2,92588063203405e-01;0
-2,81270932873054e-01;0
-5,64509620720941e-01;1
-4,83665370518995e-01;0
-2,65653761233792e-01;0
-4,24650546560557e-01;0
-4,88102467936904e-01;0
-4,05511438774942e-01;0
-5,53016394209200e-01;1
-2,68203091741615e-01;0
-4,14509413959522e-01;0
-3,82381981576873e-01;0
-4,23050284423679e-01;0
-3,28282398363917e-01;0
-1,06171400987433e-01;0
-6,40348775362230e-01;1
-7,33126948015974e-03;0
-2,66403651852626e-01;0
-4,60012013302826e-01;0
-3,17825233348541e-01;0
-2,20692052195723e-01;0
-3,53066667225545e-03;0
5,91170068242485e-02;0
8,71592008636325e-02;0
1,12135590808741e-01;0
8,10690233339695e-02;0
-1,22683417302799e-02;0
1,34850509138335e-02;0
-8,52060343570864e-02;0
2,12276935053100e-02;0
-1,13316280938167e-02;0
1,19941205733581e-01;0
-1,17976931576079e-01;0
-1,88615935673775e+00;1
5,09012650612971e-02;0
5,99406059716304e-02;0
-1,96315757025991e+00;1
2,45667328924875e-02;0
-3,40970885753495e-02;0
NA;NA
8,43206771839150e-02;0
2,68241221739039e-02;0
-1,65047657970008e-02;0
7,96045636121597e-02;0
1,35588040736459e-01;0
-6,09769469949562e-02;0
-5,13914860529338e-02;0
7,32126795963457e-02;0
4,67876059457339e-02;0
8,07502811375510e-02;0
-4,43729279131166e-02;0
-4,25252166072640e-02;0
-9,86994709849156e-02;0
-3,93727298787621e-02;0
-3,32552369864389e-02;0
-2,44727249924374e-02;0
-9,84664540957253e-01;1
-1,43979019409687e+00;1
-5,67792319411443e-01;1
-5,41826068439290e-01;1
1,97431309749080e-01;0
-1,14087693157055e-01;0
-1,90626937052039e-01;0
-2,70528606322061e-03;0
-4,94415664242393e-02;0
-5,02587901196989e-02;0
-3,93268087480748e-02;0
-9,46857429432593e-02;0
4,41565637713174e-03;0
5,31736030347280e-02;0
3,24973098050699e-02;0
-7,91933446233755e-02;0
-1,17528450726709e-01;0
-5,49782195975154e-02;0
9,71768357660489e-02;0
-3,32021578714651e-03;0
-1,13193214499804e-02;0
1,25205466384390e-02;0
NA;NA
-5,59946993572216e-02;0
6,80055829767629e-02;0
-9,61823017244130e-02;0
9,57512249389148e-02;0
8,96555479503884e-02;0
-4,02235584705613e-02;0
8,35980387127287e-02;0
-1,75171504444595e-01;0
9,01190679549113e-03;0
-2,63087792734847e-02;0
-9,11914859053517e-03;0
1,90057326409113e-01;0
1,13846064795614e-01;0
-2,94015301018742e-03;0
-2,21735737187620e-02;0
7,88506603067244e-02;0
2,18054333768993e-02;0
-3,76802020256095e-01;0
-9,80966183847633e-02;0
-1,15370407829116e-02;0
-1,52476875889613e-01;0
-1,31534497432023e-01;0
-1,85645355978139e-01;0
-3,82629215955306e-01;0
-5,48468707373088e-02;0
-1,33773055842772e-02;0
-1,15073668753651e-02;0
5,95707612603751e-04;0
NA;NA
6,33704341153345e-02;0
2,77095636305939e-02;0
-1,18592376980061e-01;0
-8,03266126904980e-02;0
-1,31364235297921e-01;0
-4,31650274187673e-02;0
-3,94615246152285e-01;0
7,10682908340327e-02;0
4,44206090222624e-02;0
-5,19200109105012e-01;1
-1,68054803537618e+00;1
-1,92949605411739e-01;0
1,94220420136001e-02;0
1,23622541017729e-01;0
-2,87557347172156e-01;0
-6,51905224295889e-01;1
-8,62146414635405e-01;1
3,30813418064074e-02;0
-4,14237835993692e-01;0
5,01220326221427e-02;0
-1,05665875722557e-01;0
-1,91505398156096e-01;0
-2,08026540673235e-01;0
-2,76066197556412e-01;0
-1,24096401379396e-01;0
-7,34663558900770e-02;0
-6,97944381435076e-03;0
-9,73621542938882e-02;0
1,51030849945215e-01;0
-4,96962986274333e-02;0
-7,81123889545465e-02;0
-7,85591146728883e-01;1
-7,96722438348511e-02;0
2,76485353202051e-02;0
-8,01535741600796e-01;1
-1,06522196809492e-02;0
1,26925898422450e-02;0
NA;NA
-5,01480141450796e-02;0
-4,68113571475495e-02;0
-1,10807276847351e-02;0
7,08536679128120e-03;0
6,30990019972988e-03;0
2,04493386737339e-02;0
-4,18082862098364e-02;0
5,45461642444645e-02;0
-6,10631550512523e-02;0
-1,72775447052234e+00;1
2,13585758309296e-02;0
5,77829639311225e-02;0
-8,93864296681905e-03;0
1,01121847844623e-02;0
1,13450747311443e-01;0
-2,21197513077702e+00;1
5,08672391715187e-02;0
-1,39736278140765e-01;0
3,90116419522171e-02;0
-1,99575676856845e-01;0
8,97091265036167e-02;0
1,28827099978136e-01;0
-3,38861166202748e-01;0
-7,37876575746818e-02;0
4,05733967437595e-02;0
5,39673428072134e-02;0
-1,09776880915478e-01;0
-3,68495926299169e-01;0
-2,05736927711117e-02;0
-4,77673135848168e-02;0
-6,97231264419488e-03;0
7,88588778473678e-02;0
NA;NA
4,11167673186863e-02;0
-1,14129120126648e+00;1
-3,43554343108585e-01;0
-4,44897857790707e-02;0
1,22150390152386e-01;0
3,49473068843964e-02;0
1,10631381661788e-01;0
4,42706892295161e-02;0
1,51002640442124e-02;0
1,36135604773295e-02;0
NA;NA
-8,01398685013945e-02;0
-1,33935752733474e-02;0
1,87007667944822e-01;0
-6,02719785613832e-02;0
-7,67221292574044e-03;0
-2,17558529944428e-01;0
7,59961495647340e-03;0
2,01242030003217e-02;0
4,06981443053508e-02;0
9,17694887962695e-02;0
4,22501339288456e-02;0
-3,75322882518431e-02;0
-1,00324306767096e+00;1
1,35192392432210e-02;0
-3,20215920055553e-02;0
-3,03500008130863e-02;0
9,01680211863369e-02;0
NA;NA
1,75107922876240e-01;0
5,82557352347683e-02;0
NA;NA
1,19675993993246e-01;0
-6,14073039278959e-02;0
3,17564555114517e-02;0
7,83100717356063e-02;0
1,13454250932208e-03;0
9,14564833439123e-02;0
-1,14375851706081e-01;0
1,66405309123439e-01;0
3,98385150576275e-02;0
NA;NA
7,29105330335805e-02;0
2,90410532198699e-02;0
-2,31440116331524e-02;0
3,90287208553807e-02;0
3,89359367382377e-02;0
8,31591698842829e-02;0
8,12539772927404e-02;0
7,03143322292988e-02;0
8,09389654324262e-02;0
4,56790096081416e-02;0
-1,17709841027500e+00;1
-1,24813023706188e-01;0
-4,11566980713858e-01;0
-6,60092592527789e-02;0
-4,17015986066903e-02;0
-1,48056533353747e-01;0
-1,80444227733114e-01;0
9,83413740078739e-02;0
-4,96641605568794e-02;0
3,03724396715662e-02;0
2,38653076112229e-03;0
-2,64107364594895e-01;0
-2,26231297267126e-02;0
-4,74999237787776e-02;0
-9,71222330960572e-02;0
6,91536440411177e-02;0
-4,70160219772692e-02;0
-9,70754459566242e-02;0
-7,57029473218565e-01;1
1,92755426795653e-01;0
-4,33702728058689e-03;0
-3,99307859816469e-03;0
4,09025611522170e-02;0
-2,18329015110967e-02;0
6,77079710813124e-02;0
-1,65232252448104e-02;0
-2,92292383245710e-01;0
-1,17588146237164e+00;1
NA;NA
-6,71937713497406e-01;1
-1,00411338470394e+00;1
-1,12684748521932e+00;1
-1,75151904007000e-01;0
-1,99674182708932e-02;0
1,39116087129307e-01;0
-4,73704355241922e-02;0
-2,25200198022304e-02;0
-1,39045815404342e+00;1
-6,68393957191455e-01;1
-7,02544856413481e-01;1
-1,15773662698108e-01;0
4,27066824345885e-02;0
-6,04642095780575e-02;0
-1,17992798679571e+00;1
-7,21101528771579e-01;1
-7,91118701842172e-01;1
-1,18113325892141e+00;1
-5,58648716834093e-01;1
-7,20296285305573e-01;1
NA;NA
NA;NA
-2,26709054082378e-01;0
-1,00175915560042e+00;1
-9,85528836508438e-01;1
-1,38130516005245e+00;1
-1,21455517825448e+00;1
-6,33957495940178e-01;1
-1,40783768058771e+00;1
-1,72983428250989e+00;1
-8,97421662007345e-01;1
-6,00182606629696e-01;1
-8,50484908309097e-02;0
-3,09397166304898e-01;0
6,85096546799029e-03;0
-1,83980169356990e-02;0
-2,13043524817937e-01;0
-3,32701783846797e-02;0
3,36669909264402e-03;0
-6,27874853808899e-02;0
-4,16559050817438e-02;0
-9,32413180260328e-03;0
-1,98034304772538e-01;0
-5,11963592006227e-02;0
3,21445681072244e-02;0
1,42203279522865e-01;0
-5,85688914212257e-02;0
1,01188833881727e-01;0
-5,59289880411993e-03;0
-2,12185625567487e-03;0
-5,06404910914932e-02;0
-1,07362859121951e-01;0
3,54601632283870e-02;0
3,99396251195342e-02;0
-2,50322650995047e-02;0
9,05452293627278e-02;0
-9,87784520979836e-02;0
-1,88650313402616e-01;0
-8,17338412751098e-01;1
-3,60499200484884e-01;0
1,86965380390218e-02;0
-1,05406741537852e-01;0
-4,47794606001161e-02;0
-1,82630562174838e-01;0
9,59420538005725e-03;0
-3,51847776254511e-02;0
6,25436564535458e-02;0
-5,38169177241714e-01;1
-6,47903726905187e-02;0
-1,09554656439311e-02;0
5,30736431748034e-02;0
-6,17010370882860e-02;0
1,35491911139767e-04;0
-8,89851507334679e-02;0
-9,34371703339224e-02;0
-1,06663264259306e-01;0
NA;NA
-1,33886300644421e-01;0
-1,31967692866606e+00;1
NA;NA
5,81498557714318e-02;0
-2,70027550358010e-01;0
-3,71426334876711e-03;0
9,55622725085695e-03;0
1,21514488171431e-01;0
-9,09365230642384e-02;0
-8,57402540511363e-03;0
-9,50537632928346e-02;0
1,02450520105544e-01;0
2,85752702707341e-02;0
NA;NA
1,82078834318114e-01;0
1,24161899730172e-01;0
1,56334373497762e-02;0
-1,07543237612643e-01;0
8,45259006047661e-02;0
3,29224134204869e-03;0
1,27149395088256e-01;0
-6,80209807594149e-02;0
-9,04558130790749e-02;0
1,81736455116805e-02;0
1,62292282283835e-01;0
1,25339569674277e-01;0
-4,24506465914777e-02;0
1,43097053237513e-01;0
3,60188862288081e-02;0
-2,26697631103521e-01;0
-3,45241525765760e-02;0
3,84501424561870e-02;0
8,70642532207425e-02;0
5,00339817090671e-02;0
-7,19173736108519e-02;0
1,39297715219925e-02;0
-3,80479121562230e-02;0
-1,36050749000214e-01;0
-8,22935423089870e-02;0
-4,05253935724299e-01;0
2,76796514873176e-02;0
NA;NA
3,63663189892898e-02;0
8,16398383699571e-02;0
-9,47989210591517e-02;0
1,11494806285587e-02;0
3,69478292806713e-02;0
-7,65995397350449e-02;0
-5,74876429947683e-02;0
4,73363168837978e-02;0
-7,91891003611178e-02;0
-6,33383020451381e-03;0
-6,40661539556580e-02;0
6,88013458922144e-02;0
-7,56340310917930e-02;0
-1,59268864550055e-01;0
-3,45293320343879e-01;0
-1,02902961113484e+00;1
-9,82778175771591e-02;0
2,27353552601883e-02;0
-2,42951694209484e-01;0
-1,12706854243720e+00;1
4,81857666525357e-02;0
-1,06617945358220e+00;1
1,42790280740430e-01;0
-6,40226179503227e-02;0
1,36216736816430e-02;0
5,24215780276207e-02;0
5,06653169551806e-02;0
1,36257507922471e-01;0
5,35577144745419e-02;0
-3,76918476254977e-02;0
1,18332422393806e-01;0
2,23807378016625e-02;0
-3,69108317367508e-02;0
-5,99779401620162e-02;0
-3,48959816098757e-02;0
5,42890120280095e-02;0
-5,14116288710535e-02;0
-3,47296139164028e-02;0
8,36167665145644e-02;0
1,09220810162127e-01;0
1,50718744816181e-02;0
2,52159295473551e-02;0
-8,17028511219751e-02;0
7,10070474986780e-02;0
-1,38530968326002e+00;1
-7,72440633173653e-02;0
-4,67744595607925e-02;0
6,07479180429676e-02;0
3,43209093207700e-02;0
-2,47948658633972e+00;1
-1,43869131805272e-01;0
8,03063020532686e-02;0
1,25749793349678e-01;0
-9,15064886992043e-01;1
-6,39699671960778e-02;0
-5,29285912999425e-01;1
-4,23508917576760e-01;0
-8,89277901203499e-01;1
-3,66805080077831e-01;0
-1,64505331808820e-01;0
-3,75572607552811e-01;0
8,15041316159380e-04;0
-9,87849625893475e-02;0
-4,09833927132829e-01;0
-1,71556659836802e-01;0
7,29369322518666e-02;0
4,17863667985748e-03;0
-1,52673836091268e-01;0
1,84448121863062e-02;0
1,11078114636184e-01;0
2,34068656092618e-02;0
-1,13772078191950e-01;0
-2,03955335360104e-01;0
-3,59142407451316e-02;0
-1,58398770055918e-01;0
1,26533844127082e-02;0
NA;NA
3,99926631854992e-03;0
-1,57291749358451e-02;0
-1,33557927345231e-01;0
4,40689611209251e-02;0
-9,85781539702470e-02;0
-9,23989094689662e-02;0
-2,80137295124590e-02;0
4,63839637869383e-02;0
-9,04679574627392e-02;0
-4,78201087933739e-02;0
-7,00498786943099e-02;0
1,05349271501653e-01;0
-2,14153761423392e-02;0
-3,77567301102797e-02;0
-2,13791157764735e-02;0
1,60425765491836e-02;0
-1,08330695063891e-02;0
1,62962233458742e-02;0
1,25886215203626e-01;0
3,17533363347866e-02;0
2,72654789660262e-02;0
1,01191193977588e-01;0
-5,00500118267627e-02;0
-1,79253609581110e-02;0
-6,45671660009759e-02;0
8,27601403867320e-02;0
-1,14786797703799e+00;1
-6,84940234361757e-01;1
-2,38566450601485e-01;0
-7,84157755248868e-03;0
9,12163924139397e-02;0
2,62911014886081e-02;0
-8,47184918116690e-01;1
1,88133111326564e-03;0
-1,33267488342594e-01;0
-5,59936593477074e-01;1
-6,97946343490480e-03;0
NA;NA
NA;NA
-1,07960144713267e-01;0
-8,64668150475811e-02;0
-1,72014247785290e-02;0
1,42676264812031e-02;0
-8,49699075326195e-03;0
-3,06996542714948e-01;0
-2,05209203744915e-01;0
NA;NA
3,70077854677718e-02;0
-1,16289711504198e-02;0
-1,79866182673911e+00;1
-1,30937639010649e-01;0
-3,92822010793960e-02;0
NA;NA
6,71998701548776e-02;0
3,41151768245260e-02;0
1,04110627770926e-03;0
-1,56401943259148e-01;0
8,45731860057485e-02;0
-1,57085772925028e+00;1
-6,33667153489334e-01;1
-1,05854876025225e-01;0
5,95394925288777e-02;0
-6,01450938422725e-01;1
-6,79265847827821e-02;0
-5,73639795826761e-02;0
-8,38227907025599e-01;1
-1,50553629652412e+00;1
-5,58835801224089e-01;1
-9,70459617354254e-01;1
-1,17219612837387e+00;1
-2,38739126337868e-01;0
-1,16339310294999e+00;1
-4,45643729758518e-02;0
4,12872213536524e-03;0
-1,13410625745213e+00;1
-4,27784483864060e-01;0
-9,80573036255338e-02;0
-5,68538402744953e-02;0
-1,25527200522364e+00;1
-5,13128775077280e-01;1
-7,49674809621665e-01;1
-4,05804792452620e-01;0
-7,10164424470517e-01;1
1,87489437078890e-01;0
-1,57456207093960e+00;1
-1,27126088605915e+00;1
-1,72898150953618e+00;1
-7,85371668371874e-01;1
7,15065185115489e-03;0
-2,30899606171758e-01;0
-1,61656899053608e+00;1
-1,01996779290311e-01;0
-1,74152287325672e+00;1
3,18766466011041e-03;0
NA;NA
NA;NA
NA;NA
NA;NA
-1,30426803096203e+00;1
-2,16992101011296e-01;0
-1,77318107293399e-02;0
-1,30687313163042e+00;1
9,30579841990505e-02;0
2,59961817747078e-03;0
-8,40504731122662e-02;0
-9,32624912399172e-02;0
8,30920213090764e-02;0
9,82475408118129e-03;0
-5,20206184954059e-02;0
6,48661725043680e-02;0
1,26519461855161e-01;0
7,25747352694077e-02;0
2,29980320777228e-03;0
8,37355386138893e-02;0
-4,11735782853821e-01;0
1,32425260120567e-02;0
-3,20236292904545e-02;0
3,99402762638690e-02;0
3,04112210990732e-03;0
-1,49131002935828e-02;0
-9,12558181845479e-03;0
-4,16949046008515e-02;0
2,75110032906779e-02;0
-4,98289980609111e-03;0
-9,01916568232975e-02;0
-1,21111694963015e-02;0
1,98582132118424e-02;0
-1,20223314607252e-01;0
-8,26918944491246e-03;0
3,28089726987080e-02;0
-1,13041795708725e-02;0
NA;NA
NA;NA
1,34905698632674e-01;0
-1,55595224094124e-01;0
3,92320932240685e-02;0
-3,56357732196749e-02;0
4,96985469856509e-02;0
1,05412429631224e-02;0
6,74485175581598e-02;0
-1,28537799983582e-01;0
NA;NA
NA;NA
-1,22170092657476e-02;0
5,53596951849909e-02;0
-1,26790006637390e-01;0
2,34185885454656e-02;0
-5,84674728522926e-03;0
NA;NA
1,11687964661023e-01;0
8,55080439702689e-03;0
7,38303534780972e-02;0
-1,62622554763419e-01;0
8,39143592700078e-02;0
4,16021885548991e-02;0
-4,95934737664986e-02;0
-2,52236273192197e-01;0
7,67590280232280e-02;0
-2,25752668293005e-01;0
-4,86338377122857e-01;0
-6,03640889880113e-02;0
-1,43701230798450e-01;0
1,02261542890623e-01;0
-7,89832466309363e-03;0
-1,66869020959651e-01;0
9,38594381882020e-02;0
-1,32191270726595e-02;0
1,34341369357255e-01;0
-1,41087813803183e+00;1
-9,08462920062057e-01;1
2,87370693349259e-02;0
-1,72698324073506e-01;0
9,87057930241133e-02;0
2,96584736528381e-02;0
-3,01913595233338e-02;0
-6,22388621688559e-02;0
1,15996334230101e-02;0
-2,39556847980517e-02;0
-2,22446448477408e-02;0
-1,02942875828375e-01;0
-3,69400434044111e-01;0
-5,09660103297585e-02;0
1,95665626629691e-02;0
-1,33788236048471e-01;0
5,26195813408565e-02;0
-4,89144099706024e-02;0
1,08476296990513e-01;0
7,45405797724250e-03;0
2,69417008756911e-03;0
8,99768936237574e-02;0
7,00633147497361e-02;0
2,83546565365992e-02;0
-1,11989382411468e-01;0
-1,13326726720361e-02;0
NA;NA
-5,21626946430239e-01;1
-4,64363707169234e-02;0
-2,03524670179008e-02;0
9,09012909245468e-02;0
-4,32888175926012e-03;0
NA;NA
NA;NA
7,80382167082098e-02;0
2,78913937667372e-02;0
-1,35416975115813e-01;0
-1,98906246562478e-03;0
8,68699072888743e-02;0
5,52933278455015e-02;0
1,60968705670241e-02;0
5,59222866883326e-02;0
-4,44199356085281e-02;0
-4,47222740452160e-02;0
6,29323153890372e-02;0
NA;NA
NA;NA
NA;NA
NA;NA
NA;NA
NA;NA
NA;NA
NA;NA
NA;NA
NA;NA
NA;NA
NA;NA
NA;NA
NA;NA
NA;NA
NA;NA
NA;NA
NA;NA
NA;NA
NA;NA
NA;NA
NA;NA
NA;NA
NA;NA
NA;NA
NA;NA
NA;NA
NA;NA
NA;NA
NA;NA
NA;NA
NA;NA
NA;NA
NA;NA
NA;NA
NA;NA
NA;NA
NA;NA
NA;NA
NA;NA
NA;NA
NA;NA
NA;NA
NA;NA
NA;NA
NA;NA
NA;NA
NA;NA
NA;NA
NA;NA
NA;NA
NA;NA
NA;NA
NA;NA
NA;NA
NA;NA
NA;NA
NA;NA
NA;NA
NA;NA
NA;NA
NA;NA
NA;NA
NA;NA
NA;NA
NA;NA
NA;NA
NA;NA
NA;NA
NA;NA
NA;NA
NA;NA
NA;NA
NA;NA
NA;NA
NA;NA
NA;NA
NA;NA
NA;NA
NA;NA
NA;NA
NA;NA
NA;NA
NA;NA
NA;NA
NA;NA
NA;NA
NA;NA
NA;NA
NA;NA
NA;NA
NA;NA
NA;NA
NA;NA
NA;NA
NA;NA
NA;NA
NA;NA
NA;NA
NA;NA
NA;NA
NA;NA
NA;NA
NA;NA
NA;NA
NA;NA
NA;NA
NA;NA
NA;NA
NA;NA
NA;NA
NA;NA
NA;NA
NA;NA
NA;NA
NA;NA
NA;NA
NA;NA
NA;NA
NA;NA
NA;NA
NA;NA
NA;NA
NA;NA
NA;NA
NA;NA
NA;NA
NA;NA
NA;NA
NA;NA
NA;NA
NA;NA
NA;NA
NA;NA
NA;NA
NA;NA
NA;NA
NA;NA
NA;NA
NA;NA
NA;NA
NA;NA
NA;NA
NA;NA
NA;NA
NA;NA
NA;NA
NA;NA
NA;NA
NA;NA
NA;NA
NA;NA
NA;NA
NA;NA
NA;NA
NA;NA
NA;NA
NA;NA
NA;NA
NA;NA
NA;NA
NA;NA
NA;NA
NA;NA
NA;NA
NA;NA
NA;NA
NA;NA
NA;NA
NA;NA
NA;NA
NA;NA
NA;NA
NA;NA
NA;NA
NA;NA
NA;NA
NA;NA
NA;NA
NA;NA
NA;NA
NA;NA
NA;NA
NA;NA
NA;NA
NA;NA
NA;NA
NA;NA
NA;NA
NA;NA
NA;NA
NA;NA
NA;NA
NA;NA
NA;NA
NA;NA
NA;NA
NA;NA
NA;NA
NA;NA
NA;NA
NA;NA
NA;NA
NA;NA
NA;NA
NA;NA
NA;NA
NA;NA
NA;NA
NA;NA
NA;NA
NA;NA
NA;NA
NA;NA
NA;NA
NA;NA
NA;NA
NA;NA
NA;NA
NA;NA
NA;NA
NA;NA
NA;NA
NA;NA
NA;NA
NA;NA
NA;NA
NA;NA
NA;NA
NA;NA
NA;NA
NA;NA
NA;NA
NA;NA
NA;NA
NA;NA
NA;NA
NA;NA
NA;NA
NA;NA
NA;NA
NA;NA
NA;NA
NA;NA
NA;NA
NA;NA
NA;NA
NA;NA
NA;NA
NA;NA
NA;NA
NA;NA
NA;NA
NA;NA
NA;NA
NA;NA
NA;NA
NA;NA
NA;NA
NA;NA
NA;NA
NA;NA
NA;NA
NA;NA
NA;NA
NA;NA
NA;NA
NA;NA
NA;NA
NA;NA
NA;NA
NA;NA
NA;NA
NA;NA
NA;NA
NA;NA
NA;NA
NA;NA
NA;NA
NA;NA
NA;NA
NA;NA
NA;NA
NA;NA
NA;NA
NA;NA
NA;NA
NA;NA
NA;NA
NA;NA
NA;NA
NA;NA
NA;NA
NA;NA
NA;NA
NA;NA
NA;NA
NA;NA
NA;NA
NA;NA
NA;NA
NA;NA
NA;NA
NA;NA
NA;NA
NA;NA
NA;NA
NA;NA
NA;NA
NA;NA
NA;NA
NA;NA
NA;NA
NA;NA
NA;NA
NA;NA
NA;NA
NA;NA
NA;NA
NA;NA
NA;NA
NA;NA
NA;NA
NA;NA
NA;NA
NA;NA
NA;NA
NA;NA
NA;NA
2,68102085105654e-02;0
-1,52808541824913e-01;0
-8,18392589392081e-01;1
-2,00401053098615e-01;0
-4,78791474857638e-01;0
-4,50563795445690e-01;0
-4,40018215219062e-01;0
-1,81908093436047e+00;1
-8,27303931976799e-02;0
-1,22934427855991e-02;0
6,02870604305100e-02;0
-5,71921818352801e-02;0
-1,26043856273701e-01;0
-2,29181772768544e-01;0
-4,41727256739935e-01;0
-2,98871901075337e-02;0
8,37917961764266e-03;0
-1,67428898839030e-02;0
-6,17873824159298e-02;0
-7,58368120476340e-02;0
4,83321450154503e-02;0
3,29982026895936e-02;0
-3,53940897322554e-02;0
-1,61197684538705e-01;0
-5,09338337733480e-02;0
-1,46425204639486e-01;0
-2,78426878125707e-02;0
-1,40516728933189e-01;0
-3,77428627726431e-02;0
-1,57646489433298e+00;1
-1,63228207515585e-02;0
3,42307645826003e-02;0
1,55983288633916e-02;0
-6,30022765694782e-02;0
1,23149155115447e-01;0
1,12828477598873e-01;0
1,90625876470582e-02;0
NA;NA
-6,26751772906067e-01;1
3,86105210287314e-02;0
7,42273121395221e-02;0
1,10420820166340e-01;0
3,50355999433689e-02;0
-1,52974211896330e-02;0
1,97144714389992e-02;0
5,18772951584916e-02;0
NA;NA
1,45500694026818e-02;0
-4,66940895447356e-01;0
-1,12090895697797e-01;0
1,18228369380359e-01;0
-5,02912327838180e-02;0
-1,07960421945561e-01;0
-8,05096584402555e-02;0
-1,53248508559061e-01;0
8,18583453241127e-02;0
-9,44723181574511e-03;0
-5,02237956063741e-02;0
1,37264593069711e-02;0
-2,86283642463428e-01;0
4,18006418747536e-02;0
2,20104467062427e-02;0
-2,88107557153205e-02;0
2,68329893461628e-02;0
-2,18130643047463e-02;0
5,66970158965497e-02;0
-2,22664596806259e-01;0
8,71178326882446e-02;0
-1,78817899592697e-01;0
NA;NA
NA;NA
-2,49201150807294e-01;0
-1,70258378613496e-02;0
-1,61112068986736e-01;0
NA;NA
-5,79608602155759e-01;1
1,39920202100404e-01;0
-1,22433720630359e-02;0
1,10959278320096e-01;0
4,60679255661360e-02;0
-1,18393487719665e-01;0
2,68638669347406e-02;0
3,35689964928107e-03;0
-1,45406076541495e-01;0
-1,35261938738412e-02;0
2,88280437558445e-02;0
9,59116070406765e-02;0
-2,74518066500137e-02;0
-1,23212589996478e-01;0
-1,24427420795767e-01;0
-1,55642485511757e-01;0
4,40271348742797e-02;0
5,69338598010328e-02;0
-9,59908675547528e-02;0
1,22060308031851e-02;0
-2,48165704509963e-02;0
-4,09921224902361e-02;0
-9,90611955623528e-02;0
4,50551772310519e-02;0
-6,50877468581086e-02;0
-8,21669455636850e-02;0
1,90024176585304e-01;0
-1,63717693601529e-01;0
NA;NA
-2,56572769906839e-01;0
5,32558632048091e-02;0
NA;NA
-2,25452036482620e-01;0
NA;NA
3,73412912665942e-02;0
-2,74413236660577e-02;0
-3,88349317750800e-02;0
-6,01871343422094e-02;0
-1,33326747782091e-01;0
-5,05933894865377e-01;1
-6,56418168716780e-02;0
-2,83831081638942e-01;0
1,28751156596249e-01;0
2,43157712988616e-01;0
-1,19791241867604e+00;1
1,00733349109335e-02;0
8,50128107603597e-03;0
-5,32322232431568e-02;0
NA;NA
2,47436981752862e-02;0
-1,52662593579259e+00;1
1,10219006515956e-01;0
3,97172940239958e-02;0
1,53395682656486e-01;0
1,93355159220151e-01;0
-2,29228962653140e-01;0
-9,04011060448986e-02;0
2,13497173811046e-02;0
8,17556353623885e-02;0
-1,35126485738280e-01;0
1,03368645400816e-01;0
-2,09916679573781e-02;0
-1,58358836667664e-02;0
1,02716599049895e-01;0
NA;NA
-1,43593587266449e-01;0
-8,06076926727938e-01;1
-2,19881146601147e+00;1
6,35582780373715e-02;0
-4,77189069687300e-02;0
-5,65713288780250e-03;0
-3,15544928533067e-02;0
7,41537933918643e-02;0
NA;NA
NA;NA
NA;NA
9,76196575118451e-02;0
9,61291209449105e-02;0
-1,94006570437591e-01;0
5,46689072619816e-02;0
-4,85828751317092e-01;0
-9,46507201867944e-02;0
-6,91683202182401e-02;0
4,79276734419424e-02;0
-1,48194937658836e-01;0
-1,39483791032050e+00;1
-1,99661615152893e-01;0
-3,24868942689469e-02;0
-4,66492866385158e-02;0
4,50143359558885e-02;0
-6,39385824177026e-02;0
-3,31375571815677e-01;0
3,37561521130352e-02;0
1,01546886819271e-01;0
-1,08875947613373e-01;0
NA;NA
-9,60465506782801e-02;0
-4,80778727815681e-02;0
3,20419633980928e-03;0
1,84741924295544e-02;0
5,04337779466622e-02;0
-1,62181429851708e+00;1
2,33833846093179e-02;0
-1,85491581966979e-01;0
-1,39283202949234e-02;0
1,55148475379985e-02;0
2,38253033827061e-03;0
-1,51241373189381e-01;0
1,53608537000200e-02;0
3,30542947673467e-02;0
7,13899135628019e-02;0
7,23625860442745e-02;0
-4,93805767180037e-02;0
-3,80358121616267e-02;0
-1,21171102777774e-01;0
NA;NA
7,39599412923365e-02;0
-1,73090127745704e-01;0
8,28157642715979e-02;0
-3,86938033572424e-03;0
1,43192076622457e-02;0
-1,69744719456845e-01;0
-1,42263157096203e-01;0
7,05915706494849e-03;0
-2,65207245006962e-01;0
5,27669921053156e-04;0
-8,96753339295948e-02;0
-3,30160509838880e-02;0
-8,15675949304594e-02;0
6,43853134089910e-02;0
3,27215770271005e-02;0
-1,26316876887122e-01;0
-7,65929361665675e-02;0
NA;NA
-7,86311444152959e-02;0
-2,74349000176986e-01;0
3,28948161558680e-02;0
-3,19923706859450e-01;0
-1,95122970310165e-01;0
-9,36917738174562e-02;0
2,42537498027061e-02;0
2,57815704705474e-02;0
-3,05192270820028e-02;0
-1,13022192374362e-02;0
-7,44230134856382e-02;0
-3,78583402844639e-03;0
-4,95764156904787e-02;0
6,75624191201306e-03;0
-6,30181462368519e-02;0
3,41550351080127e-02;0
6,75630892986222e-02;0
1,05116415108840e-02;0
-5,26003548331329e-01;1
NA;NA
4,79701376526109e-02;0
1,48797999222180e-01;0
9,69380757434966e-02;0
1,86420239374544e-02;0
2,22027776524132e-01;0
1,31411566694036e-01;0
1,09776086731861e-01;0
1,16255747299593e-01;0
-6,19713867998986e-02;0
-2,60381431805186e-02;0
1,07576342096167e-01;0
-1,22375301185516e-01;0
1,49091196052989e-01;0
-2,71450817232156e-02;0
-6,04590175432843e-02;0
-3,11619943270008e-02;0
2,70560846243121e-02;0
-5,94574434742791e-02;0
2,74597327695223e-02;0
3,94776654833133e-02;0
-9,89431988698092e-02;0
6,46217266548722e-02;0
-1,02490052595984e+00;1
-1,99540414999528e-01;0
-1,26754683344109e-02;0
5,83780215524593e-02;0
6,26581763535870e-02;0
-3,34310956702223e-02;0
2,25065437700757e-01;0
-1,45256338472638e-01;0
4,54464049127465e-02;0
-2,22701686578808e-01;0
3,31577612187489e-02;0
-3,25296450956688e-02;0
-7,92329876242691e-02;0
-3,92403693989821e-01;0
3,51494087759405e-02;0
4,47023028273816e-02;0
-1,17007324486364e-01;0
-1,36333602980066e+00;1
-1,43127366501256e+00;1
3,14169241530995e-02;0
2,23923109392974e-02;0
9,38959528914232e-02;0
-5,17943263056730e-02;0
6,38522327945831e-02;0
-1,24991942355801e-01;0
NA;NA
NA;NA
1,10394971774713e-01;0
8,78745689789601e-02;0
4,73074158388144e-02;0
3,61617252380165e-02;0
-2,55073079963365e-02;0
-6,64481905813020e-02;0
-8,62660445650210e-02;0
-2,64897374385299e-02;0
9,23059218662452e-02;0
-1,88209890744092e-02;0
2,05026925168128e-02;0
-3,58218656650388e-02;0
-9,45877234193289e-02;0
-8,79193505481549e-02;0
-6,72741633523592e-02;0
-2,18427464688611e-02;0
-1,21935292405820e-01;0
8,80703513754457e-02;0
NA;NA
-7,58794491508337e-02;0
-2,05084982948560e-02;0
NA;NA
-7,86829299153789e-02;0
-2,86773170286447e-02;0
-4,30095848392217e-02;0
-2,82460024628688e-02;0
-8,48846999019395e-04;0
8,47184204808518e-02;0
1,25735391751621e-01;0
-2,70437751560348e-02;0
-9,36338973969918e-02;0
-3,16857717558635e-02;0
-1,28036103303430e-01;0
-1,73114025542491e-02;0
-6,82626743643083e-02;0
-3,48702304159401e-02;0
-2,88580587871242e-02;0
-1,58147775456911e-01;0
1,55101610586767e-02;0
NA;NA
-7,52379625814053e-02;0
-1,07512231142886e-02;0
6,02035674877449e-02;0
-5,40400456944133e-02;0
7,66038313628472e-03;0
4,11925753793188e-02;0
NA;NA
-2,89778723163230e-05;0
3,23079131868355e-02;0
-1,56354856146127e-01;0
-9,74124655387165e-03;0
1,64031056895553e-02;0
-6,37210169349166e-02;0
-1,38615376602483e-02;0
-3,19045832966504e-02;0
-2,42870646096982e-02;0
NA;NA
-1,98538430775742e-02;0
7,56425885842979e-02;0
-1,77769817191392e-01;0
1,81132066288522e-02;0
-7,65767770281101e-02;0
6,71154335984887e-02;0
-1,95063516349124e-01;0
-1,04239747113597e+00;1
-3,79307303398842e-02;0
-2,12140422772609e-01;0
-1,13135256140882e-02;0
-1,15770724682308e-02;0
-1,45217317574594e-01;0
-1,13859154342478e+00;1
-1,35575313167066e-01;0
-4,81860727557575e-02;0
-5,40160927025451e-02;0
-1,53541452641418e-03;0
8,07530149015622e-02;0
-2,26738136955582e-01;0
-1,18285052078363e-01;0
-1,06972713170568e-01;0
-1,43100153596473e-01;0
-3,09414214453944e+00;1
-3,24928981069434e-01;0
-2,20433819602130e-01;0
6,93015962099444e-03;0
-1,14048018443258e-01;0
-4,50460304222511e-01;0
NA;NA
-6,02761011660074e-02;0
-2,18693095833991e-02;0
-5,03008880972492e-02;0
8,31363910682418e-02;0
5,48537423244477e-02;0
2,78413124615889e-02;0
1,13125892212818e-01;0
7,08107250240091e-02;0
3,63260739289695e-02;0
-3,10292562446097e-03;0
NA;NA
-1,77841925140022e-02;0
-2,63010370886877e-01;0
1,14877138919830e-03;0
1,43771704036908e-02;0
4,20859080776051e-02;0
-5,97210481326748e-01;1
5,43504189502880e-03;0
-9,65581794972515e-02;0
-1,01666299918383e+00;1
-5,83995730393738e-02;0
2,53315070837600e-02;0
2,20323338885749e-01;0
-1,40961521248328e+00;1
1,18307607910336e-01;0
-1,40006550419365e+00;1
-3,59279486307439e-02;0
7,51663482779977e-02;0
-4,65157113365924e-01;0
-4,10901011429948e-01;0
-4,01408650605773e-01;0
-6,96725852802551e-01;1
-3,51617415797541e-01;0
-1,03641378366551e-01;0
-2,69491687167285e-01;0
9,13839517012480e-02;0
1,52798700552238e-02;0
-2,95606322946043e-01;0
9,91518874937736e-02;0
2,20968762414525e-02;0
-4,22489855045094e-02;0
-4,21631849613935e-02;0
5,50934502866051e-02;0
4,20718966125943e-02;0
-1,18521012036434e-01;0
-1,61372027899295e-02;0
-6,77954519145874e-02;0
1,13944126240808e-02;0
-4,88045740210787e-01;0
4,34303564936969e-02;0
8,95333682567991e-02;0
-2,49804589056923e-02;0
3,01346922005528e-02;0
-2,51353998754240e-02;0
-1,66266347984688e-01;0
3,97378804455533e-02;0
-5,20334021294509e-02;0
1,71189038467689e-02;0
-3,45358596382331e-03;0
-7,36993561297679e-02;0
5,54783627344134e-02;0
-8,84883302400183e-02;0
1,24993215438859e-02;0
5,19902903609009e-02;0
1,02062630387112e-01;0
3,00141554356563e-02;0
-1,66592049091479e-01;0
-8,39639923636515e-02;0
1,92042082606491e-02;0
4,22464074104225e-02;0
-6,45448691611874e-02;0
-4,09795437335348e-02;0
2,93746058215595e-03;0
1,85407869644656e-03;0
-5,33502733273962e-02;0
-7,30508202097326e-02;0
1,85635943311960e-01;0
3,09562396486802e-02;0
-1,93070474605161e-02;0
7,57839852766203e-02;0
2,45452788674806e-02;0
-2,57724146578258e-01;0
-4,34855020464899e-02;0
5,61859510898801e-02;0
2,49030604170978e-02;0
3,86890042975091e-02;0
1,95821506602782e-01;0
5,05805059653080e-02;0
1,54445919409377e-01;0
-3,94846407551132e-02;0
3,79492134592900e-02;0
-9,81228079381139e-02;0
-8,25250201158448e-01;1
1,22202126620836e-01;0
-2,35283262767637e-01;0
-1,99118704109509e+00;1
-3,01184825631924e-01;0
-1,06525060284635e-01;0
-2,46902753248141e-01;0
-1,44381201497946e-01;0
-1,37127789547653e-02;0
-2,14843551590717e-01;0
-6,74698320160458e-02;0
-1,79103924693053e-03;0
1,75289460460419e-02;0
-9,11078964951601e-02;0
7,50238608232002e-02;0
-1,73827716149356e-01;0
-1,24244901995849e-01;0
5,43727039985223e-02;0
-6,42205034490058e-02;0
-2,83795106659651e-01;0
-2,50274574139277e-01;0
-6,50512665338285e-03;0
2,33040247046941e-02;0
-1,67544022719553e-02;0
1,05490616933826e-01;0
-1,35348397915453e-02;0
-1,91214070465372e-01;0
-1,86462941315062e-01;0
-1,06544951041353e-03;0
NA;NA
1,02492795698355e-02;0
-7,93706484447715e-02;0
-3,84429955536896e-01;0
1,01671808966549e-01;0
7,81379326207923e-02;0
6,31743402116188e-02;0
-3,22538529972997e-02;0
-3,15080381934133e-02;0
-8,98289567915448e-01;1
-1,33710173683745e+00;1
-8,24087510211115e-04;0
3,84586805809377e-02;0
-5,09964532302577e-03;0
1,35079983631725e-01;0
-1,40129382870273e-01;0
-2,54498499081227e-02;0
NA;NA
NA;NA
-8,10787886061888e-02;0
-1,12177662607932e+00;1
-1,44639174366391e-01;0
NA;NA
-2,95979803283308e-01;0
-1,18783083404865e-01;0
2,29125113326717e-02;0
-2,21559247832825e-01;0
5,14670831106766e-02;0
9,50779746211978e-03;0
-1,08295077800814e-01;0
-7,40886301754095e-02;0
1,87704792477543e-03;0
-1,34996265725173e-01;0
-3,72977029957792e-02;0
-1,08086536029062e-01;0
4,09518811570235e-02;0
-4,68998080736656e-02;0
-9,40625598707568e-02;0
8,67675712750064e-03;0
-2,50255646848213e-01;0
-7,28722390725281e-02;0
NA;NA
NA;NA
-3,44538372059218e-01;0
-7,41353818184004e-01;1
-1,75047312435538e+00;1
-3,38592907020708e-01;0
-7,18343019771393e-01;1
-1,52695068249188e+00;1
-1,37840667293024e-02;0
-9,96911952530953e-02;0
7,04973295849762e-02;0
-2,17891310808483e-01;0
-3,19332640405425e-02;0
-9,75940672219559e-03;0
5,54825228699712e-02;0
-7,99658672115674e-01;1
-8,55928737766285e-02;0
5,78328018722919e-02;0
4,67920359072325e-02;0
NA;NA
1,66064428472463e-02;0
NA;NA
-3,89925027565944e-02;0
-2,69212878245625e-02;0
-3,33854384337835e-02;0
-1,80883354818739e-01;0
1,32059232404389e-01;0
-1,58288124466530e-01;0
3,86382507909973e-02;0
-1,33049402480321e-01;0
-5,85109963286613e-02;0
NA;NA
-4,90806706210691e-02;0
-2,32649794785723e-02;0
-1,01080592067751e+00;1
1,26935825460889e-02;0
-8,21101450548683e-02;0
-2,98333549259148e-01;0
-1,07224189906451e+00;1
1,43465698893843e-01;0
-2,31076684917022e-01;0
-1,31510866664385e-01;0
4,87846847004886e-02;0
-9,37033357809806e-02;0
-2,26065536156420e-02;0
-2,28903778044740e-02;0
7,80146974799389e-03;0
1,70595276016024e-02;0
-2,31026945804581e-01;0
-1,96709780520095e-01;0
-1,57942230054120e-01;0
-2,56122671115025e-01;0
NA;NA
4,10169440186004e-02;0
-7,09932453363152e-02;0
-6,17485231455212e-02;0
-9,14902092716362e-01;1
NA;NA
-2,82658697729603e-02;0
-2,39203976640106e-02;0
-1,02633651378253e-01;0
-9,14081766033560e-02;0
-1,06351111942533e+00;1
-1,93432444979671e+00;1
-1,86025095130314e+00;1
-2,76073222865814e-01;0
-8,36657101265537e-02;0
8,27440510970816e-02;0
-4,40048477915510e-02;0
4,47684617337850e-02;0
6,30292535480565e-02;0
-7,19524029074203e-02;0
-6,49050532425012e-02;0
9,77617623541970e-02;0
-5,35280819221201e-01;1
-8,90135847666110e-02;0
8,40319980005985e-02;0
-1,70500110269761e-02;0
-1,16658607474376e-01;0
-7,17900362605254e-02;0
1,03845880396325e-01;0
-4,38709655071800e-02;0
-6,69411891997735e-02;0
-2,19723361006144e-01;0
-1,08838485129204e-01;0
2,17082987850187e-02;0
-2,85535695481635e+00;1
2,65123334371994e-02;0
-3,01712266537377e-02;0
-1,56761029225056e-01;0
-8,64589811712183e-02;0
NA;NA
-1,38257768034319e-01;0
-9,20087979236377e-02;0
8,20500380227193e-03;0
-4,98819335696387e-02;0
-2,27725129527857e-01;0
-7,15939502795720e-02;0
-4,99098901161989e-02;0
-4,11566512014489e-02;0
4,85154253633949e-03;0
2,91612801107629e-02;0
-2,14495638600281e-02;0
-6,87678774195614e-02;0
5,51684653162529e-02;0
-2,03728302960729e-02;0
-1,15652112275081e-01;0
2,04107239817211e-01;0
-1,31343891923896e-01;0
1,00632002427050e-01;0
6,98824936312382e-03;0
-7,91110170951084e-03;0
-9,86781459525920e-02;0
4,03759940156223e-02;0
1,69690212953209e-02;0
-5,89067235440836e-02;0
7,36865666393771e-02;0
-1,08339164851740e-02;0
-8,84196627479117e-02;0
5,53097880983005e-05;0
-7,56404867297267e-02;0
8,67564511481366e-02;0
-1,68228845929807e-01;0
2,48907312117986e-02;0
-8,03234766533888e-01;1
-2,93468563624967e-01;0
3,56627758792452e-02;0
-2,52576326254914e-01;0
1,01884181704730e-01;0
-9,03248948066883e-02;0
-1,42051585101858e-01;0
5,50338375721948e-02;0
-3,46252497360547e-02;0
-7,07238090942267e-02;0
-3,60465372986736e-03;0
9,89129593981451e-03;0
-3,93801378373301e-02;0
9,19551206277082e-02;0
-6,83117362680850e-02;0
NA;NA
-4,84687520345879e-02;0
6,83963647106758e-02;0
-1,77296581265425e-01;0
NA;NA
-9,66152246251915e-02;0
9,78535638292877e-03;0
1,08592527674224e-01;0
-3,55904216231270e-01;0
-1,06646807530354e-02;0
-1,84848290858731e-01;0
-1,52457982791220e-01;0
-4,99962213229865e-02;0
-2,15242514591431e-01;0
-1,29293600259760e-02;0
-5,48379271695022e-02;0
5,59763312016887e-02;0
-2,90439390146641e-01;0
-8,15570137237177e-02;0
-1,79102563377709e-01;0
-1,62640248298634e-01;0
-1,91968265102361e-01;0
-6,72163135038680e-02;0
-2,38581370558601e-01;0
3,87762442408947e-02;0
-4,05245389694813e-02;0
5,60663609748014e-02;0
8,72708552351785e-02;0
3,49471709918203e-02;0
6,97497702254695e-02;0
7,99746699611585e-02;0
-6,69697460389029e-01;1
-3,99800831370979e-01;0
-1,04113008937018e-01;0
-1,36484524975922e-01;0
-4,82927606834334e-02;0
-2,19471666037093e-02;0
-2,23720522628699e-02;0
-1,50944437472630e-01;0
1,02817612745526e-02;0
-4,30196899292582e-01;0
5,38058276788867e-03;0
NA;NA
-7,45885965949854e-03;0
-6,73688938861277e-02;0
-1,00727395550540e-01;0
-2,67475320035969e-02;0
-1,44068725761701e-01;0
-2,88599403412399e-02;0
-1,45389959810671e-01;0
-3,07410469429267e-02;0
-2,22280716494427e-01;0
1,91694607379082e-02;0
4,13885756144018e-02;0
-1,04999378082907e-01;0
-5,03950843039076e-02;0
7,66282361065206e-02;0
-2,97406328069613e-02;0
-1,16650016635916e-01;0
-3,91524046644553e-02;0
5,23936843648602e-02;0
-5,13262120459628e-01;1
1,59600744801290e-01;0
-1,88362741728301e-02;0
-4,03437495727188e-02;0
-8,81821390006459e-02;0
7,62434462086315e-02;0
1,27142185201240e-01;0
-4,57334842003169e-01;0
2,29910704213334e-02;0
5,53773174113240e-02;0
3,08263226593583e-02;0
7,57651959452145e-02;0
-1,66856904026701e-01;0
-9,72461194877835e-02;0
-1,09055018741738e-01;0
-2,77252989472737e-01;0
-6,32414154253809e-02;0
1,08422963123317e-02;0
-6,12360714312737e-02;0
8,71365407605536e-03;0
2,44819023504315e-04;0
-1,84597886110692e-01;0
3,63559658030553e-02;0
6,51921654100348e-02;0
5,17056187006681e-02;0
3,88536953484268e-02;0
NA;NA
3,36407824289834e-02;0
NA;NA
NA;NA
7,71819876444697e-02;0
-5,49031473000364e-02;0
6,77482054829971e-02;0
-6,58313663333726e-02;0
-4,95750175014759e-03;0
-9,72712786385500e-02;0
3,43464352519112e-02;0
2,66757341187506e-02;0
1,77604650330643e-02;0
-9,75926092759859e-02;0
-1,73737012884635e-01;0
-8,94283964027385e-01;1
-1,30532176588249e+00;1
-3,70096729958909e-02;0
-3,08347555448168e-01;0
-1,75881290091647e-01;0
-3,79342142819876e-02;0
1,91144621688657e-01;0
-3,41612092925049e-02;0
-1,06056612139391e-01;0
7,92748363362453e-02;0
-2,37575262455325e-02;0
-8,70933281869415e-04;0
-1,46395239936892e-01;0
-1,14701388232423e-01;0
3,82580605339334e-02;0
-1,45055206035646e-02;0
1,00242343355422e-01;0
NA;NA
6,18116753961031e-02;0
-1,80931895190849e-02;0
3,17738509101913e-02;0
-3,41447479913246e-02;0
8,74727863564999e-02;0
-6,08866492266966e-02;0
8,70712994997324e-02;0
-1,57572673022709e-01;0
-5,48441600881874e-02;0
-1,29308473905193e-01;0
-3,50099288263269e-02;0
-7,81173285547026e-02;0
-1,14692627889971e-02;0
-4,12638927330054e-02;0
-2,72604009445351e-02;0
NA;NA
-2,40715313621275e-02;0
-1,36788883866499e-02;0
1,32275227227303e-01;0
-1,53060297174624e-01;0
7,87601454242794e-02;0
-2,07395325346060e-01;0
-8,62485385073163e-02;0
-1,62954818608531e-01;0
4,96028283059928e-02;0
2,28495641608340e-03;0
-1,48351204255606e-01;0
2,43338629380346e-02;0
-2,81392236880945e-02;0
-9,44236261862302e-02;0
-4,97690357762634e-02;0
6,67787154760962e-02;0
3,72168047892666e-02;0
8,96483695659423e-02;0
-2,58894660916593e-03;0
-9,48482817760107e-02;0
2,20562011004175e-02;0
-9,96547033682581e-02;0
NA;NA
2,56411389260341e-02;0
-6,80865340214893e-02;0
2,34201446039412e-02;0
5,97623036487533e-02;0
1,10211892116551e-01;0
4,49984880631225e-02;0
1,22861244089549e-01;0
-2,28032149627602e-02;0
NA;NA
-1,19417839296008e-01;0
1,34366177122343e-01;0
6,82729188126895e-03;0
-1,87097207277462e-02;0
7,94270035709942e-02;0
4,53436299010422e-02;0
-4,59913448736544e-03;0
4,60445079672850e-02;0
2,89962653454651e-03;0
-1,88362105863170e-01;0
-7,43711330834515e-02;0
-5,80605012288752e-02;0
2,02562435491554e-01;0
NA;NA
-2,85022966182279e-02;0
1,79922933568453e-02;0
4,54522833607845e-02;0
3,00534412485051e-02;0
4,60870637078521e-02;0
6,06020785909681e-02;0
-1,48881470041845e-01;0
-3,26853196789725e-02;0
-3,29296225610883e-02;0
-5,97871300142392e-02;0
-1,68158561725305e-02;0
8,20023140188912e-02;0
-8,26397660073768e-02;0
6,90185977457820e-02;0
-5,38912973624160e-02;0
1,89830399113721e-02;0
3,23691497684377e-02;0
-7,08302943927657e-02;0
-3,88204234512041e-02;0
8,43337544092244e-02;0
3,34915766733886e-02;0
1,05272735719089e-01;0
-1,20414473946152e-01;0
-3,89806827593549e-01;0
-1,07353403929569e-01;0
5,72663108561047e-02;0
-2,01250125849898e-01;0
3,79189175561893e-02;0
1,01271056114028e-02;0
5,55786391888245e-02;0
NA;NA
-2,35724632299307e-01;0
2,29783467752611e-01;0
2,58049132828273e-03;0
-6,41924367473331e-02;0
-8,58213473733520e-02;0
-2,02563616860876e-01;0
-2,82806869331956e-02;0
-2,80983684664289e+00;1
3,55477161086283e-02;0
-3,17519934981052e-02;0
-1,00731372140700e+00;1
2,58403796936432e-02;0
4,37805956861017e-02;0
NA;NA
-1,35459233157580e-02;0
6,59345913534702e-02;0
3,37414885639480e-02;0
9,77358683983458e-02;0
3,99947986610453e-02;0
3,10574070048484e-02;0
-1,17015290188540e-02;0
-2,13886355807718e-02;0
-3,58931386665449e-02;0
-1,41178557122811e-03;0
4,54555265217311e-02;0
1,04908266684021e-01;0
-2,56519779847926e-02;0
9,60382411519657e-02;0
-1,02894124048699e-01;0
-5,08405806575681e-02;0
-1,09127288042111e-02;0
-9,51414836763134e-02;0
-9,54611152761544e-01;1
-9,62687382556321e-03;0
1,30511709708066e-01;0
6,85288194835068e-02;0
-2,70105392203170e-02;0
2,96359377101751e-02;0
1,15018606419709e-01;0
2,02214824585108e-02;0
-3,89675963258229e-02;0
-6,11821100854992e-02;0
-5,01078933791794e-02;0
1,05268741050568e-01;0
-1,26484898425921e-02;0
-8,06955662603884e-02;0
3,72365534177812e-02;0
3,34632807133265e-02;0
6,14312806022404e-03;0
9,48400004303162e-02;0
-7,00349686435101e-03;0
-3,49279572549746e-02;0
2,01966782614526e-02;0
-3,51908515780762e-02;0
2,57731773275341e-02;0
NA;NA
7,45108714754264e-02;0
-5,43419708087104e-02;0
-3,76963706043112e-02;0
-1,20605665399227e+00;1
-9,03539424237963e-02;0
-3,50901894873722e-03;0
-1,22811545116981e-02;0
-2,55201433819536e-01;0
9,06013694551296e-02;0
-2,89795265849304e-02;0
-1,40645337402815e+00;1
-1,62945317604262e+00;1
4,22181852250137e-02;0
8,03882257902907e-02;0
-3,77464782702031e-01;0
8,92077108418997e-02;0
-3,62139344990362e-01;0
-1,33263298550376e-01;0
-4,55913557320658e-01;0
5,53135492568739e-02;0
9,50619982958443e-02;0
9,03605404961280e-02;0
8,02717861131102e-02;0
-5,02246726753889e-02;0
9,72455674821566e-02;0
1,06638438700982e-01;0
5,53597081449301e-02;0
NA;NA
NA;NA
NA;NA
5,55858280933611e-02;0
-1,80644478829656e-02;0
-1,04825430397740e-01;0
-7,87320461184774e-01;1
-7,01929226915797e-01;1
3,17348578402979e-02;0
1,05273873293870e-01;0
3,81322029756713e-02;0
-2,22342758764755e-03;0
7,03160148608567e-02;0
1,15876633588550e-01;0
7,54220928067799e-02;0
-9,52982011534564e-02;0
-1,37977012754831e-01;0
-5,57131363574126e-02;0
-1,07906882588185e-01;0
-8,69806762412900e-01;1
1,50284568028322e-02;0
-2,70232463280348e-01;0
-2,61974939123363e-01;0
-1,04282996966267e-01;0
-3,22496684147592e-02;0
-9,62815605794794e-02;0
-6,15394488537711e-02;0
-9,48615893654809e-02;0
2,32076392274663e-02;0
1,27717680329665e-01;0
-6,10234648923041e-02;0
-6,45010168784101e-02;0
-3,23246677538498e-02;0
-8,77547531774802e-02;0
-1,20985189268418e-02;0
3,59795711636702e-02;0
-3,46358001720525e-01;0
-6,54132365476943e-01;1
-1,26370567522297e+00;1
1,40692596707430e-01;0
-2,21277293360052e+00;1
-1,10073985176680e+00;1
-1,72622057008564e+00;1
-1,39066114242848e-01;0
NA;NA
3,06092317309994e-02;0
-1,59785091250490e+00;1
-1,81778930037713e+00;1
-2,93458804237856e-01;0
-1,82404235512905e-01;0
-2,39924687274295e-01;0
-4,17692055451024e-01;0
-1,60108063233148e-01;0
2,66184455855876e-01;0
3,22664273896901e-02;0
-6,70938075192336e-02;0
-4,59672113529260e-02;0
3,00731931650257e-02;0
-3,06816490962649e-01;0
-1,38489680874110e+00;1
-1,31600138121753e+00;1
-2,16133302665084e+00;1
-1,89640300254857e-01;0
-8,29220503549197e-01;1
-1,70088550111522e+00;1
-4,40221048442424e-01;0
-7,85032982236107e-01;1
-2,45470350427748e+00;1
-2,19486341403190e+00;1
-1,93811689960910e+00;1
-1,84877453766922e+00;1
-1,76029377785810e+00;1
-1,58306053069940e+00;1
-1,40505923889451e+00;1
-1,95848203748222e+00;1
NA;NA
-3,07537069380594e+00;1
-3,05579480383861e-01;0
-2,66162086211432e+00;1
-1,92486288347434e+00;1
-1,03494517202613e+00;1
-4,39591084433317e-01;0
-8,58616152045315e-01;1
-1,17648052831956e+00;1
-1,06217090130332e-01;0
-2,64884792981366e-02;0
-2,00227836468981e+00;1
-1,61371445270336e+00;1
-6,16632974388117e-01;1
NA;NA
NA;NA
1,00566361230628e-01;0
1,87887537331607e-02;0
-2,51147970155860e-02;0
-6,45197912186435e-02;0
-6,02149854119987e-02;0
5,38862554232949e-02;0
-4,50010271659906e-01;0
-6,60288890255133e-02;0
2,86834281947981e-02;0
-1,20667996357074e-01;0
-2,11720761429572e-02;0
-3,75054650875385e-02;0
-1,01918286396710e+00;1
-6,52604624775216e-01;1
-1,84271860167112e+00;1
-7,05785765428661e-01;1
4,14198494163111e-02;0
1,29333521941351e-01;0
8,68577905102855e-02;0
-9,63790533994430e-03;0
3,13600414365543e-02;0
7,01534125484962e-03;0
-4,15238598107696e-01;0
-3,68065564670369e-02;0
-2,97176525535766e-02;0
NA;NA
NA;NA
NA;NA
NA;NA
NA;NA
NA;NA
-6,15658063238835e-03;0
-2,94211245638549e-02;0
1,65064120332058e-03;0
1,23510522058673e-02;0
-2,22399353405115e-01;0
1,29632475240778e-01;0
7,15865118053114e-02;0
4,76814981538232e-02;0
9,52389811499542e-02;0
-1,04812935701573e-01;0
1,03261551935562e-01;0
4,11668265393835e-02;0
5,29869070359650e-02;0
3,83718925615405e-02;0
-8,15279287951283e-02;0
NA;NA
-1,12406752727558e-01;0
-1,47134399073317e-01;0
3,39871186799909e-02;0
8,23124448443005e-02;0
-1,03658796028638e+00;1
-4,07392313756351e-01;0
-1,36988763136483e+00;1
-3,61333810469536e-02;0
-4,70896380542781e-02;0
3,34707119875061e-02;0
1,01596595227013e-01;0
-4,03112741986654e-01;0
-5,04928878635564e-01;1
5,80404957445227e-02;0
-1,36372411489234e-01;0
-2,81024804175021e-01;0
1,86401238343109e-02;0
-1,24554848718533e-03;0
2,21084477116352e-01;0
-4,71406544873335e-02;0
-3,03939326177567e-02;0
-6,62144610769681e-02;0
1,11584503143195e-04;0
NA;NA
5,46994665867420e-02;0
3,71840180542727e-02;0
-2,40595286463098e-01;0
NA;NA
NA;NA
-1,46414209696119e-01;0
1,01318281993358e-03;0
7,34021086310234e-02;0
-6,46803685284536e-01;1
-4,68166172719698e-02;0
4,84924389995042e-03;0
-4,37892469711191e-01;0
-6,83270170855595e-01;1
-1,22715934329674e+00;1
-8,13545170542271e-02;0
-9,32400479798651e-01;1
1,24257228688835e-02;0
-1,65780852111127e-01;0
-1,48578503471184e-01;0
-1,83241173924320e-01;0
7,03396827536702e-02;0
-7,98312220856977e-03;0
-1,75551187550498e-01;0
-1,07897841551563e-01;0
4,71889075787159e-02;0
-2,20909102227982e-01;0
-6,37525499261512e-02;0
-2,18078352028713e-01;0
6,57722638961427e-02;0
3,32490818681882e-02;0
-1,10703172023228e-01;0
-1,28290303681650e-01;0
-2,87857178351598e-01;0
-9,95328177820293e-02;0
-5,80182282434537e-01;1
-8,68490166703654e-01;1
-1,86141799757625e-01;0
-1,20364898695513e+00;1
-9,76855617045947e-01;1
-1,22941429879161e+00;1
2,31433865259302e-03;0
1,15267961514231e-02;0
1,53844748976201e-01;0
-1,07705651411086e-01;0
1,80979724231788e-03;0
-5,41021592977945e-01;1
-5,07792747651341e-02;0
-1,00633188885915e-01;0
-1,07300519215191e-01;0
-8,18574461283672e-01;1
4,81038437804879e-02;0
-4,72708112370221e-02;0
1,36646403974028e-01;0
-1,04216754210529e-02;0
-2,35979144603299e-01;0
-1,18603200608248e-01;0
5,49780193813897e-02;0
-9,12029508918121e-01;1
-2,16077472440591e-02;0
-4,67156408058560e-02;0
-1,23485090410297e-01;0
NA;NA
NA;NA
-9,62124823556928e-02;0
6,81247635788227e-02;0
-9,70366511030722e-02;0
1,05592978987527e-01;0
1,40396957694267e-01;0
4,73355395844451e-02;0
7,35478873146647e-02;0
-2,50541130566312e-01;0
7,16424825434023e-02;0
3,27658349031226e-02;0
4,70912179070387e-02;0
-7,65533770988210e-01;1
-1,15662332150888e+00;1
2,91943864749100e-02;0
NA;NA
-1,02073322096005e+00;1
3,51765219173759e-02;0
-1,02232149599762e+00;1
5,06957002872599e-02;0
-2,34453531816609e-01;0
2,53983637929416e-02;0
3,78316085265426e-03;0
NA;NA
-5,35447718403695e-03;0
NA;NA
-6,39932627123082e-01;1
8,43438890825486e-02;0
-1,60494990480817e-01;0
-1,51307231711006e-01;0
6,40250964017055e-03;0
-1,10539975638814e-01;0
-1,65056175226202e-02;0
-4,52966654485791e-02;0
5,49054105581301e-02;0
-6,33150066785067e-03;0
3,83595128984013e-02;0
-1,10930082904501e+00;1
-2,71620258522380e-02;0
-6,52676845086173e-01;1
-2,03203623364675e-01;0
-3,15914087976462e-02;0
NA;NA
4,46275630532257e-02;0
-4,53030245117563e-02;0
-6,18400618614806e-01;1
4,14083142917170e-02;0
-1,30053735620765e-01;0
-2,87607082627424e-01;0
-5,19789609380258e-01;1
-4,22239570734716e-03;0
-7,76128360585230e-02;0
-3,43707219474112e-02;0
-2,24606672309443e+00;1
-3,44287384623622e-01;0
-1,65720389866618e-01;0
-3,84994314367463e-01;0
NA;NA
-2,22329459612835e-01;0
-1,40008933940979e-02;0
1,44417454742363e-01;0
-1,32300373132620e-01;0
-4,93632852631495e-03;0
NA;NA
NA;NA
-1,25239310646915e-01;0
NA;NA
NA;NA
NA;NA
NA;NA
NA;NA
NA;NA
NA;NA
1,07259719827446e-01;0
NA;NA
NA;NA
NA;NA
-1,55130814592417e+00;1
-3,67504566002313e-01;0
-1,26790046049258e-02;0
-2,68182983061602e-02;0
-5,55461969854949e-02;0
-5,11386585479010e-01;1
-2,31444960175482e-02;0
-4,76817267713891e-02;0
5,46051274355957e-02;0
-8,96681589702217e-02;0
6,42755755540862e-03;0
-6,40980609539654e-02;0
8,70716372778239e-02;0
2,79587269501309e-02;0
6,06102466320025e-02;0
1,06753298307477e-02;0
1,67041467904265e-02;0
8,37501024017217e-03;0
1,03823288604866e-01;0
-7,22224931656098e-02;0
-2,44759056574973e-01;0
-1,15898953716219e-01;0
-7,23051599298642e-02;0
-1,29618145379856e-01;0
-6,98087009045628e-02;0
-8,90220795837951e-01;1
-3,12096269721937e+00;1
2,39193463359414e-02;0
1,12276802583779e-01;0
-1,57422806424761e+00;1
-4,56594637078031e-02;0
-7,55522457941395e-02;0
-7,98677638022391e-02;0
-6,30849997240654e-02;0
1,07670918249721e-01;0
1,01625605770911e-02;0
1,30486954689322e-02;0
-1,45672862549636e-02;0
-1,28810027755213e-01;0
NA;NA
-2,34604428172855e-02;0
-7,70063460250987e-02;0
6,06961150450992e-02;0
1,29728515787458e-02;0
-1,79424937612493e+00;1
NA;NA
-4,35323497027258e-02;0
1,23724357945641e-01;0
5,65574904421735e-04;0
-1,20772992825393e-01;0
-6,34016899818209e-02;0
-9,49955268517547e-02;0
-1,66760317475020e-01;0
1,99435875387074e-02;0
-1,92444734651971e-01;0
-2,06847618669330e-01;0
2,00184669123484e-02;0
2,80424628160888e-02;0
-1,10639721987199e-01;0
6,00688683769462e-02;0
-2,37254855230409e-01;0
7,32429734102924e-02;0
-1,12300917813532e-01;0
1,98013672247989e-03;0
-7,84887419812213e-02;0
-6,65131671341316e-02;0
9,66445982217307e-02;0
2,95662436967487e-02;0
-6,56144792920590e-02;0
4,36666010223400e-02;0
-1,78255125818236e-01;0
-1,55511265392005e-01;0
1,70387074296396e-01;0
-9,04776687636329e-03;0
2,50387015407698e-03;0
NA;NA
1,53905349925507e-02;0
-3,92993357744508e-03;0
4,92022210975626e-02;0
-6,13371288561141e-01;1
-3,75012272110143e-01;0
-5,30666239106458e-03;0
2,68672279980352e-02;0
4,04282786195808e-02;0
-1,01580820918475e-01;0
1,23088531117572e-02;0
7,94840523671412e-02;0
-1,06909640876385e-01;0
NA;NA
-1,36965341503494e+00;1
-5,76997550171979e-02;0
6,54927985632632e-02;0
-1,10851867854011e+00;1
-7,42252381371196e-02;0
-1,42125987699438e-01;0
9,60189359990563e-02;0
-8,52797366475360e-04;0
7,76142199248608e-02;0
3,63383030634192e-02;0
-1,28018690503727e-01;0
-6,27538661577376e-02;0
-2,97963992304372e-01;0
-7,12861663184869e-02;0
-2,12345356735838e-01;0
-1,05072748406751e-01;0
-3,45353284450478e-02;0
-1,43373274799487e-02;0
-4,92561213297289e-02;0
-8,36283627494620e-02;0
1,03254648570996e-01;0
6,94650677177171e-02;0
2,45258031300030e-02;0
-5,08586681595126e-01;1
-1,27200961298090e-01;0
1,60546194860908e-02;0
-3,60814212753288e-02;0
NA;NA
-3,55880221958988e-02;0
-1,27450839484020e-02;0
-4,64840531465782e-02;0
-4,97995322146141e-01;0
-5,50316602832140e-01;1
-2,73340614060147e+00;1
-9,77917937229760e-01;1
-2,08383431245614e+00;1
-2,33917304325601e+00;1
-1,88854181000791e+00;1
-4,12390814886872e-01;0
-1,23001046550764e+00;1
-9,35815811017496e-01;1
-7,59482976758848e-02;0
-1,51774028302136e+00;1
-2,27626450608207e+00;1
-1,04647275573769e-01;0
7,13427593188182e-02;0
2,85095351668547e-02;0
-1,58482198736356e-02;0
1,26376339196436e-01;0
-4,46151433727747e-02;0
2,98536708465520e-02;0
-9,86006134555665e-02;0
-1,84036583836831e-02;0
-3,89137831548593e-01;0
-4,59526395268450e-02;0
-2,39393519788632e-02;0
-6,32169461637341e-02;0
-1,59298857762877e-01;0
3,57181032584632e-02;0
4,36765103451016e-02;0
-4,68360751627522e-02;0
NA;NA
-1,83083408007231e-01;0
1,62932133004929e-02;0
4,19727850135156e-02;0
-5,29088580637777e-02;0
-1,24463773214943e-02;0
-2,14535838758551e-02;0
-1,51829265153282e-01;0
-1,52206914019119e-01;0
5,27116547119282e-02;0
-7,23987141584674e-02;0
NA;NA
1,28098302808913e-01;0
4,35092136197912e-02;0
4,18870671056880e-02;0
-1,87348153620012e-01;0
8,50399737683130e-02;0
1,35689203334066e-01;0
-5,21533358298381e-01;1
1,45434725720635e-02;0
-1,50510809377796e-01;0
9,60535203005464e-02;0
6,06733497450290e-02;0
9,38161292007326e-02;0
NA;NA
7,82566606091245e-02;0
NA;NA
-5,83470799378669e-02;0
5,63422751357603e-02;0
6,59254069543498e-03;0
-1,92912838009602e-02;0
-7,21388102218287e-02;0
6,78076417788686e-02;0
-1,58172534918922e-02;0
9,56883467203490e-03;0
NA;NA
1,86622994655012e-02;0
-5,45883191401592e-03;0
8,17527884731230e-02;0
-5,02175787305795e-02;0
2,32634105394359e-02;0
4,89414428788485e-02;0
-1,32884763472542e-02;0
2,37651660327080e-02;0
9,44406170167623e-02;0
4,91630874050159e-03;0
NA;NA
1,22256995069239e-01;0
-1,76540291653719e-01;0
9,35787859334241e-02;0
2,51814306389355e-02;0
-2,75211615530168e-02;0
NA;NA
1,39839951835361e-01;0
6,55076387199090e-02;0
1,92515662724690e-02;0
1,37576710637487e-01;0
1,09054123610080e-01;0
3,28494958088999e-02;0
-3,44749179523562e-01;0
1,51396774853979e-02;0
-1,19539704559752e-01;0
-8,05634165402112e-02;0
NA;NA
3,06517027024085e-02;0
-3,78413478988058e-03;0
1,13315523063051e-01;0
-2,40864954527799e-01;0
9,04921048358448e-02;0
-2,48598269651730e-02;0
6,85887706623047e-02;0
1,10639747655254e-01;0
-1,58165313843279e-01;0
-5,30659195059667e-02;0
2,61979185590089e-02;0
-1,68585470480018e-01;0
NA;NA
-1,63898375745932e-01;0
NA;NA
-3,74392075527224e-02;0
-1,39612349067566e-01;0
-8,40311767809099e-02;0
-9,72762879510471e-02;0
-1,04967981939307e-01;0
-1,53468064582426e-02;0
2,01639774296421e-02;0
1,36921188528406e-01;0
-2,81022562515106e-02;0
-2,40575624715867e+00;1
-2,43298617941500e+00;1
-2,96448438835823e+00;1
-1,48005263647647e+00;1
-2,01535206849680e+00;1
-3,22536504666733e+00;1
-2,47712027030771e+00;1
5,16585194948573e-03;0
-1,40323888959968e+00;1
-5,37598168054484e-02;0
-1,65036906485131e-01;0
-1,69767870147944e+00;1
-3,13195764489361e+00;1
-2,31210514315529e+00;1
-1,91049591345097e+00;1
-1,96512691389681e+00;1
-1,23837104339574e+00;1
1,14536772886600e-01;0
-1,58111142091101e-02;0
-1,15778447470819e+00;1
-1,44443382299855e+00;1
-1,85153326210828e+00;1
-9,21671829811626e-02;0
-1,25064641192871e+00;1
-1,44311772111870e+00;1
-1,78118223714169e+00;1
-1,22047215143063e+00;1
-1,20685486037698e-01;0
-1,55438226280674e+00;1
-1,47577253576194e+00;1
-1,12907590131483e+00;1
-2,22630483868355e+00;1
-1,23683030669503e+00;1
-1,83210524687066e+00;1
-1,71708004865352e+00;1
-3,32425236251483e-02;0
-1,84023654002033e+00;1
-2,31338412159966e+00;1
-7,54526631368579e-01;1
-3,05486993377744e-01;0
-1,56927208765338e-01;0
-2,89634700553812e-01;0
-2,36233753184938e-01;0
-2,43583008387882e-02;0
-3,31324849521910e-02;0
-2,46722333946913e-01;0
-5,35909203765321e-01;1
-7,44214692904334e-01;1
-1,21237079085062e+00;1
-1,85937191724898e+00;1
-3,19387216714406e-02;0
6,43890412409323e-02;0
-2,93762105810051e-01;0
-1,42148132052117e-01;0
5,55812364914093e-02;0
-2,16502203725671e-01;0
-5,38019673868486e-01;1
-1,64017236362859e-02;0
5,63069956207866e-02;0
2,17550057447421e-02;0
-2,56947400691417e-01;0
-5,01081168508607e-01;1
4,80790863735515e-02;0
-2,10893413177525e-02;0
-3,34323354414357e-01;0
5,55471238961157e-02;0
-7,55928380229948e-01;1
3,85067366838538e-02;0
-2,01682637398130e-01;0
4,73837829722828e-02;0
3,76039117877342e-02;0
-2,28845924469075e-02;0
-2,51027989471766e-01;0
7,47160424635952e-02;0
3,52997713160308e-01;0
1,02069885927731e-01;0
-3,59842865758328e-02;0
2,41792947731516e-02;0
7,59956893745117e-02;0
9,34935709611038e-02;0
1,64715273524990e-02;0
-4,65334468258986e-03;0
-1,63125568283636e-01;0
-1,76851987041574e-02;0
2,00544897663827e-02;0
-1,47881849050087e-01;0
-1,79117259275930e-01;0
NA;NA
6,98654252413079e-02;0
-7,30173112643876e-02;0
-6,62240947395704e-03;0
-7,91949573246168e-02;0
-9,87106124484378e-02;0
9,63489550752457e-02;0
-2,06223055168917e-03;0
8,54822507191315e-02;0
7,30464557102623e-02;0
-2,77314819233914e-03;0
1,45389721039566e-02;0
-1,18870729687800e-01;0
-4,92883422773956e-02;0
9,58430724178950e-02;0
-5,09093075296778e-01;1
1,23279587033068e-01;0
-1,26072587004518e-01;0
-6,10091891045154e-02;0
-5,10408548493770e-01;1
-2,49349491372422e-01;0
1,63911193134377e-02;0
-1,98645859904663e-01;0
-2,15292527000531e-01;0
-3,27178486052816e-01;0
-8,69821702450547e-02;0
-7,54907475910113e-01;1
1,88599495937633e-02;0
-5,63789935729688e-01;1
-1,69901571656805e-01;0
-6,77837780453696e-01;1
3,91407277161504e-02;0
4,40711208699165e-02;0
1,71232845858071e-01;0
-9,13359104216732e-03;0
5,14711889920551e-02;0
NA;NA
-2,04305034454719e-02;0
-1,38033595195528e-02;0
-1,07331139550879e+00;1
2,94234748821099e-02;0
-7,80427117209572e-02;0
7,66831837872006e-02;0
1,46602788908148e-02;0
-1,24331172989592e-01;0
6,44208253958517e-02;0
3,00462401875338e-02;0
1,38152345812795e-02;0
NA;NA
-7,60892888115443e-02;0
1,08393713952182e-01;0
4,16300603739441e-02;0
-1,15035009997384e-01;0
-1,36345018497276e-01;0
3,96602741060758e-02;0
5,26976683760947e-02;0
1,24959358378766e-01;0
-1,01439104327000e-02;0
3,87280181739394e-02;0
3,04421001028334e-02;0
5,80054796774761e-02;0
NA;NA
1,27595672197399e-02;0
7,49274090334040e-02;0
-4,31798290608122e-02;0
-1,70688132835145e-01;0
-3,44067877243988e-02;0
-1,60666374273562e-01;0
-1,33428408370605e-01;0
-6,79344624703620e-02;0
1,63423198764444e-01;0
-3,98243164169965e-01;0
4,14895294982637e-02;0
NA;NA
-2,21354167906105e-02;0
1,07664710202124e-01;0
-6,33534792107614e-03;0
1,34629528515349e-01;0
-3,04155089016510e+00;1
-2,13486768884831e-01;0
-1,80337924565795e-01;0
-5,28552725654386e-02;0
3,27165111622028e-02;0
5,97764784990516e-02;0
6,32854354830390e-02;0
-1,39511638136772e-01;0
-1,47922733163865e-02;0
-9,59400808153572e-02;0
-4,13439347308916e-02;0
1,18564942366719e-02;0
5,89058006560097e-02;0
3,78144427467543e-02;0
NA;NA
-3,40429216996469e-02;0
-9,16204742853900e-02;0
-7,51863757447711e-01;1
-1,47489595785953e+00;1
3,10624319348632e-03;0
8,34363004737225e-02;0
1,90865217857840e-02;0
1,46810234099998e-01;0
5,94161532666112e-02;0
1,15153975498004e-01;0
3,76999556360544e-02;0
1,14424199613449e-01;0
-1,07600584900748e-01;0
-2,20945040954513e-02;0
-3,63954353676898e-01;0
1,09065789190259e-01;0
-9,20238673678136e-02;0
4,47769678728168e-02;0
-8,35007158556615e-02;0
-6,54216168492144e-02;0
1,01330173271811e-02;0
-1,11833907209400e-01;0
NA;NA
2,48715727909932e-02;0
-9,05194726204660e-02;0
-2,16170700709865e-01;0
1,23221444350688e-01;0
-1,07520541979681e-01;0
4,51940783074418e-02;0
-4,35953853550357e-01;0
-6,81122419290801e-01;1
-3,18515266202404e-02;0
-3,91696276943172e-01;0
-4,22131011618742e-02;0
1,05563582319337e-02;0
-1,58977652769579e+00;1
4,56454860029559e-02;0
-1,35931952728154e-02;0
6,53034295016280e-04;0
-8,68078823208573e-02;0
-9,14955502604305e-02;0
8,39710736455005e-03;0
-1,10930377812217e-02;0
-4,19141863343279e-02;0
-3,05319604232283e-01;0
7,45630688871727e-02;0
-5,03200548975139e-01;1
8,23506231526540e-02;0
-5,41363240589569e-02;0
-7,15299966826714e-02;0
-1,53328343574800e-01;0
-7,47808622709507e-03;0
1,80809792266906e-01;0
-3,06686885178197e-02;0
1,58265896066739e-02;0
1,15948347495860e-02;0
4,86450536466127e-02;0
2,58837385169388e-03;0
-4,09168599913394e-01;0
-3,40122692417440e-01;0
4,29206960404639e-02;0
1,44184438661895e-01;0
3,06571824610684e-02;0
4,82159201169231e-03;0
-1,66138067607389e-01;0
1,17091278539695e-02;0
3,26351798099608e-02;0
-2,47707629758600e-01;0
-1,10205255560853e-01;0
-8,98241665850974e-02;0
8,15881900279850e-03;0
-2,24977452864824e-01;0
4,12459969893639e-02;0
-1,49942844533069e-01;0
-3,31981916466387e-01;0
6,02367989846774e-02;0
-1,07060044556559e-01;0
-5,15782667483156e-02;0
-1,51313045772500e-01;0
-8,11917419225396e-02;0
-1,23127794956971e-01;0
-1,56731972379469e-01;0
5,43811580470110e-02;0
1,01378422827791e-01;0
2,31530815928266e-03;0
-5,28945715883462e-03;0
2,49341115852266e-03;0
-3,99281785418045e-02;0
1,33407113385721e-02;0
2,94670660746199e-02;0
1,04875325019418e-01;0
2,05578814150055e-03;0
1,03783849693769e-01;0
-1,56063942954066e-01;0
-1,04988424582914e-01;0
NA;NA
-1,09758374510342e-01;0
6,36378878946525e-02;0
4,25834074397952e-02;0
8,37709767043958e-02;0
-1,75096930140171e-01;0
-4,34179087252066e-03;0
5,39576336838526e-02;0
-8,70368877817869e-02;0
9,38135889679425e-04;0
-1,17527984442763e-01;0
-2,74714460431651e-02;0
-3,41597808038446e-02;0
NA;NA
NA;NA
-4,61236408867820e-02;0
-3,15124101246804e-02;0
1,08624996904149e-01;0
-1,56703032590969e-01;0
-1,58409573232257e-01;0
NA;NA
-1,66051442309839e-01;0
-7,96674796109195e-02;0
-8,23752954435698e-02;0
3,59191435945391e-02;0
-2,31507016867077e-01;0
-1,37830693433698e-01;0
-5,58814601737829e-01;1
-7,62158274967268e-02;0
-4,58660768833604e-01;0
NA;NA
-7,62191410002414e-02;0
3,87537882679129e-02;0
8,06801819477438e-02;0
8,25403372613602e-02;0
-1,16834136761448e-01;0
-6,04373935840256e-02;0
-5,65839911482046e-03;0
-9,62595105877073e-02;0
5,39488456071674e-02;0
-4,29586279989086e-02;0
NA;NA
-1,34919486437862e+00;1
-1,56719139031657e+00;1
-3,30747288728753e-01;0
NA;NA
NA;NA
8,83414714866204e-03;0
-2,40260690574355e-02;0
-5,84524827977478e-01;1
-1,18012163655039e-01;0
-4,65069119464450e-01;0
-1,48705691228172e+00;1
-2,12305749545614e+00;1
-5,24036524219227e-01;1
-9,73056840931139e-01;1
-3,91002029686660e-02;0
-1,51504637713055e+00;1
-7,49367817872137e-02;0
-1,33469415788595e-01;0
-1,28138643252988e-01;0
-3,75209026489780e-02;0
-1,23736090514552e+00;1
8,57263675442940e-02;0
3,35629215061050e-02;0
-2,19843536115957e-01;0
-7,03922896957448e-01;1
-7,05948382145223e-01;1
-8,79233058257824e-02;0
-4,23501794415536e-03;0
-1,77214858914576e-01;0
-1,78022332438189e-01;0
-1,19567788825044e+00;1
-1,59074035547560e-02;0
-1,32222323465015e-01;0
6,95245766643574e-02;0
-1,46808475017674e+00;1
1,67502621136239e-01;0
NA;NA
NA;NA
-8,11722039186283e-02;0
-5,49946357231265e-02;0
1,21886960097323e-02;0
-3,69057356964683e-02;0
5,25942172462802e-02;0
1,33880857585472e-01;0
-1,14874830187542e-01;0
6,22268454850606e-03;0
-7,24803611612216e-02;0
-1,97989600287023e-01;0
3,53442840523433e-03;0
-3,45939560904808e-02;0
-1,47115519768736e-02;0
-1,04933295483732e-01;0
7,20302834327609e-02;0
-6,77922242814122e-02;0
2,97178230464640e-02;0
4,43542488384582e-02;0
-4,81201878582005e-02;0
8,55851256594929e-02;0
-4,32554619309888e+00;1
-4,20306146847817e-01;0
-1,72266179527669e-01;0
1,34541132798287e-01;0
-4,16000757498562e-01;0
-3,07281851919689e-01;0
7,29660886191523e-02;0
1,87080919995112e-02;0
-1,34151930131668e-01;0
-1,36399013345581e+00;1
-3,46101433761459e-02;0
-2,28702539030786e-01;0
-3,52739617907976e-01;0
1,69520232711620e-02;0
1,48553387064852e-01;0
1,53499786322517e-02;0
-1,52229352560080e-01;0
3,81302638307166e-02;0
1,31248714501220e-01;0
-1,69503944776853e-01;0
-5,92363611729265e-02;0
3,55867004248238e-02;0
-6,29781198995839e-02;0
4,43696420568053e-02;0
-6,29835116021511e-02;0
-1,65055572376969e-01;0
-1,27588982400231e-01;0
2,76407619107948e-03;0
-6,97252162151822e-02;0
-3,08315022760945e-02;0
-4,25462121209408e-02;0
6,62742139055372e-02;0
-5,14157487530166e-02;0
-6,00865457337907e-01;1
-6,32140295766023e-01;1
4,03699253914909e-02;0
1,40585897613584e-02;0
4,06451068622326e-02;0
NA;NA
NA;NA
-4,71201393440506e-02;0
6,75969888115662e-02;0
-3,85358191872550e-02;0
1,35522879091076e-02;0
-1,62424581225360e-01;0
-7,23997180672416e-02;0
-2,23760161166391e-02;0
3,77401560707396e-02;0
-3,49567608653182e-02;0
4,79110512081332e-02;0
1,19232335604631e-02;0
-1,08490350027691e-01;0
-2,49382341832768e-01;0
-2,79185182922603e-03;0
-9,17564817690965e-02;0
-4,70735711763069e-02;0
-1,77802189818812e-01;0
-1,18828844343622e-01;0
-3,67285014006006e-02;0
5,04910746642351e-03;0
-5,22344102975450e-02;0
4,94391975733534e-02;0
NA;NA
3,86977793579684e-02;0
6,27853464904014e-02;0
-1,15450013848449e-01;0
-8,62471280390423e-02;0
6,78751394222308e-02;0
3,81029736577108e-02;0
-2,05795928496334e-02;0
5,64027471058108e-02;0
-2,76586290432104e-02;0
-5,36288639576041e-02;0
-2,96004893473995e-02;0
-8,52198927969919e-02;0
1,72954466971142e-01;0
-1,95808831658174e-01;0
1,30496899617676e-01;0
-1,25422672077681e+00;1
-1,03068911802795e+00;1
-1,02006010503163e+00;1
-1,09016155119985e-01;0
-9,00289660008324e-01;1
-3,40421226901349e-02;0
2,79218265395870e-02;0
9,24685198896374e-02;0
-1,66479652390897e-01;0
-2,57200179386547e-02;0
-5,14194230635452e-02;0
-7,42914228533254e-02;0
-2,87249153391367e-01;0
-4,29876443839623e-03;0
-5,57667068882829e-02;0
8,36663107578507e-02;0
-4,35878748315536e-01;0
9,74341297048579e-02;0
-2,46690467414750e-01;0
-7,14412286615211e-02;0
-1,32459581194244e+00;1
-2,48268922415340e-01;0
-5,66775862532827e-02;0
-1,13442863753395e+00;1
-1,51068817200693e-01;0
-8,76093012732102e-01;1
-2,11101122890252e-03;0
-1,86831723833892e+00;1
-1,99865190449857e-01;0
6,03315917078970e-02;0
-1,68038750429097e+00;1
-7,20419606835203e-02;0
-1,56647895444983e-01;0
-6,80679258184471e-01;1
2,89710380203256e-02;0
-2,94551747017817e-01;0
-2,11670987454300e-01;0
-8,56101364922405e-02;0
-1,92320824582339e+00;1
NA;NA
1,47488043972060e-01;0
-6,32990982434711e-01;1
1,71968419828515e-02;0
2,07019380447831e-02;0
-6,12930223237943e-02;0
-7,58447771520369e-03;0
-2,44126711921238e-02;0
-8,00943346836061e-01;1
NA;NA
-1,85993943445956e-01;0
-1,05294394114619e-01;0
-3,31264795708121e-02;0
-1,50021627105647e+00;1
-5,12807320313914e-02;0
-3,22439576290875e-02;0
1,12064324544192e-01;0
-1,42603618020277e+00;1
-6,92218885787594e-01;1
-9,47641516695916e-01;1
8,02523966061930e-02;0
5,57993922370835e-02;0
7,59368657796693e-02;0
8,05077441463298e-02;0
-1,53185343094293e-01;0
-4,33601577575105e-02;0
1,05694849944282e-01;0
7,52001898761041e-02;0
-6,68558945290167e-02;0
-1,17097352167392e-01;0
5,79472341512401e-02;0
6,18921995744952e-02;0
-3,08458486341110e-01;0
-1,02107789757965e+00;1
-1,61314747157850e-01;0
4,19767394734036e-02;0
1,62635107054299e-02;0
6,08178614437579e-02;0
4,79384069572549e-02;0
1,45811684072322e-01;0
-6,69260107099246e-02;0
-1,67738345552246e+00;1
-5,20768416584607e-01;1
-1,64232792292293e-01;0
8,11131816253912e-02;0
-1,54086353153407e-01;0
-2,79754180762681e-02;0
-9,41756385632666e-01;1
-1,06482323711487e-01;0
-7,93842769721309e-02;0
3,93296514212163e-03;0
-3,55839405173452e-01;0
-2,67228374687940e-01;0
6,41452091017919e-02;0
-1,00287971988120e-01;0
-1,04285243580445e-01;0
6,74255259089147e-02;0
2,00138906844896e-01;0
-1,79422506528779e-01;0
6,16736712537677e-02;0
1,13577731101084e-01;0
-1,12527876131447e-01;0
1,38520938968037e-02;0
-4,35189360958695e-02;0
-1,61915732377969e-01;0
-6,63531873996462e-02;0
-2,87455829826948e-01;0
-2,39107160341279e-02;0
-3,79129885543431e-02;0
-1,67176832958738e-01;0
7,80297111783038e-03;0
5,66233374942620e-02;0
NA;NA
-3,85646530218234e-02;0
1,13777555303009e-01;0
NA;NA
-2,51778586915245e-01;0
-1,88141278366915e-01;0
7,54745075954878e-02;0
3,70905933609647e-02;0
6,00121355320389e-02;0
-3,54452122344541e-02;0
-7,10609811066118e-02;0
-2,19701186017914e-02;0
6,01151849744278e-02;0
4,74108472242268e-02;0
1,57070859745774e-02;0
-1,76581196271597e-02;0
-3,43792216051829e-01;0
-5,68659790604299e-02;0
6,33212245584971e-02;0
5,32654476747618e-02;0
-6,08087263804025e-02;0
2,46007306797588e-02;0
-5,74489069876635e-02;0
-9,43236559741030e-02;0
-1,02867088794314e-02;0
-5,39427286578678e-02;0
-1,39953818942404e-02;0
4,79737577434646e-02;0
2,58361096128279e-05;0
-3,03356406824028e-02;0
9,15178485532631e-02;0
-1,91272457744010e-01;0
-6,14580105848140e-02;0
-9,30573732529838e-02;0
9,18011766395977e-02;0
6,24243634923491e-02;0
1,08260092870084e-02;0
-1,77533254028043e-01;0
-9,80673294471802e-02;0
-3,20505191048982e-03;0
-4,85698479582299e-02;0
8,35260891064977e-02;0
8,20078269030662e-02;0
-9,01185745515915e-02;0
-1,59568278731499e-01;0
-6,02216345998575e-02;0
-5,31771128327589e-01;1
-1,78642044623698e-01;0
-1,19926128218611e-01;0
-2,47360501951791e-01;0
-5,57083194715872e-02;0
-3,72233810843786e-02;0
-3,81249224955525e-01;0
-1,99312905184832e+00;1
-1,57313290463765e+00;1
-8,42966351430825e-01;1
-1,22364419823136e+00;1
4,25274462072954e-02;0
-1,69399821719964e-01;0
-3,58649698634781e-01;0
-7,19256407035706e-02;0
6,42513283568286e-02;0
-8,42095544425112e-03;0
-6,03519012446032e-03;0
3,32839854238717e-02;0
-4,45951966596404e-03;0
-7,39376875368304e-01;1
8,20598726799259e-02;0
7,95879556823282e-02;0
-2,83886267671716e-01;0
-4,53272989685967e-02;0
-1,09336034839290e-01;0
1,13002667726735e-01;0
3,02983656378866e-02;0
-2,64114342052415e-01;0
-4,83792588726933e-03;0
NA;NA
-6,93123300740777e-02;0
-1,59648381463785e-01;0
-9,27540744019260e-02;0
-6,39011645397469e-02;0
6,48255995659828e-02;0
9,24814371761003e-02;0
1,07075237493901e-01;0
-1,25520675163548e-01;0
-3,61553631321126e-02;0
8,54193127907345e-02;0
-2,53906918933984e-02;0
-4,51604483761495e-01;0
NA;NA
-8,94968847570040e-02;0
1,69648335053368e-01;0
3,11579100058556e-02;0
2,43955345780997e-02;0
6,35162082963601e-02;0
-1,39667978814947e-01;0
-2,38180660256493e-02;0
2,02530958045561e-02;0
9,66860713065439e-02;0
8,97288103036306e-02;0
1,25117524850981e-03;0
-1,00256748174595e-01;0
2,15364815916708e-02;0
5,03782663556789e-02;0
-1,42263609205406e-03;0
-5,06622439621938e-02;0
6,66254219711897e-02;0
1,04190257734107e-01;0
-4,04726185229302e-02;0
2,97149337011179e-02;0
2,53030393589229e-02;0
4,23573380658746e-02;0
4,02347816724718e-02;0
3,06680531484198e-02;0
-3,00605403288146e-02;0
3,88779912602526e-02;0
4,88739217314468e-02;0
1,08725904751057e-01;0
-5,96047461952159e-02;0
-3,01025823191334e-01;0
-1,80086146923941e-01;0
-1,00842598889052e-01;0
1,28493725198466e-02;0
-9,82441152191823e-02;0
NA;NA
7,30641446989098e-02;0
-3,16582474906848e-02;0
5,78723503674967e-02;0
-4,70824414472409e-01;0
-5,20837976172754e-02;0
-1,12856150616662e-01;0
-7,29029119362992e-02;0
-5,59831142308779e-02;0
-3,80841728749035e-01;0
-3,06036411754344e-02;0
2,65445008272894e-02;0
-4,61563338613181e-02;0
-2,30507820574036e-02;0
-2,39245044612847e-01;0
-1,38833834801830e-01;0
-3,07252318890926e-01;0
-1,36170593105185e-01;0
-1,48747750546159e-01;0
-9,62599872477047e-03;0
-6,90029647402724e-01;1
-1,44503715186313e-01;0
-4,42736044467244e-02;0
4,33361861510547e-02;0
6,03248858431826e-03;0
3,00246969340507e-02;0
NA;NA
NA;NA
-3,27824523179953e-01;0
-5,85415557022603e-02;0
2,98207726568944e-02;0
NA;NA
-5,82708879157558e-01;1
-2,86493862031522e-02;0
-1,86208160456636e-03;0
1,10677647953429e-01;0
-4,00340566269721e-01;0
-8,71439455356034e-02;0
-2,89856320859062e-01;0
-1,76479683335420e-02;0
-4,86158891383160e-02;0
-1,94442642795867e-01;0
-1,15825566530391e-01;0
-1,51279126823227e-01;0
7,78835505092674e-02;0
NA;NA
-6,64910629889578e-02;0
-9,49731794681287e-02;0
8,02585109180268e-02;0
-1,85761399413704e-02;0
1,73218010561445e-02;0
6,63942110748774e-02;0
1,10431421561229e-01;0
-1,25352724114273e-01;0
8,37275445605957e-03;0
-5,84765113912864e-02;0
-1,47382666041435e-01;0
3,92536168927733e-02;0
-8,06966751116710e-01;1
-1,01434272290061e+00;1
-9,77329877505801e-01;1
-3,61963322644002e-03;0
NA;NA
-1,05748473563180e-01;0
6,74173609898913e-02;0
7,60763062740516e-02;0
-2,53334266532769e-01;0
-4,01869703383472e-02;0
1,03982064692664e-01;0
-7,45753807939271e-02;0
-8,77407013716220e-02;0
1,55687460995383e-01;0
1,83567048907876e-02;0
5,22538110432526e-02;0
-1,74265272803341e-01;0
1,37931643680791e-01;0
-2,00155321636775e-01;0
4,54864366344952e-02;0
-3,89600699657535e-02;0
-2,12789154882447e-02;0
-3,89745233738588e-02;0
4,79176638903514e-02;0
NA;NA
-4,30574166920282e-02;0
4,65079600773332e-02;0
-6,53146920075863e-02;0
-9,36803077906386e-03;0
-1,06104515671523e-01;0
-5,92817138872623e-01;1
-2,71344110833252e-01;0
-2,15768847660500e-01;0
-3,76648776519029e-01;0
-2,55208473529202e-02;0
-3,31210831464808e-01;0
-1,28044747940685e+00;1
-8,35662629239495e-03;0
6,14069570209312e-03;0
-6,91446958814511e-02;0
1,09059689662880e-01;0
-1,74162434950451e-01;0
6,45552398370332e-02;0
-1,13670578779824e-01;0
2,08094913144279e-02;0
8,84309988266234e-02;0
3,10127754152472e-02;0
6,85256858394855e-02;0
-2,53724956136282e-02;0
-1,72754975057233e-01;0
-2,87191390413875e-01;0
-3,05950551672425e-02;0
-2,79336291723102e-01;0
NA;NA
-2,60736178884868e-02;0
-8,16869586361419e-02;0
-2,40204852413093e-01;0
-1,18939406385572e-01;0
6,17767219331531e-02;0
2,43791883609660e-02;0
-2,20883945978027e-01;0
-2,27555872237221e-01;0
4,35168609694075e-02;0
1,83372642418302e-01;0
-1,00728616179136e+00;1
3,52436635571418e-02;0
-7,34900384024342e-02;0
-5,53847032162117e-02;0
-2,78447285507260e-02;0
1,01556665176743e-01;0
-3,22381357157631e-01;0
1,86571396549427e-02;0
-2,41131123111230e-02;0
3,78430148201898e-03;0
-5,11883672258209e-03;0
6,17647611033176e-02;0
3,04835850269674e-02;0
-7,29820760901538e-02;0
-9,25692340612707e-02;0
-1,35019537928063e-01;0
-2,00094118859334e-01;0
4,05650390937724e-02;0
1,84815329574999e-01;0
6,61294722551995e-02;0
NA;NA
8,22766754088446e-02;0
5,51958572220478e-02;0
-4,33082121505241e-02;0
3,50206106853421e-02;0
-9,47255926977689e-02;0
-5,44675844681976e-02;0
1,41511929405455e-02;0
4,68184643212356e-02;0
6,39245274894738e-02;0
-4,91421206126456e-01;0
-8,93592515728349e-02;0
-2,98390729460668e-02;0
-7,74545517253859e-03;0
7,39425019861488e-02;0
1,60370883153607e-02;0
-2,78384424117947e-01;0
2,07080507751980e-02;0
-2,49047321872686e-02;0
-2,42003645236138e-02;0
6,85309502062744e-02;0
NA;NA
-8,74136842677740e-02;0
-2,03305545844503e-02;0
-1,68669166140009e-02;0
-7,18867279945377e-01;1
-4,57645866617399e-02;0
4,68072636034009e-02;0
-1,49296258322414e-03;0
-2,14241545367712e-01;0
2,27778032782660e-02;0
-9,01084961990624e-02;0
-2,33442727884342e-02;0
-8,20163418260878e-02;0
-1,33549626406925e-02;0
5,09380251713919e-03;0
-1,53943173126252e-02;0
-1,09731394435576e-01;0
-1,46129330184348e-01;0
NA;NA
NA;NA
4,54133386652399e-02;0
-1,45923751695824e-01;0
-1,25331303993404e-01;0
-1,35756097686485e-01;0
7,18211108021791e-02;0
-5,49555329359814e-02;0
-4,94016013721335e-02;0
NA;NA
-6,36109620449231e-01;1
-4,65302377780690e-01;0
-2,37992205731668e-01;0
5,58337646900780e-02;0
-2,73553855907041e-02;0
NA;NA
-1,41014532709246e-01;0
2,47703075366206e-02;0
-5,08147668676536e-01;1
-2,05848412047708e-02;0
-9,84748462543426e-02;0
-2,50780945900599e+00;1
-1,04127877062708e-01;0
-9,32245848462245e-03;0
-1,17189719564257e+00;1
-1,71385798420441e+00;1
-1,08305726452558e-01;0
-1,04089164355725e+00;1
-3,54898306520861e-02;0
3,71272337485595e-02;0
-5,68891748922737e-02;0
7,17557998013210e-02;0
9,04676588914696e-02;0
-3,61552485018337e-02;0
6,97895618091239e-02;0
8,57676786653827e-02;0
5,99611107141917e-02;0
-1,10758935572770e+00;1
NA;NA
NA;NA
-1,33297669177474e-01;0
9,68720728880582e-02;0
-3,45476127443851e-02;0
4,74458696983501e-02;0
8,81907936984024e-02;0
-6,80696062808959e-02;0
1,12030396379747e-01;0
NA;NA
2,91452960404754e-02;0
2,78159014021601e-02;0
-5,66980724751747e-02;0
-2,34608663442492e+00;1
-1,59897333029955e+00;1
-1,89047557050838e+00;1
-3,87952458042967e-02;0
-1,42986150542554e+00;1
-1,66535733621914e+00;1
-8,36847485970874e-01;1
-6,99381511436626e-01;1
-8,58150657170808e-01;1
-2,75982289684279e-01;0
8,16782658354477e-02;0
-8,42651111084814e-01;1
-1,06103268771455e+00;1
6,17854218906313e-02;0
3,33822743488486e-02;0
9,83583219437600e-02;0
-2,22614698213366e-02;0
1,50767802901365e-01;0
-2,96656629381119e-01;0
-1,15035273785672e+00;1
-2,22925723843234e+00;1
5,03504362310183e-02;0
-2,38907629601171e+00;1
-3,21080656665767e+00;1
-2,36011074706666e+00;1
NA;NA
-2,20535008663330e+00;1
NA;NA
-3,82126891030656e+00;1
-2,10200033300697e+00;1
-2,76476891115244e+00;1
-2,35528665616970e+00;1
NA;NA
-5,41214525840241e-01;1
-2,22386071741354e-01;0
-3,09233515524875e+00;1
NA;NA
-2,21620636264608e+00;1
-2,10376839679532e+00;1
-5,30335185307224e-01;1
-2,17847329832106e+00;1
-2,02859139467822e+00;1
-8,85700839041845e-01;1
-2,65350558956868e+00;1
-1,41552859122633e+00;1
-2,74102608064133e+00;1
-2,57349779063071e+00;1
NA;NA
-1,58141595073845e+00;1
NA;NA
-1,95013188429225e+00;1
NA;NA
-7,68702372016528e-01;1
-1,89746313768420e+00;1
-2,12185285533480e+00;1
-1,36278075531146e+00;1
NA;NA
4,61949857637856e-02;0
3,58772748200572e-02;0
-2,93920396821057e+00;1
NA;NA
-2,44592392487793e+00;1
NA;NA
NA;NA
-2,56453579484926e+00;1
NA;NA
-2,75014868967262e+00;1
NA;NA
-1,53362652321475e+00;1
-1,33646840154777e+00;1
-1,44082451304724e+00;1
-1,01044525382251e+00;1
-8,51403652783673e-01;1
-9,96521178886493e-01;1
-1,67041616686275e+00;1
1,98001501105207e-01;0
-2,97136318169698e-01;0
-8,57625366637284e-01;1
-6,58465858681745e-01;1
-1,23539024216830e+00;1
-1,66984646227444e-02;0
-3,88159930521002e-01;0
-1,98453308269805e-01;0
1,56345885579037e-01;0
-1,04185511924048e-01;0
NA;NA
-2,92650196711300e+00;1
-2,13179940556325e+00;1
-1,72141266589386e+00;1
-2,11986067657750e+00;1
-2,49481052204120e+00;1
-2,77742992326394e+00;1
-2,22246431078130e+00;1
NA;NA
-2,59387767928694e+00;1
-3,06595730312834e+00;1
-6,21701915527353e-01;1
NA;NA
-3,03038502319003e+00;1
-1,33461822200060e+00;1
-2,03400669792463e+00;1
-2,01414623628047e+00;1
-1,46258507304488e+00;1
-1,85585081106387e+00;1
-6,48936690582596e-02;0
NA;NA
-3,12035494125583e+00;1
-2,38135101735075e+00;1
NA;NA
-2,67165015585130e+00;1
NA;NA
NA;NA
-1,66945593209879e+00;1
-2,57274547787047e+00;1
-1,87909698777324e-01;0
-9,78456580346345e-03;0
-1,14565018602852e-01;0
-1,15459931117745e-01;0
3,37348835084450e-02;0
5,79660953773464e-02;0
-9,99286702088439e-02;0
7,27575473442742e-03;0
-6,62120108947040e-02;0
-6,45838650937164e-02;0
-1,98321047225436e+00;1
-3,37310162984845e+00;1
-2,42132468717814e+00;1
NA;NA
4,62490720289231e-02;0
-8,80844873857885e-01;1
7,89594705804221e-02;0
-1,68222106616668e-01;0
-3,46594645337796e-01;0
-4,19264609398201e-01;0
-1,71965355327737e-01;0
-3,89636630744546e-01;0
-1,80282142099619e-02;0
-2,81445032537461e-01;0
-2,84833874866563e-02;0
-4,45883689357165e-02;0
-3,30835010801881e-02;0
5,22104050895171e-02;0
-8,73207627600348e-02;0
-3,16011998763418e-03;0
-3,39064903432580e+00;1
-2,70236730997488e+00;1
-4,74644867614310e-04;0
NA;NA
-7,63164854483268e-01;1
-1,38649556294555e+00;1
-8,55409772959783e-01;1
3,42561868368122e-02;0
-2,70765550470670e-01;0
-7,82508953111587e-01;1
-2,73683072287566e-02;0
-8,25547388142983e-01;1
-1,38074060896574e+00;1
1,04811153943399e-01;0
-3,82904881265460e-01;0
6,91081142018323e-03;0
-2,37428393552782e-02;0
-1,47147573937093e-02;0
-2,22627073061971e-02;0
4,46221614316080e-02;0
-1,38032505563185e+00;1
NA;NA
7,05279395913351e-03;0
-4,33933427948696e-02;0
NA;NA
1,09310537485695e-01;0
-1,19996309809968e-01;0
-2,93568193773799e-01;0
3,96246157760420e-02;0
6,37519873916478e-02;0
1,33123643861159e-01;0
6,39845991644168e-02;0
-3,48674563650726e-02;0
-2,09057370670402e-02;0
-4,20543509446009e-01;0
5,30004771824597e-02;0
-8,85646886526734e-02;0
-4,49094407382078e-02;0
2,63832541083590e-02;0
-7,62649375720285e-01;1
-6,11167772445862e-01;1
-7,46002006363178e-01;1
-1,18053887506126e+00;1
-1,27614709312239e-01;0
-1,15981876875051e-01;0
-3,55587879600005e-02;0
-5,59826913454828e-02;0
3,98417764682797e-02;0
1,55550225217113e-01;0
-1,37887885686635e-01;0
1,72429056374859e-01;0
NA;NA
NA;NA
7,18427812622950e-02;0
6,11295999706530e-02;0
-1,08882699510512e-02;0
-1,27722973827431e-01;0
-2,36124739865179e-01;0
-1,75109200038553e-03;0
-1,76923689654753e-01;0
-1,92381683703703e-02;0
-3,30484748504787e-02;0
-9,02402361320957e-02;0
5,67498077214148e-03;0
7,15962171862422e-02;0
5,00849704512725e-03;0
7,07610360269152e-02;0
8,82921798725052e-02;0
-4,75936532594718e-01;0
-4,76346811959955e-01;0
1,01343100724194e-01;0
6,74130627239435e-02;0
2,73801571555654e-02;0
-2,43681625285629e-02;0
3,22771153303823e-02;0
-7,91471961612189e-02;0
-1,21074507047099e-01;0
5,63901925563086e-02;0
2,05707405350292e-02;0
-2,32531740785501e-02;0
-2,00863135393634e-01;0
-5,94752588996917e-02;0
-9,26510837131446e-02;0
1,11057893486361e-01;0
1,17052029915953e-01;0
-2,45296363879208e+00;1
-2,15553591204684e+00;1
5,20802152637273e-02;0
6,32411465734038e-02;0
5,49038252904757e-02;0
-2,11429493665269e-02;0
NA;NA
3,92210796531475e-02;0
1,00506701678698e-01;0
1,90010264478448e-02;0
-3,98076583650482e-02;0
-8,82812559480773e-02;0
-9,51102558180381e-03;0
-3,00996585315166e-02;0
-6,66288685902573e-02;0
NA;NA
-1,49845451178283e-01;0
2,00645904986615e-02;0
8,24522415655697e-02;0
-2,53068192815007e-02;0
1,94812218554006e-02;0
-2,46857011084370e-01;0
-1,49902257792757e-01;0
2,00151261683952e-03;0
-5,46415284339583e-02;0
-2,35991882604681e-02;0
-1,53822313649135e-02;0
1,26059666217547e-02;0
-4,39102410189348e-02;0
-1,16966192240604e-01;0
-3,62558835441745e-02;0
NA;NA
NA;NA
-5,64413012063234e-03;0
1,40023346579151e-02;0
1,46882635415830e-01;0
1,03515077016038e-01;0
-7,12649411037224e-02;0
3,59485625525148e-02;0
2,66488628930583e-02;0
-1,04662295628103e-02;0
7,14445753168751e-02;0
-2,28265263431419e-03;0
-8,27367033886072e-02;0
2,29528606753696e-02;0
NA;NA
1,22057369835033e-02;0
-6,23459280972291e-02;0
-3,57347339038773e-02;0
-1,28986431751257e+00;1
-9,58686875673416e-02;0
-1,51263238307628e+00;1
-2,11755596054437e-01;0
-1,02990831900186e-01;0
5,13950145666126e-02;0
6,76928030773903e-02;0
8,97065220450392e-03;0
-3,44487347494951e-02;0
1,85775207487394e-03;0
-7,58247221428365e-02;0
-2,05677624520823e-02;0
-6,13870239699867e-02;0
-4,67305544258969e-02;0
-1,98227762313847e-02;0
-1,55510904880587e-01;0
-6,09965534212430e-02;0
8,50815508913504e-02;0
-1,73635661848532e-01;0
-3,08599710914768e-01;0
6,07315703785806e-02;0
1,02134228807614e-01;0
-1,95157887368331e-02;0
1,12326206352845e-01;0
-7,69023478034285e-02;0
-1,58186520902603e-01;0
-5,69241423530642e-01;1
1,06803101490892e-01;0
1,02696485843900e-01;0
-7,26685889150603e-02;0
-3,72935799092608e-01;0
-1,21535674666901e+00;1
5,49408738196536e-03;0
1,06787285135917e-01;0
-1,70909871174254e+00;1
4,92265430630091e-02;0
-3,55853085346846e-02;0
-7,65612282708923e-02;0
-7,52354357624656e-02;0
-1,30818153259111e-02;0
6,24355366965514e-02;0
-9,64141785063411e-02;0
NA;NA
-4,68639288701358e-01;0
-3,04350719333626e+00;1
-6,92070376594643e-01;1
-1,16620190571926e+00;1
-1,52316868853270e+00;1
1,16034732619694e-01;0
1,35104143825950e-01;0
-8,66926127561625e-01;1
1,84420328136143e-01;0
-1,29371649799696e-02;0
-4,12711540819232e-02;0
1,05875295196671e-02;0
8,47397291370981e-02;0
1,67528762541855e-02;0
-5,27176869378685e-02;0
1,03371573205169e-02;0
-1,19822037818684e-01;0
5,54122344646088e-02;0
-1,24401019648957e-01;0
-2,16005950956967e+00;1
9,24520886687191e-02;0
7,40148115141530e-02;0
-2,01155729872377e-01;0
-5,13467032243412e-02;0
NA;NA
-1,38046957992688e+00;1
5,65100264917970e-03;0
-3,02678257333484e-02;0
2,18709465973061e-03;0
3,64403149713019e-02;0
-2,07003258543101e-01;0
-1,81817287339219e-01;0
-2,10428267117209e-01;0
-7,41140135386504e-02;0
2,06464905455359e-02;0
NA;NA
-6,03825409990674e-03;0
7,29758134074215e-02;0
-6,31671143110678e-02;0
-1,73094556898299e-02;0
-2,12879387920112e-01;0
8,69639565348587e-02;0
-9,83151896328017e-01;1
4,20729097003537e-02;0
6,38658891195368e-02;0
8,93353116815734e-02;0
-1,40690101876974e-01;0
-2,80741971812759e-02;0
-1,40893940689529e-01;0
-1,17112562732294e-01;0
1,30938575058650e-01;0
-6,96212070458049e-01;1
-4,00206424974190e-02;0
1,26684374747459e-01;0
-1,26081489065757e+00;1
-7,66032134784727e-02;0
-4,54488838408546e-02;0
1,44644491501705e-01;0
-2,90058502383247e-01;0
-8,28512258227068e-02;0
-1,71170809157000e-01;0
-8,57111238141171e-02;0
2,37104382765893e-02;0
-1,97254510325131e-01;0
-3,59513535615452e-02;0
3,36759919213747e-03;0
1,17385123278689e-01;0
3,04095499661933e-03;0
5,31744222022554e-02;0
3,76709608434205e-03;0
4,51828060219015e-02;0
8,72695264498257e-03;0
1,27121684196108e-01;0
-3,41309587574549e-02;0
-7,43745951893332e-02;0
2,87786543600509e-02;0
-5,89163833608882e-02;0
3,91277745493487e-03;0
1,61076710113335e-02;0
-5,11307960235330e-04;0
5,45606675536863e-02;0
-7,66245912039058e-02;0
-3,58324824692842e-02;0
1,31526777488904e-01;0
6,44978218691566e-02;0
-4,48527339378203e-03;0
1,85020885685269e-02;0
3,12702368356930e-02;0
-9,43887000397353e-02;0
8,74133138723504e-02;0
-1,32381982901008e-01;0
4,67552367075251e-02;0
-3,98860419237229e-01;0
9,04965388998439e-03;0
1,37068905197321e-02;0
-1,17698206689011e-01;0
2,63772362952861e-02;0
-2,57598398114721e-01;0
-1,34540581203670e-01;0
1,55969743563093e-01;0
-2,99827323897550e-02;0
1,11572368548011e-01;0
-1,80274740133145e-01;0
9,88452122511448e-02;0
-7,09807641071625e-02;0
6,88617727479591e-02;0
-1,91777589628476e-01;0
-8,95341908944753e-02;0
-2,35354888691989e-01;0
7,53799182285796e-02;0
2,23998087784190e-02;0
-5,66310711444812e-02;0
2,51394157348815e-02;0
8,71804366011803e-02;0
-8,18559149380679e-02;0
NA;NA
-3,98368223228672e-01;0
-1,10835396317553e-02;0
-6,61633915902451e-02;0
-9,09402561786420e-01;1
-1,99923303727240e-01;0
8,46932743572942e-03;0
-4,09732784386231e-02;0
-3,98151321917331e-02;0
-5,02215924453173e-02;0
3,22876274042577e-02;0
8,77320362074832e-02;0
-1,84383095508586e+00;1
-1,70145093929775e-01;0
-2,47422302387972e-01;0
-3,87929319237262e-02;0
-3,19381948623825e-01;0
-2,89955434387991e-01;0
-4,35963542112063e-01;0
2,84298541141692e-02;0
3,37106938448336e-02;0
-4,56398779652250e-01;0
-9,62871143345647e-01;1
-5,93182879474706e-01;1
8,21074691258352e-02;0
-1,01199179854048e-01;0
7,34059533095181e-02;0
-7,44265495521749e-02;0
7,73141158732054e-02;0
NA;NA
-7,25552398542154e-02;0
6,66112868161153e-02;0
8,41330596853563e-03;0
-1,43752230207090e-01;0
-6,29943430216442e-02;0
1,60147966039745e-01;0
-1,55758295189592e+00;1
7,87867154558332e-02;0
-4,00654456227235e-02;0
-5,18820471055243e-02;0
-5,37254951616658e-02;0
-2,84177984894062e-02;0
-3,22807205027236e-02;0
-5,73492098277250e-01;1
-6,24094541356286e-02;0
-5,99254963323634e-02;0
NA;NA
-2,58865374377886e-03;0
-9,60575055117537e-02;0
7,74524222121592e-02;0
-7,72540460628264e-02;0
-1,62066491059334e-01;0
5,68346769366566e-05;0
-3,04895798011084e-02;0
1,15549719771894e-01;0
8,62333673298960e-04;0
6,32544430922247e-02;0
-1,73054557823615e+00;1
1,08734431605684e-02;0
-5,40621511550357e-01;1
-9,50570971226323e-01;1
-3,15245629512340e-01;0
-5,40339137031410e-01;1
-1,03421147189044e-01;0
-7,15282022713523e-02;0
-2,00403262457503e-02;0
-1,23969002822689e+00;1
-4,15940947194136e-02;0
8,12420998358841e-02;0
-1,24683210161806e-02;0
6,04171119826444e-02;0
-1,03928309121398e-01;0
NA;NA
-1,54688150523746e-01;0
-4,73493369338185e-02;0
-1,87225005537558e-01;0
-7,26561813750669e-02;0
-5,28039679881171e-02;0
-6,84277187051876e-02;0
-4,76018888104966e-02;0
-2,90975809494964e-02;0
-1,05194889214468e-01;0
1,19831128277299e-03;0
NA;NA
4,53019519950296e-02;0
-9,49920310648470e-02;0
3,69522769765182e-02;0
-1,00470985435023e+00;1
1,07413866683927e-02;0
NA;NA
7,12997241250876e-02;0
4,18503923417131e-02;0
3,20753968580015e-02;0
-2,29893559812561e-01;0
-6,54577650343206e-02;0
-5,07926473643701e-02;0
-5,26693225917766e-02;0
-1,04936497892654e-01;0
2,90559652866523e-02;0
-5,21192583051353e-02;0
-2,76985011926521e-02;0
1,57417006877363e-01;0
-1,05364647234586e-01;0
5,79602750388684e-02;0
-1,78815743359724e-01;0
-3,72551205242763e-02;0
5,16067768711734e-02;0
1,38015577420593e-02;0
1,48019684198857e-01;0
1,52347245414409e-01;0
-8,85604506497442e-02;0
-5,61398582284602e-02;0
NA;NA
5,10571855979925e-02;0
-1,17864842123333e+00;1
-4,08884469838676e-02;0
-1,80031518227308e-02;0
-2,04214561592258e-01;0
-6,96594882008565e-01;1
-5,14544646605832e-01;1
NA;NA
NA;NA
NA;NA
NA;NA
NA;NA
NA;NA
-6,17590488585195e-02;0
NA;NA
NA;NA
NA;NA
NA;NA
NA;NA
7,96457972242942e-03;0
-6,40482721039052e-01;1
-2,84603417666505e-01;0
1,68750945700335e-03;0
-1,63211968408263e-01;0
1,14487148238202e-01;0
-3,25001602514917e-02;0
-6,64339029126869e-02;0
-2,72194825226592e-01;0
2,63719974483797e-02;0
-8,20768510298335e-02;0
4,48131764576272e-02;0
2,61904706519906e-02;0
1,21639988238977e-01;0
2,04662883141615e-01;0
-1,17524338528854e-02;0
3,77755794927329e-02;0
-2,75289698032556e-02;0
1,36869369100707e-02;0
1,76801033438691e-02;0
8,56512336184566e-02;0
6,96672295946399e-02;0
8,55121106546091e-02;0
8,79653647354641e-03;0
NA;NA
1,11656935862690e-01;0
4,38616636200394e-02;0
1,29186755699566e-01;0
NA;NA
1,86947032465138e-01;0
3,03732972816494e-02;0
3,03889997989031e-03;0
6,75376689150044e-02;0
4,94002327625506e-02;0
9,19342220491411e-02;0
1,65300774918912e-01;0
-9,52389268216502e-02;0
4,65042366974354e-02;0
1,33696185269399e-01;0
2,00543575463352e-02;0
-7,97159650921876e-03;0
1,35144372643699e-01;0
-1,71163347974164e-02;0
1,36941430995188e-01;0
5,32253803333122e-02;0
1,43385356556943e-02;0
1,35546821833186e-01;0
1,62845187846826e-03;0
-3,96559884402904e-02;0
5,97842766194333e-02;0
-2,76300159096232e-02;0
NA;NA
7,69033529126163e-02;0
-9,93075303020870e-03;0
5,88292488095283e-02;0
-9,07246452856955e-04;0
-1,72811934557637e-01;0
7,38883249045516e-02;0
-9,18178625956809e-01;1
-2,28617640616573e-01;0
-4,14470778838185e-01;0
-1,11659584453997e-02;0
7,23032770397838e-02;0
-2,61361791440775e-01;0
-1,71383781905274e-02;0
-4,18080036512236e-02;0
-5,49058116983078e-02;0
-4,77566583341259e-01;0
4,92402629449843e-03;0
5,33231435750791e-02;0
-2,42371436846956e-01;0
-1,17323498385906e-01;0
1,37970534218877e-01;0
6,80413286467380e-03;0
-2,64615790019405e+00;1
-2,11540570882228e+00;1
-1,61828916325007e+00;1
-2,22295881736277e+00;1
-1,37762667029505e+00;1
-1,42324342982408e+00;1
-2,44271345983209e+00;1
-2,16853023003469e+00;1
-2,77131736939293e+00;1
-1,52509968129789e+00;1
-1,09917818216644e-02;0
-2,49729642269162e-02;0
-5,13499034341628e-02;0
-1,46341763875722e-01;0
-1,58201269346287e+00;1
-2,10620807377247e-01;0
1,12273713900366e-02;0
-3,11785218979980e-02;0
3,26108331577364e-02;0
-8,29331439143480e-03;0
-6,94388432286770e-01;1
2,82121291299851e-02;0
-6,35156381591105e-02;0
-1,18996694634086e-01;0
-2,41596939927639e-01;0
NA;NA
1,79370484074898e-02;0
-1,54626515007095e-01;0
8,26248306184279e-03;0
1,15121181670462e-02;0
-5,89769507203359e-02;0
-5,52521888708189e-02;0
5,85333485067268e-02;0
-2,41705716926542e-02;0
-5,08589773116965e-02;0
-1,79570446061891e-01;0
3,46726238734557e-02;0
4,04706200728506e-02;0
-2,40991521757493e-01;0
-8,96983911252543e-03;0
1,11358562822170e-01;0
-5,74975048735379e-01;1
-8,76834940541773e-02;0
-4,22898658811191e-02;0
5,03291605371900e-02;0
1,14914877716305e-01;0
3,21321730147799e-03;0
-3,72333505868154e-04;0
-9,27924396991419e-01;1
-1,09030840463059e-01;0
-1,11904355313329e-01;0
-2,69626627289127e-01;0
-1,32577347660615e-02;0
2,85209465849981e-02;0
-6,18911200491384e-02;0
4,74849143571783e-02;0
-5,29219458884856e-02;0
-7,45524869814688e-02;0
8,73114791517295e-02;0
-9,29114384557268e-02;0
NA;NA
2,19673312851240e-02;0
1,67946231403610e-01;0
-1,93759298360728e-02;0
5,97320183666624e-02;0
2,55199489650910e-03;0
5,19133780265860e-03;0
1,45322097619382e-01;0
3,54757054383562e-02;0
-4,06917347316721e-02;0
NA;NA
-3,74852857112400e-02;0
NA;NA
3,29036178457027e-02;0
7,99934663551307e-02;0
-1,29818344058230e-01;0
-1,13308277072814e-01;0
2,36662860360107e-02;0
5,62571657850447e-02;0
7,67826302271756e-02;0
-2,18348330398660e-01;0
1,93095584298038e-02;0
-4,66354554703946e-02;0
-1,46513184511759e-01;0
7,96375931960116e-02;0
-7,21630129596374e-02;0
3,37448823395624e-02;0
-5,13610064290209e-02;0
1,93027025376417e-01;0
-1,78529836520629e-01;0
2,71338766433950e-02;0
8,84380651674689e-02;0
-1,23400282227899e-01;0
NA;NA
8,41031912697364e-02;0
3,49327499585524e-02;0
3,25418354540058e-02;0
8,71260875070298e-02;0
NA;NA
-1,60048979954080e-01;0
-9,30624541602237e-03;0
-1,04741859592522e-01;0
-2,06641143199595e-01;0
2,76638474308545e-03;0
-1,54820925271568e-01;0
-7,78919039345517e-02;0
-6,86188713132204e-02;0
-3,49544724356734e-02;0
-3,99154901984011e-02;0
-1,89124008893931e-01;0
-1,53785565514631e-02;0
-1,19242400890153e-01;0
1,09632182443118e-01;0
4,87180872039955e-02;0
8,65608457020410e-02;0
-1,32329881208979e-02;0
-1,90329663061771e-01;0
4,59338508629766e-02;0
-6,08337250701315e-02;0
NA;NA
8,26518938910716e-02;0
8,39734756437185e-02;0
-1,20663108178703e-01;0
4,04944104851622e-03;0
-7,28505000632232e-02;0
-2,24198448543805e-01;0
-2,91793357072209e-01;0
NA;NA
-1,36316878697025e-01;0
-9,86672973955754e-02;0
7,61052311701630e-03;0
-2,04542388361221e-01;0
NA;NA
1,54964966879283e-02;0
-4,45202823709738e-02;0
-1,12022819227575e-03;0
-7,48786703896353e-01;1
-8,89178735452732e-02;0
8,69063917563054e-02;0
-9,97819874113356e-02;0
2,42078672657785e-02;0
1,01892883895846e-01;0
3,49139465100029e-02;0
2,13013526793593e-01;0
2,22458930644820e-02;0
2,50442159920259e-02;0
-7,47586310911404e-02;0
8,60143430562820e-02;0
-1,62675138251200e-03;0
5,91204738536583e-02;0
-7,05027525328391e-02;0
-8,42549063310971e-02;0
-2,64679982687594e-01;0
-3,02495164688480e-02;0
NA;NA
-1,91662652047988e-02;0
2,22121267189438e-01;0
-2,77389281426333e-02;0
-5,35215831479582e-02;0
-1,09012278506830e-01;0
-1,25733197107701e-02;0
6,18645387008090e-03;0
-2,00774233473538e-01;0
-4,98132277970155e-02;0
4,06456619686749e-04;0
3,19936648004370e-02;0
-1,19623435759638e-01;0
-2,77790319164539e-02;0
-6,14154445552320e-03;0
-1,53428735750172e-02;0
-2,08720136015352e-01;0
-8,53318941716333e-01;1
-2,56166908276512e-02;0
-5,77310145099488e-01;1
-1,39687398713036e-01;0
1,01436995358407e-01;0
1,25649273428334e-02;0
2,69640233616178e-03;0
NA;NA
1,21928865365679e-01;0
-1,24062161434322e-02;0
1,30433052732770e-01;0
NA;NA
1,43051388729151e-02;0
-1,27283243088016e-01;0
-3,94121548490467e-02;0
-8,68947884838691e-02;0
-2,91038308437364e-02;0
5,78596689884560e-02;0
-1,17327223203437e-01;0
-1,70240469429955e-02;0
-2,03246419158174e-01;0
-1,67259633802655e-01;0
1,10610775880087e-01;0
-6,37520559981532e-03;0
-3,57375587869699e-02;0
-5,91744164401206e-02;0
-1,38914492545753e-02;0
-4,74850897721029e-01;0
-5,00875924840848e-01;1
-6,68087076358660e-01;1
-1,53050482612057e-01;0
4,90548012386497e-02;0
-3,94692188930686e-02;0
-1,99790663201829e-01;0
-1,70903391681498e-01;0
-7,51129779191186e-01;1
3,86949975812340e-02;0
-3,36457446550099e-02;0
-9,12025666397540e-02;0
7,44111462258317e-02;0
-1,28649769536023e+00;1
-6,56933471637577e-01;1
7,48144113154512e-02;0
9,94763517347302e-02;0
5,08054806505328e-02;0
-7,77108942587134e-02;0
-8,73000673966815e-02;0
1,19585280743119e-02;0
-2,09354489773472e-02;0
-6,81314869187306e-03;0
-1,81262621849959e-01;0
-4,94096395152817e-01;0
1,92151657812603e-02;0
1,00701031468693e-01;0
6,21381184243424e-02;0
-2,57803048922254e-02;0
5,78976334381442e-02;0
-9,24744813638292e-03;0
-1,59528840598038e-03;0
-4,52406457466118e-02;0
-1,09251913132310e-01;0
-9,01986940595278e-02;0
4,70597074153340e-02;0
-7,39980366895582e-02;0
-5,21065958211548e-02;0
9,37800687182593e-03;0
-3,01866106336770e-02;0
-1,39050606694558e-02;0
-8,05953479501403e-02;0
-5,42899552996684e-02;0
1,15508386383764e-01;0
-1,52983075432591e-01;0
4,01710700242893e-03;0
3,42462705093466e-02;0
-7,38149234578062e-02;0
4,79133883944554e-02;0
-2,94027202044858e-02;0
8,59774036410630e-02;0
4,29583548723753e-03;0
-1,04783738042363e-01;0
2,32697018519530e-02;0
-1,88750116981808e-01;0
3,83695608845256e-02;0
-1,85496138506432e-02;0
-9,67058092838839e-02;0
-6,81514195963203e-02;0
-1,39346019304880e-02;0
4,12898726783020e-03;0
-1,60957279149819e-01;0
-1,27154817266649e-01;0
-1,14569459297595e-01;0
-1,73344325601354e-01;0
-7,16542746767230e-02;0
-3,66571901361232e-02;0
3,48213479936038e-02;0
1,64297184147774e-02;0
4,10123593019909e-03;0
-6,87940262997416e-03;0
-4,91146863820758e-03;0
-8,82667068554236e-03;0
3,72434930316162e-02;0
-1,19203673364442e-01;0
6,40737636808585e-02;0
-7,91882109900120e-04;0
9,12290567392279e-02;0
4,20179551716375e-02;0
-1,12136832778800e-01;0
4,13772233217326e-02;0
-4,51706096020991e-02;0
-1,16035200393751e-01;0
-1,52542756244413e-01;0
1,25967357097356e-01;0
-6,75320490518579e-02;0
3,56675502645503e-02;0
2,21505247116138e-02;0
-1,70222820057769e-01;0
-3,35957405001895e-03;0
-3,43981211732262e-02;0
-2,43738686175169e-01;0
-1,04451248392386e-01;0
8,66681427383531e-02;0
-3,97626751393618e-02;0
-5,72100790694655e-02;0
2,95666864133320e-02;0
-6,29953540539731e-02;0
3,66163048533656e-02;0
-1,74145388254309e-01;0
7,17263702173574e-02;0
-1,95296831581458e-01;0
-7,83241245363644e-03;0
-2,10859125353896e-02;0
NA;NA
-2,64311657826946e-01;0
5,99647146147863e-02;0
NA;NA
-1,99039704335265e-02;0
-1,32437193364819e-01;0
-1,99943147057447e-02;0
-8,56847027137637e-02;0
-7,27401378134260e-02;0
-1,15655708596162e-01;0
3,08467353389685e-02;0
2,50265424263980e-02;0
-2,25911802951662e-02;0
4,51078731735662e-02;0
1,18533824181415e-01;0
9,24076669048957e-02;0
4,87421634435277e-02;0
6,72075069775266e-02;0
-2,16892190217754e-01;0
-3,27162785541251e-01;0
-1,84814107006507e-02;0
1,16031769396074e-02;0
2,99514800388425e-02;0
1,33328952523985e-01;0
-6,43248065252323e-03;0
2,30393868900549e-02;0
-2,00555616657658e-02;0
-1,70602634184609e-01;0
-2,05943507272128e-01;0
-6,50929254560157e-02;0
-1,34164247529295e-01;0
9,27780213925186e-02;0
-1,76731395934083e-01;0
3,97778168859543e-03;0
-7,89876093836290e-02;0
-1,69637838627453e-01;0
-4,08111010017210e-01;0
-6,99340618857718e-02;0
-2,56077808657860e-01;0
-9,71742442112433e-02;0
-6,44953846130554e-01;1
-3,12867707844809e-02;0
-6,70516752741524e-02;0
2,97510836864665e-02;0
-1,72660656397014e-01;0
-9,54145742890672e-02;0
3,54667355084140e-02;0
5,64659545809532e-03;0
-1,71663964873947e-02;0
-3,00005716340358e-01;0
-9,80960653880927e-02;0
3,58633911415519e-02;0
1,98307748083932e-02;0
-2,08055649120352e-01;0
-1,78143008569671e-01;0
5,06767421341054e-02;0
-8,26724784583622e-02;0
-4,62235511818304e-02;0
-6,23473776632227e-02;0
1,02091155312343e-01;0
-9,96531303121431e-02;0
-3,65521872379286e-01;0
NA;NA
-9,84149606079679e-02;0
7,66541895890658e-02;0
NA;NA
2,99975815285863e-03;0
-3,45751112970056e-02;0
1,32722256150158e-01;0
1,23820361577042e-02;0
-3,69849293278919e-02;0
-7,72631667827763e-02;0
-1,05668306708526e-02;0
-4,42784207211215e-02;0
-1,31345701290982e-01;0
1,88544290384737e-02;0
-2,58857619511889e-02;0
-9,74538300573879e-02;0
-9,25451765536168e-02;0
-4,16904197628632e-02;0
-1,05718596722753e-01;0
5,08867436807536e-02;0
3,66777783276821e-02;0
-3,32029577159679e-02;0
3,68213664858821e-02;0
3,26954920192540e-03;0
-2,08852410068139e-01;0
-2,15203876068920e-02;0
-9,20578121564092e-02;0
-4,00988768020604e-01;0
2,10210634876671e-02;0
-3,33920799893927e-03;0
7,95999203244889e-03;0
-1,22427090154459e-01;0
2,54617075573107e-03;0
6,62113925577711e-03;0
-4,30475237130349e-02;0
-3,78428557607810e-02;0
7,20006823907128e-03;0
-2,67438671585788e-02;0
-2,14096693276484e-02;0
-2,49003771728177e-03;0
1,14589304466977e-01;0
1,46647036108353e-01;0
1,09189023792473e-01;0
-1,45924488386585e-03;0
4,77736619924701e-02;0
5,07133851012965e-02;0
2,81624690201169e-02;0
-1,16250641007251e-03;0
1,88606056502571e-02;0
-1,40397989688267e-01;0
2,63958127187171e-02;0
-1,91410659398962e-01;0
-2,62107528868332e-01;0
1,79703859020514e-01;0
-7,68999469233287e-02;0
-1,60421797688447e-01;0
1,13811699991595e-02;0
9,57368851902572e-02;0
-4,92047321687396e-02;0
-8,47290131067251e-02;0
-1,48945238212884e-01;0
-1,15244658062101e-01;0
7,23784845835592e-02;0
-4,72568950184463e-02;0
-1,23330486230789e+00;1
-2,45129413521413e-01;0
1,50902190748621e-01;0
1,22419731250524e-01;0
-1,08063118524120e-01;0
5,11378902812385e-02;0
-1,59593597333372e-01;0
-2,53126130793228e-01;0
1,00508854912092e-01;0
-7,80013086114953e-02;0
-4,86659906107164e-02;0
-7,76970397245803e-02;0
4,92631037285271e-02;0
3,49071846432056e-02;0
-9,18635331718496e-02;0
-6,41733656542854e-02;0
NA;NA
6,22337128323844e-03;0
-2,88069617645022e-02;0
-8,79167531470310e-02;0
1,00545238335230e-01;0
-1,87409454326934e-01;0
NA;NA
2,53656012195740e-02;0
NA;NA
-1,07387546185818e-02;0
1,09700338206108e-01;0
6,58223241639110e-02;0
1,31457010820830e-01;0
-5,86028920523081e-02;0
-4,68524617564335e-04;0
-1,90388620459001e-02;0
-8,94097055750564e-02;0
-5,46249135611048e-02;0
-4,82124903007112e-02;0
-3,26146396007893e-01;0
NA;NA
4,21420869130565e-02;0
2,39474909215297e-02;0
6,28931539071454e-02;0
-8,07809457162515e-02;0
5,72157698840515e-02;0
6,79143806083975e-02;0
3,51495099039250e-02;0
-3,90531027684829e-01;0
-5,36839912032758e-02;0
1,29334281367403e-01;0
-1,80639828212115e-02;0
-9,06896670431724e-02;0
3,97321801165706e-02;0
7,85380647351301e-02;0
-2,58207280064431e-03;0
-4,00552190973491e-02;0
-1,56721085025787e-02;0
-1,16330312650368e+00;1
-1,66168978854908e-02;0
-5,52795577546054e-02;0
-5,72124362629605e-02;0
-4,18894013760129e-01;0
1,66975485027364e-02;0
4,20217196943531e-02;0
6,01895798142031e-02;0
-9,85887523180066e-02;0
6,22729787999082e-03;0
5,92053497220612e-02;0
-7,81573968676165e-02;0
1,18742658773242e-02;0
-7,56940537134618e-02;0
-1,76697930086182e-01;0
-6,30982834971930e-02;0
9,93767823521003e-02;0
3,54689051326257e-02;0
7,21054799200656e-02;0
-2,81794237047869e-02;0
5,60759076892708e-02;0
NA;NA
-8,29597646563138e-02;0
-8,83051185404486e-02;0
-8,77954790257060e-02;0
-3,42132007604687e-02;0
-5,59277927744816e-02;0
8,56870678963481e-02;0
-5,35339130599051e-03;0
-7,98323162566551e-02;0
4,43525348239049e-02;0
3,04104176531481e-02;0
-2,09076472370877e-01;0
1,66759213538842e-01;0
2,94034734944716e-02;0
8,05478809356156e-02;0
-3,69786705894190e-01;0
-3,52770011917619e-01;0
-4,15845867020798e-02;0
-2,10145509384286e-02;0
-3,33918235434108e-02;0
-1,37110304907597e-02;0
-6,88449019961180e-02;0
-7,37305878128856e-02;0
-1,34429169314002e-01;0
8,65000300471384e-02;0
-4,72847658813843e-02;0
7,04164503178588e-02;0
3,27740190956539e-02;0
6,10751472106271e-02;0
-5,36893425918605e-02;0
-1,34263885740107e-01;0
2,12231783354576e-03;0
-1,65386770954656e-01;0
1,47348433795787e-02;0
-1,27512016405238e-02;0
4,52609493828985e-04;0
-6,11738092344639e-02;0
8,03069008164706e-02;0
1,14939948510776e-01;0
6,19847367239802e-02;0
6,22920236672941e-02;0
3,06458188077032e-02;0
4,08240282873055e-02;0
-5,92026896163907e-02;0
-3,73879488709599e-03;0
5,50524696934147e-02;0
4,28272704051474e-02;0
1,96373659706128e-02;0
-1,90323895973276e-01;0
7,77665889598729e-02;0
3,66144647920964e-02;0
-6,31265967345548e-02;0
-3,07654674446238e-02;0
9,24433622807535e-02;0
-3,09003616484884e-02;0
1,72172380520812e-02;0
-2,31304645792376e-01;0
-1,16349915870633e-01;0
-2,34850312209143e-01;0
-1,74666753362862e-01;0
-1,60858107876736e-01;0
-1,12944430868647e-01;0
7,05400704154595e-02;0
-8,21335102174397e-02;0
4,64718288182685e-02;0
1,29209923969642e-01;0
-8,69182654001547e-03;0
1,93618683369028e-02;0
-2,06087257137464e-01;0
-3,54717748754377e-02;0
-1,17699192378728e+00;1
4,78964278476935e-02;0
-7,55924464622532e-02;0
-7,72252261013786e-02;0
5,64106095248119e-02;0
1,11892645155058e-02;0
7,42870471413736e-02;0
-8,22999585058162e-02;0
2,56232297853107e-02;0
-9,81204444766856e-03;0
-1,48474123519309e-01;0
2,79237798969925e-02;0
-4,36604197654307e-02;0
8,58073895594325e-02;0
2,48572846044754e-02;0
9,75387672569152e-02;0
6,21985511349518e-02;0
-2,91286728640195e-01;0
1,00309654177200e-01;0
2,22360360237808e-02;0
5,01430946403045e-02;0
6,28036543100342e-02;0
9,29048651381325e-02;0
4,97800617212068e-02;0
9,41120869981882e-02;0
-5,76095486195549e-02;0
1,04488924855227e-01;0
4,22572168067751e-02;0
-9,84324645384682e-02;0
-1,24318171087980e-02;0
9,94202813601926e-02;0
3,79818479379214e-02;0
-6,91107712899446e-02;0
-9,13098099248679e-02;0
4,56308295999292e-02;0
-3,90281810593557e-02;0
-1,83747828655000e-02;0
4,27179790195848e-02;0
9,74040722979722e-02;0
1,50119544956245e-02;0
-2,06018240334167e-01;0
-2,02819909878304e-01;0
-9,57579482296353e-03;0
6,67533952494450e-02;0
1,09518573061936e-01;0
8,00365530634389e-02;0
2,71466231443219e-02;0
2,74131770114733e-02;0
6,69518401609549e-02;0
1,80024610399444e-02;0
1,13031435146655e-01;0
-6,40642503321755e-02;0
-2,65803407525263e-01;0
NA;NA
-2,21436048611429e-02;0
-8,21478299046369e-02;0
-1,28219498867429e+00;1
-2,21786393627015e-03;0
6,19650851239188e-03;0
-3,12637145496732e-01;0
3,24811586113435e-02;0
-4,60536592465598e-01;0
9,86521199584263e-02;0
3,96191100019938e-02;0
-3,17301828568533e-02;0
-4,53144403684981e-02;0
NA;NA
-1,07537407205785e-01;0
-5,23832135257519e-02;0
-2,45648387879883e-02;0
NA;NA
1,14742040996190e-01;0
8,30868496011307e-02;0
3,75589754731034e-02;0
6,17734472004155e-02;0
-3,12758101757467e-01;0
-4,56993397608923e-01;0
4,59031225471069e-02;0
3,33495394679921e-03;0
-8,36648811553826e-01;1
-1,91332572445017e-01;0
-9,35722247267839e-02;0
-2,02647508826941e-01;0
-1,37653537985556e-01;0
7,39494047122211e-02;0
-7,04108872330917e-01;1
-1,39362224916779e+00;1
5,02063247336239e-02;0
-1,41158342037955e+00;1
-1,12844582868917e+00;1
-1,38516483836986e+00;1
-5,97372383987893e-01;1
-5,81711477900692e-01;1
-6,94635197993738e-02;0
7,56095822897298e-02;0
1,18275601701177e-01;0
1,78837155109023e-01;0
-2,58876721537999e-02;0
2,13072046680064e-01;0
-1,10667249924504e-01;0
-2,43027074900734e-02;0
NA;NA
-1,05128921391674e+00;1
-1,03890544236960e+00;1
-4,94339229681413e-01;0
-3,46485170426275e-01;0
-1,21493670386650e-01;0
-4,52505642394925e-02;0
9,14657720508895e-03;0
NA;NA
NA;NA
NA;NA
-2,93161440229866e-02;0
2,77399170139011e-02;0
1,05632183668343e-01;0
-1,07842320243670e-02;0
-4,46716779095228e-02;0
5,54989444380994e-02;0
1,13770484168079e-01;0
7,48762270471018e-02;0
1,68130276648520e-02;0
1,30442974096497e-01;0
8,07777016307571e-02;0
NA;NA
9,12218157093535e-02;0
NA;NA
NA;NA
NA;NA
-1,02176773719611e-01;0
-2,18398070763771e-01;0
NA;NA
NA;NA
NA;NA
NA;NA
NA;NA
NA;NA
NA;NA
-1,10005964832107e-01;0
-2,83799760186361e-01;0
7,12810351471045e-02;0
2,23419666973237e-02;0
3,50130156913076e-02;0
1,61824844134606e-02;0
-9,56594233403991e-01;1
-9,23170773558546e-02;0
-7,08328042216259e-02;0
7,11637065662618e-02;0
-8,44074717766240e-03;0
-7,57752578735882e-02;0
4,67262497211553e-02;0
-1,27779683180161e-01;0
-2,02968909750525e-01;0
4,95313233539576e-02;0
2,99561428165308e-02;0
8,67514726287398e-02;0
-4,52220644662184e-03;0
NA;NA
-3,02617380425592e-01;0
-1,46665989467196e-01;0
NA;NA
-6,98370632929161e-02;0
-3,07720917882004e+00;1
-2,68853377835817e-01;0
-1,41029429499974e-01;0
-1,97126681999132e-01;0
-1,88348783442438e-02;0
4,49078234892259e-02;0
3,63703268682980e-02;0
-1,13383934020982e-02;0
-1,04768493629425e-01;0
6,91631717912121e-02;0
-4,11450367944181e-02;0
-6,60177481962045e-02;0
-7,11279264412731e-01;1
2,57994200499006e-02;0
-3,28123907666402e-01;0
7,31972400640573e-02;0
-1,13078239502422e-02;0
-1,85333638602388e+00;1
-1,54970809808674e+00;1
-1,30866557149986e+00;1
-1,04425142202475e+00;1
-1,42012119371161e+00;1
-3,13047371557633e-01;0
8,94202254405816e-02;0
5,30965032373931e-02;0
5,10630042134820e-02;0
5,03481677816678e-03;0
1,07466144894807e-01;0
-8,02489366899594e-02;0
-1,08517471629261e+00;1
-7,36580034022739e-01;1
6,92094855309153e-03;0
-1,00069231418757e-01;0
1,10895081463371e-01;0
9,25389924170561e-02;0
-2,77137567438472e+00;1
-1,62229374327995e+00;1
-1,38609279986981e+00;1
-1,58624925197230e+00;1
-8,16567702527194e-01;1
-4,65727997363298e-01;0
-1,23360079874838e+00;1
-3,59896811661412e-01;0
-3,31363666538154e+00;1
-1,98116245803825e+00;1
-6,57311613374418e-01;1
-1,11828783077617e+00;1
-3,06184643945543e+00;1
-2,43644790224235e+00;1
NA;NA
NA;NA
-3,37413566186046e+00;1
NA;NA
-7,02276231291462e-02;0
-1,50793771976424e-01;0
3,57815810244257e-02;0
-7,65327155653234e-02;0
8,32523470121362e-02;0
1,31950727689509e-01;0
2,44866226231203e-02;0
-2,07348818256565e+00;1
-1,02170021757256e+00;1
-1,68307713630665e-02;0
-1,56322743506299e+00;1
-1,08925617897830e-01;0
4,66495507663793e-02;0
3,70105161381422e-02;0
-9,32579062457425e-02;0
1,27978476634102e-01;0
-6,99358882950228e-02;0
-1,09937907592271e-01;0
-1,09449434278985e-03;0
-2,04328339240072e-01;0
-9,59947203579653e-02;0
-5,36709016431216e-02;0
1,02061980654604e-01;0
1,25120293274756e-01;0
-4,54651088109335e-02;0
-1,61926814663151e-01;0
7,60596919074704e-02;0
1,03599933352745e-02;0
-7,55425859470270e-02;0
5,35784949831913e-02;0
6,32245559379391e-02;0
1,07082923598406e-01;0
9,43345417910697e-03;0
-2,22843711451606e-01;0
2,37334285500542e-02;0
-5,48272432463187e-03;0
-7,31800212720872e-02;0
-8,83273676402919e-02;0
-4,73031676656437e-02;0
-5,95848144629572e-03;0
6,49698417195178e-02;0
6,82991017491434e-02;0
-6,97824579244514e-02;0
3,81551518422502e-03;0
-3,16576075050402e-02;0
-1,33678802699602e-02;0
-2,19629575972159e-01;0
-8,35153307164417e-02;0
-2,16447054352692e-01;0
3,76147497942674e-02;0
-3,11014348628013e-02;0
-1,75445944985570e+00;1
-9,13463448439904e-01;1
1,20780124454322e-01;0
-5,50958796299983e-02;0
9,50721315887412e-02;0
-9,77309420847460e-01;1
9,10830521772959e-02;0
1,13380501052336e-01;0
4,21291691321839e-02;0
3,30254250555869e-02;0
8,43448349960722e-02;0
1,30950110260743e-02;0
-2,67660524163975e-04;0
-6,95588922722270e-03;0
-1,05060440292647e-01;0
-2,50069141086930e-01;0
-5,42133410462845e-02;0
6,25068858925911e-03;0
7,57133617189142e-02;0
2,91647295121882e-03;0
-1,24487532673965e-01;0
-2,48330763577005e-01;0
6,35511730212606e-02;0
1,18577757996756e-01;0
-3,07403947893169e-01;0
-2,27956211672947e-03;0
7,43297419217152e-02;0
1,10433263137073e-01;0
3,35166384393305e-02;0
-2,51049838781254e-01;0
4,96970241290362e-02;0
4,91924265132984e-02;0
-9,30654316368049e-02;0
7,41140746950683e-02;0
-5,55369648129646e-02;0
-1,02395945486150e-01;0
-2,86279891440063e-02;0
-4,60832333918563e-02;0
-2,66850988227734e-02;0
1,54103546060012e-02;0
2,33595173533490e-02;0
-2,28875062085109e-01;0
-2,13417251571002e-01;0
1,07020581180708e-01;0
1,34533097213076e-02;0
1,11814961557426e-01;0
9,40663517432795e-02;0
-2,76312549242303e-01;0
-1,73491760073471e-01;0
8,30803474192441e-02;0
-8,40334965068121e-02;0
-8,25472930236193e-02;0
-1,64454573110618e-01;0
-2,32406532736431e-02;0
-1,30841712643144e-01;0
1,08091697215169e-01;0
NA;NA
-2,84963648798216e-02;0
-3,06802106548083e-02;0
-2,81996702161115e-02;0
NA;NA
-1,47029504533217e-01;0
-6,27938192054102e-02;0
-1,69004685423630e-01;0
NA;NA
9,98778149718690e-02;0
1,05130507960051e-02;0
-9,60507931746178e-02;0
-2,14972876506386e-01;0
-4,15597465099779e-01;0
-2,07721276795950e-02;0
-2,33268909395149e-02;0
-1,25790905676381e-01;0
-1,83840916315887e-01;0
6,17323531157008e-02;0
NA;NA
NA;NA
7,29097036316434e-02;0
-8,15856617429376e-02;0
1,43148799949997e-01;0
NA;NA
2,75864147958621e-02;0
1,49333880832778e-02;0
9,32382394333953e-02;0
4,31065181418408e-02;0
NA;NA
2,23041022549741e-03;0
-9,86062689888530e-02;0
-9,73654818992383e-03;0
5,96611819350569e-02;0
5,25136954384787e-02;0
1,10031739770477e-01;0
2,61130647447500e-02;0
-1,06200369407712e-01;0
-7,76477695631868e-02;0
-1,64966762221128e-02;0
-8,87237970288541e-02;0
-7,58133033340100e-03;0
-1,94307688439747e-02;0
1,04925467458102e-02;0
NA;NA
NA;NA
NA;NA
NA;NA
NA;NA
NA;NA
5,80364472619181e-02;0
-6,48282638574574e-02;0
NA;NA
-3,27557277080597e-02;0
-4,35650577416219e-02;0
-1,00798881822766e-01;0
1,96916909029725e-02;0
3,64076198957071e-02;0
-3,12963488596318e-03;0
6,82397011183253e-02;0
3,37652532611532e-02;0
8,01090475218568e-03;0
-8,17335574443096e-03;0
3,64864699233618e-02;0
-2,22049836208778e-02;0
-1,81846753509438e-01;0
1,37885642571644e-01;0
4,85797912684706e-02;0
-2,64687133462491e+00;1
-1,65263865526922e+00;1
-1,25101652098798e-01;0
-8,10250186369613e-01;1
-9,97768595172829e-01;1
6,96484887260763e-02;0
-1,13805471508364e+00;1
1,60468477133564e-03;0
NA;NA
NA;NA
-6,02522438049108e-02;0
9,93016214748726e-02;0
-1,59168664935736e-01;0
-1,65042028314418e-01;0
5,84759005198938e-02;0
1,52291042883598e-02;0
-4,56802603922668e-02;0
2,21670958660033e-02;0
NA;NA
2,80871566479036e-02;0
2,23747251741641e-02;0
-6,02716604225930e-02;0
-1,73066098059857e-01;0
5,83556772296045e-02;0
-9,58261655505137e-02;0
-1,54813051456379e-01;0
6,95716644968747e-02;0
-6,31981795552204e-02;0
9,98301393806569e-03;0
-2,24627603257231e-01;0
-2,56733192207241e-01;0
-1,04864084886551e-01;0
1,80512472390653e-02;0
1,05088634438826e-01;0
7,25737822011993e-02;0
-7,01769875350194e-02;0
2,85204609125891e-02;0
3,67253488274941e-02;0
-1,46867539761310e-01;0
8,39029404871061e-02;0
2,18417284383020e-02;0
6,83364087479953e-02;0
1,10417910725982e-01;0
2,12743825159554e-02;0
-1,22776085186370e-02;0
7,32006482157545e-02;0
-2,19368228845458e-01;0
-1,18203771442240e-01;0
6,15407066664686e-02;0
8,37643833118442e-02;0
9,05514878981974e-02;0
1,25999685078551e-02;0
-1,92382850150213e-01;0
2,38975400821399e-02;0
-1,12088170276336e-01;0
NA;NA
1,33280167766580e-02;0
NA;NA
6,22306368013729e-02;0
-1,18897910216899e-01;0
7,54882436481378e-02;0
4,14044665897666e-02;0
-1,75355628721760e-01;0
6,61773600718227e-02;0
5,43876475631024e-02;0
-2,58363957699507e-02;0
-2,66714759570524e-02;0
-2,56318202415586e-01;0
-6,64166713545795e-02;0
-3,40366588095467e-03;0
9,61420730847606e-02;0
-1,37203680767735e-01;0
2,74998074328458e-02;0
-3,10912118491833e-02;0
7,52476417779267e-02;0
NA;NA
-9,13241439550261e-02;0
-9,33879503085339e-02;0
-1,59075431577872e+00;1
8,99716923744076e-02;0
1,36177218447530e-01;0
3,08217724306754e-03;0
NA;NA
-1,51745487262462e-01;0
9,92435237660746e-02;0
-5,76012417744204e-02;0
1,74058043306166e-01;0
1,01641022933296e-01;0
-8,60949788901716e-02;0
-1,86671889350989e-01;0
8,03864974441594e-03;0
NA;NA
NA;NA
NA;NA
NA;NA
6,71707028780759e-02;0
3,77327593301401e-03;0
-7,17621928448735e-01;1
9,47080561161896e-02;0
1,20796564255942e-01;0
1,21187932709768e-01;0
8,05407552820573e-03;0
-1,03772963557799e-01;0
-3,92781917692528e-01;0
1,54923361775121e-01;0
-7,94158126347845e-03;0
4,49553862742971e-02;0
-3,04710786953843e-02;0
2,77755267988569e-02;0
-7,69238480889358e-03;0
-1,61874176055491e-01;0
-1,06556320885818e-01;0
2,75452341137654e-02;0
-1,67596677007189e-02;0
-7,28284005846421e-02;0
-9,56441669387518e-02;0
-7,20391457053247e-01;1
-1,63333661969228e-01;0
6,28256900523227e-02;0
-3,87803240822914e-01;0
6,74158969994196e-03;0
6,61450251621837e-02;0
6,74409000056467e-02;0
-3,23234487565768e-02;0
-1,03801444672948e-01;0
-7,45559057134816e-02;0
-9,47632249033998e-02;0
9,46995049709383e-03;0
-3,18943453216174e-02;0
-1,67234523947602e+00;1
-6,84525260210963e-02;0
-9,35197283238885e-01;1
-1,83481879015336e-01;0
3,87762577990909e-02;0
NA;NA
-2,48380916806959e-01;0
-2,86123190365730e-01;0
-4,04932095975354e-02;0
-2,86007327439418e-01;0
-1,14549419921425e-01;0
-5,84989552324751e-01;1
-8,37954671085237e-01;1
1,58165066142135e-02;0
NA;NA
4,80495273986280e-02;0
-5,50616507426941e-02;0
-1,62069832771050e-01;0
6,28141408369301e-02;0
-1,09189500929920e-01;0
4,68455636909371e-02;0
-1,20387604339694e+00;1
-1,34584506343300e+00;1
-2,05887158796343e+00;1
-8,49599288685176e-01;1
-1,00667299667186e+00;1
-1,06505685765090e+00;1
-5,83346948456710e-02;0
-9,40408142244564e-02;0
8,37534634370869e-03;0
-6,04198291578831e-01;1
-5,74096985335639e-01;1
8,71972934006688e-02;0
-1,74626965653665e-02;0
-4,11786053252857e-02;0
-2,50742134330856e-01;0
-8,42357690847132e-01;1
-4,68243313267309e-01;0
-1,23554837960369e-04;0
1,27487084612677e-02;0
-8,53718899900906e-01;1
-1,56975297969910e+00;1
-7,57979539129542e-01;1
-1,08620657958668e+00;1
3,68356988784507e-02;0
-2,64487827490306e+00;1
-2,85072576512093e+00;1
-2,26022574394934e-01;0
-1,07072639389967e-01;0
-6,87205814760061e-01;1
-2,09879787767989e+00;1
NA;NA
-2,13737845930841e-01;0
-4,32668723507205e-02;0
NA;NA
7,38289158614527e-02;0
-7,31640692025128e-03;0
-2,63971640286908e+00;1
-6,88486869041514e-01;1
-4,38332456721114e-01;0
-4,58159150801350e-02;0
-4,04712414359360e-01;0
-1,91002225996623e-01;0
-9,08764054731983e-02;0
-6,00298400063702e-02;0
-1,61938323372078e-01;0
-1,78332211862344e-01;0
-4,70836717552095e-02;0
1,59363688320597e-01;0
-2,35163759178610e-04;0
-2,84282118662743e-02;0
-1,58701288263815e-02;0
-2,02931287041220e-01;0
-1,07126898780004e-01;0
-9,11801181112983e-02;0
-1,30903024375279e+00;1
9,46675366814583e-02;0
-1,96243703773307e-02;0
-7,95651386315033e-02;0
-2,20974298744341e-02;0
7,07317793724010e-02;0
2,89348365974659e-02;0
-1,45566878310852e+00;1
1,11577603407341e-01;0
-9,28853664240329e-02;0
8,35376218141990e-03;0
-8,54472621514311e-02;0
-2,45973631289087e-01;0
-4,71699947726806e-02;0
NA;NA
5,67928720967120e-02;0
4,58760567477897e-02;0
-2,59501635529005e-01;0
-2,27220383804190e-02;0
-8,03491887709624e-02;0
1,04800153114825e-01;0
4,77541893074069e-02;0
-7,20419863969629e-02;0
1,27642731186962e-01;0
-2,09942241033534e-01;0
-1,12436260711501e-01;0
-5,97758632436593e-02;0
-1,77986077308260e-02;0
-7,92896038134577e-02;0
2,74611791669324e-02;0
-1,10231930964518e-01;0
-5,06519656597189e-02;0
-1,07050085985541e-01;0
2,94417685923018e-03;0
4,65585521856523e-02;0
-8,81839290082033e-03;0
5,47806890396553e-02;0
-3,35101851478792e-02;0
-1,52565444155981e-02;0
-8,00697812383966e-02;0
1,10840640163785e-02;0
8,95522721917699e-02;0
-9,01180845047157e-02;0
-1,57434901266821e-01;0
-1,36017888592084e-01;0
-2,55293439976808e-01;0
-4,71461769135720e-02;0
6,19706295252125e-02;0
-1,34677897649628e-02;0
-3,12977105731733e-01;0
4,66938529779149e-02;0
8,03256110111217e-02;0
5,81810817466426e-02;0
7,80410613919896e-03;0
1,39833034886639e-02;0
3,56516858330038e-02;0
-1,57139390249040e-01;0
4,46324103591661e-02;0
6,20870264615855e-04;0
7,47267357423107e-02;0
5,25673033895380e-02;0
-4,01356333756656e-01;0
-6,98487750351124e-02;0
-1,82388600983410e-01;0
4,59404095474434e-02;0
-9,00234327174105e-02;0
-7,21957189196617e-02;0
2,40472028028250e-03;0
-2,85752862862533e-01;0
-1,51334430870470e-01;0
-1,08315001269514e-01;0
1,45547924738082e-01;0
2,72860752736330e-02;0
4,82764652536585e-03;0
1,43299400511669e-02;0
7,89935098754929e-02;0
7,06430923283420e-02;0
NA;NA
NA;NA
-1,77841375776174e-01;0
-1,06593738633178e-01;0
2,13777894132066e-01;0
-2,43918990559996e-01;0
-9,89199371198179e-02;0
-5,14125855418272e-01;1
-2,54199135948466e-02;0
-2,91019880978551e-02;0
-7,29268710606786e-02;0
2,39632200945054e-02;0
-2,31462093766538e-01;0
3,25293593295161e-02;0
-1,66412800048316e-01;0
6,16374650388618e-02;0
-1,60341730945473e-02;0
-3,57562540709772e-02;0
2,62757120881947e-02;0
8,09457830939133e-02;0
-1,75166200566826e-02;0
1,38973818021665e-01;0
-1,91441736115305e-01;0
1,28424596248741e-01;0
9,96419502963240e-02;0
2,65279682365451e-02;0
4,47337281036808e-02;0
1,21682180107285e-01;0
-4,91757106318248e-02;0
-2,69421693099583e-02;0
3,75286743163393e-02;0
5,52386873830873e-02;0
-7,17156256235280e-02;0
-2,24851361315701e-02;0
-1,90166139725945e-01;0
-1,05552621229065e-01;0
-1,82620504412117e-02;0
-3,06131671054878e-02;0
-9,22465778285870e-02;0
7,04883183354634e-03;0
9,19859423543539e-02;0
NA;NA
-3,82567753335701e-01;0
8,00488362731925e-02;0
-9,48397266006681e-03;0
-9,03783956774510e-02;0
1,43229503877169e-01;0
9,17830024028985e-02;0
1,57969513189973e-01;0
-1,40024300426799e-01;0
1,16283480448469e-01;0
-3,01793654182010e-02;0
-5,88542183496356e-02;0
2,93649752562710e-02;0
9,08375247747874e-02;0
5,60354566495931e-03;0
-2,41659672485204e-03;0
-1,15189262043155e-01;0
-8,74554548854376e-02;0
-9,10247702557036e-01;1
-4,91598086452327e-02;0
-2,11443870959692e-01;0
-4,04650042763015e-01;0
-2,94069972000991e-02;0
NA;NA
-1,94731957417809e-02;0
-1,35906540548940e-01;0
-9,17706297853889e-02;0
2,35123217539483e-02;0
-2,32344626491301e-01;0
-1,79919285871331e-01;0
-1,83738533178568e-01;0
-3,79781520146478e-02;0
-1,59720705575760e-01;0
6,20463900454402e-02;0
-1,02458698594986e-01;0
7,17192965105608e-02;0
1,13931210044586e-01;0
-9,52628818879622e-01;1
1,11220646822338e-01;0
5,45985405078350e-02;0
-8,84582809933026e-02;0
-7,99696429989376e-02;0
5,14987740909762e-02;0
-2,55911602881699e-01;0
-1,20552665483605e+00;1
3,76581777602482e-02;0
8,65526952365870e-02;0
3,27491665851882e-02;0
-1,96941961228621e-01;0
-4,61180041316280e-02;0
-2,43944324128387e-01;0
2,89176113432190e-02;0
5,31686956858210e-02;0
-7,71493351287423e-02;0
4,19056757202507e-02;0
7,28868207623621e-02;0
3,13793914903272e-03;0
2,99136222283461e-02;0
2,51307955106797e-02;0
-9,04166201278518e-02;0
-2,36257591804548e-01;0
-1,89017560291801e-01;0
-1,87404389470766e-02;0
4,98358795061514e-02;0
-1,16345662537851e-01;0
-4,93670963928807e-01;0
3,44127643786839e-02;0
-2,83389461905689e-02;0
-7,50625992419777e-01;1
-2,44586678846537e-01;0
-6,39372242756854e-01;1
8,83517192069412e-03;0
3,02050548405388e-02;0
-9,20342313755166e-02;0
NA;NA
8,53614133013683e-03;0
-9,66877049299177e-02;0
1,78855276581683e-03;0
-9,37329205316066e-03;0
1,80872740839334e-02;0
-2,52295674144556e-02;0
-2,03737229119473e-01;0
3,84725960709818e-03;0
-1,62373798291670e-01;0
9,27260708207295e-02;0
-5,44497285729889e-03;0
-1,82864583853218e-01;0
NA;NA
1,20039225274855e-01;0
NA;NA
1,23119893661745e-01;0
-3,17544142363660e-02;0
NA;NA
-1,70930669222986e-01;0
-1,68070913430480e-01;0
-1,66452439525871e+00;1
-1,57611714031409e-01;0
NA;NA
NA;NA
-7,53585486822962e-02;0
-6,16658020188431e-01;1
-1,46482503282174e+00;1
-1,97488530801680e+00;1
-5,44765825664233e-02;0
-1,00050506274074e+00;1
-1,04710052427000e-01;0
-3,24580272194425e-02;0
-1,32099874581188e-01;0
-6,70346355306949e-01;1
6,49979205288261e-02;0
-7,69628797521841e-02;0
3,61388028516516e-02;0
-8,06992581740470e-02;0
5,47634624757547e-03;0
1,25981052544565e-01;0
-1,95668191748510e-02;0
-1,13767308956711e-02;0
-3,55251019314685e-01;0
-2,31126052426143e-01;0
1,08318846165367e-01;0
-1,07575492788364e-01;0
-1,40469533996388e-01;0
-6,07868309164419e-03;0
2,23623925011902e-02;0
-3,58475306115371e-02;0
NA;NA
3,10371230135354e-02;0
8,27952202704235e-02;0
NA;NA
-1,47254915194429e-01;0
-5,66542582139298e-02;0
4,58538826071520e-02;0
8,29479864745967e-02;0
1,10122492560970e-01;0
-3,67678710539208e-02;0
-3,82040613531311e-02;0
-4,23260007935639e-02;0
-6,46080717633984e-03;0
-6,90789249297363e-02;0
6,01851082695093e-02;0
3,68494267022409e-02;0
4,56033249824124e-02;0
-4,55967585400883e-02;0
-1,09563725216322e-01;0
-9,97952000088311e-01;1
3,29287612451194e-02;0
-1,13633380711558e+00;1
8,45678254158082e-02;0
NA;NA
2,32740262795544e-02;0
-1,83037986194876e-02;0
-3,13658512067843e-01;0
2,05703623050928e-01;0
-3,70471414158854e-02;0
-1,59583571112655e-02;0
5,47993559651995e-02;0
4,96837822115490e-02;0
-7,97387404051918e-02;0
-6,93830649988289e-02;0
-5,81249383921697e-02;0
-1,25902902335818e-01;0
-1,12176162558992e-02;0
-1,69913583840062e-02;0
9,89788229718138e-02;0
1,23145821635490e-01;0
5,50269723433320e-02;0
NA;NA
9,75511295585804e-02;0
1,19487594376558e-01;0
-2,57231348655286e-01;0
-4,49279634145108e-02;0
-4,79677065085411e-02;0
1,93772315509246e-02;0
6,10561799505185e-02;0
-1,79388993436454e-01;0
-1,41858585118781e+00;1
3,68940678239127e-02;0
9,14305023006322e-02;0
-1,05215820106775e-01;0
-1,00777668741456e-01;0
5,08523617730518e-02;0
2,59436691852871e-02;0
5,52924826910931e-02;0
-4,56406412668330e-02;0
-2,11828998655543e-01;0
-7,38647794954780e-02;0
1,24572713439250e-01;0
-1,16218856888819e-01;0
-3,41132904718355e-02;0
-1,28698539250150e-01;0
1,01185159497944e-01;0
4,65844192042271e-02;0
2,13661114330288e-02;0
7,87670205301141e-02;0
1,29413275504514e-01;0
5,06643588656548e-02;0
9,75657172814281e-02;0
-4,29507971863528e-01;0
-1,23951764162218e-01;0
-1,20303015143351e-01;0
1,08162376111277e-01;0
-1,79751116354135e-02;0
4,49666733810021e-02;0
5,99268378582491e-02;0
7,84270754708913e-02;0
NA;NA
8,63811127323191e-02;0
6,65727012159052e-03;0
8,96973679580503e-02;0
9,25668601465851e-02;0
-9,88935151916753e-02;0
-1,13738479198912e-01;0
-2,14991609222588e-02;0
1,44760793416302e-02;0
-4,92511283784031e-01;0
-6,20875026625729e-02;0
-1,61229690379846e-01;0
-4,60343937927125e-04;0
-5,23903949997153e-02;0
-1,06924343762760e-01;0
-2,76098223243981e-01;0
-5,19621599395036e-01;1
-2,33537261438420e-01;0
-3,92604384816968e-01;0
-6,25559460334162e-01;1
-7,55419577676038e-01;1
-1,85662275347469e-01;0
-6,09266054311189e-01;1
-4,08080333804620e-01;0
5,07332933212699e-03;0
-4,84339303742545e-01;0
-7,28296816894369e-01;1
-1,34451607261868e+00;1
-5,04840032295386e-01;1
4,17603735454791e-02;0
-7,74187927788617e-01;1
-2,84762550003406e-01;0
-2,87087584798545e-01;0
1,25202940589816e-02;0
-8,84271906127648e-01;1
-2,50082511039884e-01;0
-1,50553842922028e+00;1
-4,05462986863714e-01;0
-8,69256343745034e-01;1
-1,00015535451622e-01;0
-1,00772706286669e+00;1
-8,41165700275823e-02;0
-4,54941987358362e-02;0
7,45651344493973e-02;0
7,46402247053071e-02;0
-1,80507007482000e-01;0
4,47974367931250e-02;0
1,05816866985962e-01;0
-3,62064457110549e-01;0
1,00137219674719e-01;0
-7,00331639088926e-02;0
-1,16697981511582e-01;0
-9,36255955544281e-02;0
-1,09500682616974e-01;0
3,82911392792396e-02;0
-5,36290774959382e-02;0
-2,35636641955559e-01;0
-9,53315586246350e-01;1
3,34311670349816e-02;0
2,60927739672155e-02;0
-1,08391651562182e-01;0
-1,44823009777956e+00;1
-1,04613212337472e-01;0
1,36200622886100e-01;0
-3,43037122287515e-02;0
-4,75152320523152e-02;0
-1,05615382538016e-01;0
7,34187779129315e-02;0
-1,00017120898872e-01;0
6,90145790686812e-02;0
-1,37496227117638e-01;0
2,60541602088684e-03;0
-1,73282881419385e-01;0
-1,18709428746337e+00;1
-2,13920627380423e-02;0
-2,18513561726960e+00;1
-7,52387956073454e-01;1
9,12889321399638e-02;0
-9,64963989538008e-03;0
-7,46716207437325e-02;0
1,00996719209438e-02;0
1,09001952667638e-01;0
-1,31858238492050e-01;0
7,08237732658530e-02;0
2,93335745154158e-02;0
1,04510754428654e-01;0
5,47828146635974e-02;0
9,16316137681033e-02;0
1,10813037222180e-01;0
4,93157361425154e-02;0
1,25573777520221e-01;0
-1,33726678724419e-02;0
4,08062746308889e-02;0
4,51265957505780e-02;0
7,03338307426328e-02;0
4,17921670813725e-02;0
2,64169594505846e-01;0
1,85784355000212e-02;0
-7,95891102398568e-02;0
2,87617267838257e-02;0
1,86812478396933e-03;0
4,15886961707519e-02;0
3,11851303661087e-02;0
1,16354871728594e-01;0
7,90057775845100e-02;0
1,30526373880799e-01;0
2,49939942502150e-02;0
-2,57083277692358e-02;0
-1,71742710164627e-01;0
-6,46251596890528e-03;0
5,58661421158272e-02;0
-4,49099215504483e-02;0
-4,73363224806111e-02;0
-4,90664976151885e-02;0
-1,37457992468752e-01;0
8,31054204237873e-03;0
-4,11612311097235e-02;0
-1,39014273818663e-01;0
-1,67601889431055e-01;0
-2,06077092671291e-01;0
1,81150385206272e-02;0
-8,88976498578420e-02;0
2,13870477376672e-02;0
1,00201844337351e-01;0
-1,31981203041018e-01;0
-7,05654800637343e-02;0
2,60112770182326e-01;0
1,02525329327383e-01;0
-9,21983188392081e-02;0
3,05630591264465e-02;0
3,15187890457193e-02;0
-1,67553482522122e-01;0
-1,01349148589945e-01;0
-4,40739104746011e-02;0
-9,61342844999715e-04;0
NA;NA
NA;NA
-3,21233621826507e-02;0
-1,21670051090351e-01;0
-1,00630688539447e-01;0
6,08950054753238e-03;0
1,20876911182915e-01;0
-1,04697188952548e-01;0
9,32151198153905e-02;0
-1,55158123663077e-01;0
2,75984333706363e-02;0
-2,21500278616752e-02;0
-3,96464676476126e-02;0
-1,13834992609428e+00;1
-1,29090998704246e+00;1
-8,68083932061119e-01;1
4,32614546071773e-02;0
-1,07409343033974e+00;1
-5,19115516971749e-01;1
3,06394159680315e-02;0
9,88927201212395e-02;0
-1,13773668418294e-02;0
-2,57270112689447e-01;0
1,19523440409495e-01;0
-3,46604565601215e-01;0
NA;NA
-1,33416294136892e-01;0
-1,18376402858626e+00;1
-6,80468968424895e-01;1
1,33546119853248e-01;0
8,88156422887837e-03;0
2,67328625727413e-02;0
-1,26875000203803e-01;0
-1,27587217453679e-01;0
-1,30432733642677e-01;0
-9,48165553975522e-02;0
1,31555314770563e-02;0
3,77597850337130e-02;0
-1,57205789873303e-01;0
9,33972547807305e-02;0
-1,05971632935880e-01;0
7,43966114353758e-03;0
-8,55345214663263e-02;0
-7,57887338204206e-02;0
-2,02800859807985e-02;0
-1,06404217203990e-01;0
2,86090524438084e-02;0
-2,20052266578393e-02;0
6,02538372096767e-02;0
3,90143091310582e-02;0
-1,14395627206635e-02;0
NA;NA
5,79973688115248e-02;0
-1,14859628918646e-01;0
-1,33555047406395e-01;0
-4,28649213886221e-02;0
-4,24437082113358e-02;0
-3,87083490982893e-02;0
7,96887040830513e-02;0
1,86748805717532e-02;0
5,86875881532773e-02;0
-5,20777122754909e-03;0
2,54971225118836e-02;0
1,03342122740444e-01;0
-1,82453349738807e-01;0
2,87400132099887e-02;0
-3,06126901596563e-02;0
-4,71603568108887e-01;0
-2,22619507402971e-02;0
3,28632548678940e-02;0
1,33842016081680e-01;0
-3,50954747912591e-02;0
-3,75116766395266e-02;0
-1,68628971953988e-02;0
7,79833285637422e-02;0
8,21879045104367e-02;0
-5,52920182552138e-02;0
-2,79322312479771e-02;0
6,43486905268017e-02;0
-1,53417739318535e-01;0
-1,60032842442290e-01;0
-7,71048751692130e-02;0
-7,94137810952664e-02;0
-8,73780093716377e-02;0
-5,62255743060443e-02;0
-9,03612075782503e-02;0
1,29859254078926e-02;0
-3,64388969800354e-02;0
3,76822232020730e-02;0
-3,84804805665489e-03;0
-7,48202313478334e-02;0
-8,29335767710660e-02;0
-5,53460549160796e-01;1
-1,73742566861184e+00;1
-3,86556299863429e-03;0
-4,02245482736172e-02;0
1,77738134576330e-02;0
8,92179996786276e-02;0
-1,27280400696083e-02;0
-6,48656156005582e-02;0
-8,44035463974448e-02;0
-8,64785460705545e-02;0
-1,56698256807631e-02;0
-2,46479826593689e-01;0
2,33716061106201e-02;0
-6,68839500360021e-02;0
-1,35871895329951e-01;0
1,38581223563292e-02;0
-8,73965000350375e-02;0
7,69838096098814e-02;0
NA;NA
7,01811690100513e-02;0
-8,75571306688701e-02;0
1,41710572610776e-02;0
5,66997041159905e-02;0
9,60712157615063e-02;0
-6,16156949977460e-02;0
2,50398807228597e-01;0
-1,89138934883660e-01;0
-3,37306653703369e-02;0
-2,95390393601583e-01;0
-2,21553272444378e-01;0
-4,56059703970746e-03;0
-9,55377360095852e-02;0
-8,65927854203467e-02;0
-2,55150765288615e-01;0
3,58039221058676e-02;0
1,33588910066740e-01;0
4,97886386392716e-02;0
-4,40292607466814e-01;0
-3,74611365493308e-01;0
1,68469496011013e-02;0
-2,08456305689171e-01;0
-4,02141495488240e-01;0
2,25795872214598e-02;0
-2,89065473729616e-02;0
-2,74128132249589e-01;0
1,80872867517152e-02;0
-2,81996176859781e-01;0
-4,02500326035968e-02;0
4,13933169622471e-02;0
-5,13673920789576e-02;0
-6,19720688763545e-01;1
-5,22270553743821e-01;1
8,47196518634983e-02;0
NA;NA
3,46932185046162e-02;0
-2,98940476061637e-02;0
6,25304807939961e-02;0
4,81030953170425e-02;0
-1,14172341049768e-01;0
-4,04266781749877e-02;0
-5,73392568015675e-02;0
3,62379087062214e-02;0
1,11721107853183e-01;0
2,88486422210415e-02;0
-3,13867333700784e-01;0
-3,39433624281246e-02;0
NA;NA
NA;NA
-1,07087429009437e-01;0
-4,83170032209734e-02;0
3,49488611117541e-02;0
7,68119701659212e-02;0
-1,56922245595337e-01;0
-1,23576930556851e-03;0
-1,57803983206451e-01;0
1,20210910994902e-02;0
-2,79080228626203e-02;0
1,28152463955964e-01;0
-6,13207596067006e-02;0
-6,91654280199621e-01;1
-1,02940496825761e-01;0
2,92248484841398e-02;0
8,62555025998163e-02;0
NA;NA
-5,75215276943292e-02;0
NA;NA
NA;NA
-1,31057551965009e-01;0
1,17921032657541e-01;0
-7,08857666520937e-02;0
-1,53688455597695e-02;0
-2,47448258409914e-02;0
1,59756137775369e-02;0
-3,39482769820552e-02;0
-1,75826377509522e-02;0
NA;NA
-1,57401242086259e-01;0
1,86389666187846e-01;0
2,50913527042132e-02;0
7,13799576611367e-03;0
-5,15297741116448e-02;0
-1,45536163615387e-01;0
-6,62013919621523e-02;0
3,92252134771649e-02;0
NA;NA
NA;NA
NA;NA
NA;NA
NA;NA
1,29957342674275e-01;0
1,22649210323027e-01;0
-8,98384965453451e-02;0
-6,41430089055167e-01;1
4,02265735015106e-02;0
-2,97432035646580e-02;0
-2,11174847519703e-01;0
-1,08198044822453e-01;0
-5,76200470600311e-02;0
-3,27466790519661e-01;0
-2,17615835807029e-01;0
-6,34398998398791e-01;1
1,75013926828222e-02;0
-7,27239669977555e-03;0
-6,02716741228767e-01;1
-9,08282475804050e-02;0
-7,99344020942705e-03;0
3,97674080959964e-02;0
5,55508913325926e-03;0
5,45424868026031e-02;0
4,84720035946761e-02;0
9,91253399558125e-02;0
-1,49585586874786e-02;0
-1,18927909645356e-01;0
-9,39098905445815e-01;1
7,59958863895313e-02;0
1,61236891646862e-02;0
-1,98858910856666e-01;0
-4,65454260846359e-02;0
-9,06952657470737e-01;1
3,01009840929271e-02;0
6,54397075781692e-02;0
-2,25521863414707e-02;0
-5,20934170209053e-02;0
5,17328935836813e-02;0
1,67682566745593e-02;0
-4,20365373000944e-02;0
1,21843166490150e-01;0
-1,16473476970947e-01;0
4,48358785648807e-02;0
-5,56117021482909e-03;0
-8,28629488347776e-02;0
-2,19159279995413e-01;0
-1,06702628325307e-01;0
-6,24560348542662e-02;0
NA;NA
-9,98988182465824e-02;0
8,43078762445489e-02;0
5,88617381714727e-02;0
-2,05921278824743e-03;0
1,57045248804713e-02;0
9,35485587246433e-02;0
-4,98191801190143e-02;0
-1,27207826216751e-01;0
-6,36353565234206e-01;1
-8,47523282474080e-02;0
9,90030936290358e-02;0
-1,42433932863582e+00;1
-3,16452006674469e-03;0
-5,58730422349278e-01;1
-4,38104262937472e-01;0
8,18490435262977e-02;0
-1,57590324596807e-01;0
1,19901834875391e-01;0
-1,85217315640759e-01;0
-6,69406386302218e-02;0
-1,32883666229301e-01;0
1,52057247445250e-02;0
4,03062372176263e-03;0
-4,72806246773533e-02;0
3,96469798904341e-03;0
5,00032542923387e-02;0
-1,34329840913181e-01;0
-3,62092671469973e-02;0
-1,44159418613121e-01;0
-1,65590619163217e-01;0
-1,59478644448965e-02;0
1,31248190735623e-01;0
-5,65425291456951e-02;0
-6,85123324869936e-01;1
1,28940494425360e-01;0
-4,61068267277301e-02;0
-9,93832511663055e-01;1
-1,55232531212575e+00;1
-1,54955541965115e+00;1
-1,13882791962352e+00;1
-4,37171339269154e-01;0
-1,16908569673377e+00;1
-1,33340275534433e-01;0
-9,81118907599005e-04;0
-8,90605099362711e-02;0
-2,21243103961155e-01;0
5,05359088482391e-02;0
-1,70386724231644e-01;0
6,93408704328848e-02;0
2,87656965429495e-02;0
1,54847223837901e-01;0
NA;NA
-8,13115799796609e-02;0
-2,31186162109624e-01;0
-6,76938205475911e-02;0
1,20925320083065e-01;0
2,35693672809887e-02;0
4,23317885262639e-02;0
7,67396043917796e-02;0
-4,50941862148187e-02;0
-9,78842693238439e-02;0
1,31365504265998e-01;0
-1,86170250634562e-02;0
-5,48795138121910e-02;0
-1,59989435288226e+00;1
-1,52494025264570e-01;0
9,74956571923828e-02;0
-3,28441614148798e-02;0
7,58571685489911e-02;0
NA;NA
-2,65616348989043e-02;0
-1,86768440704940e-01;0
-9,59108917978038e-02;0
-8,65378088043833e-02;0
1,87118633944221e-02;0
-2,52471258893699e-02;0
-8,33463665174032e-02;0
1,00798420595682e-01;0
-1,54458223900322e+00;1
-1,51709617612909e+00;1
9,73247603601534e-03;0
-8,63490012036488e-01;1
-2,55334543568057e-01;0
-8,79728435495730e-04;0
9,26690308499443e-02;0
-4,79789478029450e-01;0
NA;NA
-5,43838459321579e-01;1
-8,16477050117731e-01;1
NA;NA
-4,15856902000233e-01;0
NA;NA
-5,53398483603925e-01;1
-2,56484512496335e-01;0
1,87549625097733e-02;0
-1,31484266015264e-02;0
8,56554083754962e-03;0
1,53822010691124e-01;0
9,08893464712582e-02;0
-8,84077447328032e-02;0
-1,47233549185526e+00;1
-2,17230519334662e-01;0
-7,43275624372186e-01;1
-4,31564104825338e-01;0
7,42224054240313e-02;0
-1,44925975347706e-01;0
-6,83517240712134e-02;0
-1,56396083675336e-02;0
-7,01107989555473e-02;0
-1,16530171294163e-01;0
-7,73479600668120e-02;0
-1,39536707151990e-01;0
-4,11551290362200e-01;0
-7,24425157032529e-02;0
5,56245674084038e-02;0
-3,84869668244234e-01;0
2,99021005914013e-02;0
2,69305208032386e-02;0
-1,27860909526008e-01;0
-1,39943820963906e-01;0
9,15323311326522e-03;0
3,68911867145193e-03;0
-3,15247857466925e-02;0
1,56324476487531e-02;0
-7,98718523780989e-02;0
5,52253689775380e-02;0
-1,27489845426202e-01;0
-1,13817815007587e-02;0
NA;NA
-1,42521807295048e-01;0
-5,50670017746317e-01;1
7,93449333519020e-02;0
-4,82368054444295e-03;0
-5,80322653868205e-01;1
-5,30430988362409e-02;0
3,29182887122470e-04;0
1,35146151902109e-01;0
1,46881198914420e-01;0
2,51100033430392e-02;0
1,64761616398058e-01;0
9,31732794111198e-02;0
2,34871243138122e-02;0
5,04730168853790e-02;0
8,13202314020760e-02;0
1,62536897903343e-01;0
-9,73638229973633e-02;0
6,30650601851133e-02;0
-5,84434126650008e-02;0
-8,32236946865920e-02;0
-2,25160698830578e-01;0
-2,43165442917576e-01;0
-1,63803845197111e-01;0
-1,94640788135704e-02;0
-7,78091201001056e-02;0
5,47564799938392e-02;0
6,49611629957044e-02;0
-1,06507776966336e-01;0
6,03873130217436e-02;0
-1,95099048418151e-02;0
-1,62793883381211e-01;0
-2,13542629136420e-01;0
4,42478385401000e-02;0
-8,55701549416632e-02;0
-1,53571339231323e-01;0
-4,18914491398268e-02;0
-1,58109375008010e-01;0
-8,98461820175690e-01;1
NA;NA
-4,27410680121045e-02;0
-8,66011042830116e-02;0
2,06910822107937e-02;0
-3,23649750253740e-03;0
-4,55846325817088e-02;0
4,35886085363188e-02;0
-3,95709527975424e-02;0
-2,93245918911700e-02;0
-8,20069724606636e-02;0
1,94419637021267e-02;0
-3,01810677750757e-02;0
-3,41239051886606e-03;0
-9,15195305217567e-03;0
7,95025725810248e-03;0
NA;NA
1,20429315721227e-01;0
-1,09175880171472e-01;0
-1,05658538099689e-01;0
-6,25695058709743e-02;0
-1,77293829241674e-01;0
-8,63433985628907e-02;0
-4,56795032204179e-01;0
-6,68823167485046e-01;1
-4,13806079272828e-02;0
3,41265380280248e-02;0
-2,03206520944292e-01;0
-4,41852214420191e-02;0
-1,01292262362666e-01;0
-9,83739110954538e-03;0
-1,30714097038394e-01;0
4,59495593689428e-02;0
1,13548922777478e-02;0
8,65971402393776e-02;0
-1,02194607777097e-01;0
-9,94754074809038e-02;0
-1,87642759659228e-01;0
-1,04613565377662e-01;0
2,52185243547494e-02;0
3,58043788401181e-02;0
-9,74191828601274e-03;0
4,73408621359036e-02;0
-3,52807830769347e-02;0
-1,78262797529741e-01;0
NA;NA
-5,63931869906349e-02;0
-2,83125410570415e-02;0
-4,85446771761261e-02;0
-1,13453093089323e-01;0
NA;NA
-2,04025410630896e-02;0
-3,21460433951759e-02;0
-7,50840266386796e-02;0
7,25981240961462e-02;0
4,22058902954670e-02;0
1,60717355345374e-02;0
-2,97942098260390e-02;0
-2,50923762533022e-01;0
6,20977542312061e-02;0
-1,99104611559447e-02;0
-3,51311516245094e-02;0
-2,54120997988426e-02;0
8,74277386573556e-02;0
-2,72687291825323e-02;0
-2,69872427661472e-02;0
NA;NA
2,10861934404971e-02;0
-3,72922518376233e-02;0
-6,61813420466669e-02;0
2,25223489726027e-02;0
-3,15008963265992e-02;0
1,99816034803350e-02;0
2,20685865213011e-02;0
-8,61461307443774e-02;0
-1,20458806554771e-01;0
1,54252493845956e-01;0
1,18326899635940e-01;0
-1,06956723893485e-01;0
1,23867231414669e-01;0
-1,22167745034545e-01;0
8,98000006780487e-02;0
-2,59870885093913e-02;0
7,64269867696015e-02;0
-5,81185475288070e-02;0
-2,95112042856101e-02;0
-8,29217315544611e-02;0
1,99199113944879e-02;0
5,43838022233116e-02;0
2,43162511427040e-02;0
-4,73714485538721e-02;0
-1,38393789694881e-01;0
-5,32369601566386e-02;0
-2,26192911275782e-02;0
8,31861204115220e-04;0
-1,89821617883415e-01;0
-3,45553348364063e-01;0
-6,27617420209511e-02;0
1,33670894439991e-01;0
-2,98336936955520e-02;0
2,16649603925471e-02;0
3,20285100605754e-02;0
-7,78013466388107e-03;0
7,03675441969180e-02;0
-1,09586902029246e-01;0
1,67581566336633e-02;0
1,44158307932313e-02;0
-2,62598488233311e-02;0
-5,89398546100924e-02;0
-7,47499981214629e-02;0
4,40487824775033e-02;0
9,04446865202674e-03;0
-5,02157754639665e-02;0
3,67072639182279e-02;0
4,96944534197412e-03;0
5,90103658599551e-02;0
-4,69603031073076e-01;0
-2,94000908543767e-02;0
2,25082989575527e-02;0
-5,09426633914077e-02;0
-5,23557834809666e-02;0
-1,93394565333455e-01;0
-5,02744800214934e-02;0
-4,42068309792229e-02;0
-3,12162041207954e-02;0
-5,83956939778985e-02;0
7,49382768870821e-02;0
-2,28260785610836e-02;0
-3,24525565060355e-02;0
5,39725033013943e-02;0
-5,99504749095212e-02;0
1,15750653347796e-01;0
-1,87021181355801e-01;0
1,19767003174472e-01;0
1,81694460661173e-01;0
-7,70333557561858e-02;0
-1,13376673241939e-01;0
9,09085043024131e-02;0
-1,70691057320557e-01;0
-3,25641467070433e-02;0
-2,65359824206325e-02;0
3,22869429445196e-02;0
1,50378985455182e-02;0
-5,61799624673267e-02;0
-2,69571628416157e-02;0
-9,73473830718196e-02;0
-4,94013254748806e-02;0
5,27035808256213e-02;0
6,57162997082470e-04;0
4,26120286740532e-02;0
8,52927309096136e-02;0
5,09080106567416e-02;0
-9,07724399566840e-02;0
1,20999342145410e-01;0
NA;NA
2,47207093534515e-03;0
-9,74313503395693e-02;0
-3,12617674170776e-01;0
8,38565625747069e-02;0
1,08065191808145e-01;0
7,72801856214801e-02;0
1,62317670637676e-02;0
-1,53600041047935e-01;0
1,75465311629435e-01;0
9,09738706969651e-02;0
-3,32165599842418e-02;0
-3,46351762260232e-02;0
-2,27254386506258e-01;0
1,46364249019277e-01;0
-2,95322893897320e-01;0
-1,98976530402139e-02;0
1,28692691915667e-01;0
1,37662015263293e-02;0
-4,22594627522900e-02;0
-5,73728993070302e-02;0
-4,39295389626164e-02;0
1,20579370441187e-01;0
6,89607558978237e-02;0
2,51338442194469e-02;0
8,50199768589720e-02;0
-7,44871003648906e-02;0
3,83614044352040e-02;0
-7,35477712710571e-03;0
-7,74737727712646e-02;0
-8,71167691190009e-01;1
-1,79656681320463e-02;0
4,10898970107657e-03;0
-2,10405420465984e-02;0
2,86457100165305e-02;0
8,62760858046888e-03;0
NA;NA
4,90783567058826e-02;0
1,31713739359247e-01;0
1,31558773680862e-01;0
NA;NA
-1,67052575867102e-01;0
NA;NA
NA;NA
-6,96722557417301e-02;0
NA;NA
NA;NA
-5,95852341156365e-02;0
-1,73836797538623e-01;0
2,39251628979263e-02;0
9,60049231449398e-02;0
1,47608483159097e-02;0
1,00380965145614e-01;0
1,39553495470254e-02;0
8,41877940509133e-02;0
-1,33488485166895e-01;0
-2,85105714607640e-02;0
6,28573172513664e-02;0
-1,18746387067645e-01;0
1,34153973878137e-02;0
-1,17802159541223e-02;0
-2,83306200218611e-01;0
1,86740839959884e-03;0
6,78378385856465e-02;0
-1,89562878285767e-01;0
1,38341875829316e-01;0
3,23266325868389e-02;0
1,30560884755787e-02;0
-4,81668474800881e-02;0
-2,31108687737788e-01;0
3,76107115084652e-02;0
-6,64875436651737e-02;0
4,12148721224282e-03;0
-1,50390733804826e-01;0
-7,95186195649036e-02;0
1,90716491820648e-02;0
-7,10371521383556e-02;0
1,08947817951380e-01;0
-1,12004528915007e-01;0
-4,43148273432818e-02;0
-7,26020476710284e-02;0
-3,08147951770229e-02;0
1,87138967391541e-02;0
-1,35107022150536e-01;0
7,74232701723354e-02;0
1,62437410208859e-02;0
4,08468725911133e-02;0
-1,79315620122707e-01;0
-9,16679070354636e-02;0
6,74619936348692e-02;0
-1,25704133916772e-02;0
1,08066793313616e-01;0
3,90138678045444e-02;0
-4,74945097365368e-02;0
NA;NA
-6,14480442337369e-02;0
-2,41292228583606e-01;0
7,93276158823247e-03;0
-1,02695059951326e-02;0
-1,04106808988579e-01;0
-3,30186446210328e-02;0
1,33088467654273e-02;0
-8,88943082522557e-02;0
4,49801087858547e-02;0
1,37957267410549e-03;0
-9,87900178743898e-03;0
-1,32846433132554e-01;0
1,58073383006475e-02;0
-7,20432816978062e-03;0
-2,41179601806113e-01;0
-1,92888195215475e-03;0
-7,59454195281976e-02;0
-3,47544621148429e-02;0
2,62737190846541e-02;0
-1,26902965441152e-01;0
-3,73566466550012e-02;0
-6,84680425981818e-02;0
1,72677453894181e-01;0
1,63918120735613e-03;0
-8,68774179992272e-02;0
-2,99242530648771e-02;0
-1,65287421362421e-01;0
-3,87310175399307e-02;0
-6,23335515003878e-02;0
-2,84157828931017e-02;0
5,68983551871499e-02;0
1,41083261821875e-02;0
-6,81747335313117e-02;0
1,13867611730109e-01;0
-6,20430262294102e-02;0
-2,83856410752499e-02;0
1,23127637485712e-01;0
5,28824024707449e-03;0
1,75952640949352e-02;0
7,25197719442583e-02;0
4,94484171814893e-02;0
-2,36106529504839e-02;0
2,60473825278106e-02;0
-3,43103894059620e-02;0
NA;NA
NA;NA
NA;NA
NA;NA
-2,40969580848929e-01;0
-1,21126579401733e-01;0
5,59363662447458e-02;0
1,39264564035048e-02;0
-1,37785003140394e-02;0
5,29390045836332e-02;0
8,28574828309431e-02;0
-1,07714971172805e-01;0
-2,33915909036458e-01;0
-4,12464507463539e-01;0
1,42688225854569e-01;0
1,04988296547207e-01;0
-7,95516032353708e-03;0
-7,22812589911400e-02;0
-6,95105642148111e-03;0
5,98485800971237e-02;0
6,97316444005971e-02;0
7,81453533978940e-04;0
1,53094376062914e-02;0
-4,15633466529037e-02;0
-2,00898229511884e-01;0
-3,92960971368265e-02;0
4,60788611313549e-02;0
1,64542272833159e-01;0
4,17590845041643e-02;0
3,09519230770735e-02;0
5,60539928345328e-02;0
1,22461671850450e-01;0
-1,70013715570372e-01;0
-4,30127253448213e-02;0
4,40241315346976e-02;0
6,62350758682680e-03;0
-4,86795910740742e-02;0
-4,82236991159577e-03;0
7,69069961161531e-02;0
1,30143644122767e-01;0
-4,15485591402554e-02;0
1,22684034411117e-01;0
6,36008393250335e-02;0
-1,74227621339738e-02;0
7,23252966033048e-02;0
-2,38975857789586e-01;0
-4,40113553855956e-02;0
4,25698378295507e-02;0
7,81077536493658e-02;0
-4,18913288046236e-02;0
-2,81929912039765e-02;0
-1,77151623898633e-02;0
-2,93481699010757e-02;0
2,64136586016437e-02;0
1,55902296902334e-01;0
1,57704349451909e-02;0
3,73755213412063e-02;0
-8,09711234120294e-03;0
8,43891938698883e-03;0
-8,14121174359930e-03;0
1,34881669413106e-01;0
-4,49899554175866e-02;0
9,01562646791473e-03;0
5,54497052730402e-02;0
-1,45029946021584e-02;0
-3,94975551736102e-02;0
3,04882020336178e-02;0
9,19917825472326e-02;0
-6,68195038779858e-02;0
-3,95593756374591e-02;0
-4,92794375701945e-02;0
-5,51501577383982e-02;0
7,51617014189443e-02;0
-7,55222039728361e-02;0
2,86719832862503e-03;0
4,29753662371229e-03;0
-3,74431610891193e-01;0
1,35050499412708e-01;0
-3,17541207167899e-03;0
-5,10018887153234e-02;0
-3,46042844411338e-01;0
-5,81401081639763e-02;0
-1,33581577421029e+00;1
1,53978890479311e-01;0
-7,10153175354904e-02;0
-6,25331418532804e-02;0
-6,52388314531451e-02;0
-6,45807381301489e-02;0
6,31860611776228e-02;0
-2,41412049715531e-01;0
-2,36830241481446e-01;0
6,99165941187682e-02;0
-1,78577428706905e-01;0
-9,95273471029255e-02;0
1,43383075954767e-01;0
-5,94150879726323e-01;1
5,55880584160192e-02;0
1,56548988638586e-02;0
8,48005895400198e-02;0
-6,04534069552036e-02;0
-4,38204601595149e-02;0
1,22519657140718e-01;0
-8,07030650491389e-01;1
-1,06999445693393e-01;0
-1,23538344085671e+00;1
1,12052216792730e-01;0
-1,56241996447549e+00;1
-7,30248042876226e-02;0
-7,30901983803816e-02;0
-1,53312061593842e-01;0
-9,66376080672076e-02;0
-2,71791139104268e-01;0
-1,81784341091153e+00;1
-8,48554609957915e-01;1
-9,97910554332651e-02;0
-2,51937735878688e+00;1
-4,44733950595299e-03;0
-1,19296919852326e+00;1
-1,59036208987650e-01;0
-4,69713858453345e-02;0
2,81012128118496e-02;0
-1,13161131708090e+00;1
4,29093063192246e-02;0
-3,98446180380143e-02;0
-5,45185148197506e-02;0
-1,58481389627414e-01;0
-4,00121585084040e-02;0
-3,66477253297869e-01;0
-5,95276065404136e-02;0
-7,02628618954983e-02;0
-2,36767634525041e-02;0
1,18165752638929e-02;0
1,42745882714938e-02;0
-3,83909786384219e-01;0
2,00822285858782e-01;0
4,28840156356783e-02;0
-8,46192695768916e-02;0
-7,58017773032940e-02;0
-5,16520777859381e-02;0
-1,08589809662657e-01;0
-2,27115321427870e-01;0
1,54507383949483e-02;0
1,17987485221707e-02;0
-7,41706523204740e-01;1
1,77402576865930e-02;0
8,15788483941796e-03;0
-6,41840820011988e-02;0
5,15326727557061e-02;0
-1,01125099604354e-01;0
3,28863247234663e-02;0
-6,01199316740293e-02;0
1,09339679984218e-01;0
-7,14545742528299e-03;0
-9,23278860776816e-02;0
1,75427182954689e-03;0
-1,51845917326381e-01;0
1,75452232054489e-02;0
-5,04997392118298e-02;0
-1,95419980619538e-01;0
-9,74523041197347e-01;1
-8,75073455935383e-02;0
-6,88166985304230e-02;0
-2,42883880286348e-01;0
-9,92954582829052e-02;0
-2,88946099080292e-01;0
-4,37037852359194e-02;0
8,93206887165961e-03;0
6,91712620654057e-02;0
-5,44098005852427e-02;0
-3,87273935001624e-02;0
8,11112863547333e-02;0
-3,53937633941443e-02;0
-1,02504874446232e+00;1
-8,01762686045973e-02;0
3,19461763062625e-02;0
-7,41227972317332e-02;0
-4,56833288429059e-01;0
1,81117787367596e-02;0
8,51065796698412e-02;0
-1,23985247626642e-01;0
9,00189750098072e-02;0
1,00032500080677e-02;0
-6,72517782806146e-02;0
2,40408094654602e-02;0
-1,03218873650549e+00;1
-1,68811287010695e-01;0
-1,32582532904396e+00;1
-4,68015811788401e-02;0
-5,51256417887509e-01;1
-3,70852939151186e-02;0
2,54752244791408e-02;0
-8,83951532110877e-02;0
-9,30978100292645e-04;0
9,08268466639697e-02;0
-2,99251696400302e-01;0
-2,07177316281196e-02;0
5,34175362374287e-02;0
4,74185193415380e-02;0
3,70506175349381e-03;0
-1,71276125893483e-01;0
4,90235525032902e-02;0
-7,56405628360387e-02;0
-1,50029562240941e-01;0
5,15160346114017e-02;0
-7,80314989269236e-01;1
-9,18513940780055e-02;0
2,59047156132447e-02;0
6,68426325672777e-02;0
-5,51172106376634e-02;0
-3,60735170423115e-02;0
-6,53193322879891e-02;0
-2,17312606813405e-03;0
-1,25393654955404e+00;1
2,44279691442474e-02;0
-9,24636687526914e-01;1
1,49496256366406e-02;0
-1,57520454982929e-01;0
-9,02331176445759e-02;0
NA;NA
-2,16609032495402e-01;0
-1,66768125931312e+00;1
1,08371418840180e-01;0
-9,94712560678578e-01;1
-7,94423929372535e-01;1
-1,96204690530927e-01;0
-9,72897051952292e-02;0
-1,39120165352682e+00;1
-1,24147928305827e-01;0
6,40935218489689e-02;0
1,59096773737442e-01;0
4,70721562440215e-02;0
1,08669348261114e-01;0
NA;NA
-4,89114485474003e-03;0
2,21157952337619e-02;0
-2,72475387060183e-02;0
-1,64442189038553e-01;0
5,39926954034341e-02;0
-8,76217832755458e-02;0
-8,18120003399975e-02;0
8,44274281639125e-03;0
9,97633792917683e-02;0
-2,93389249680686e-02;0
2,33288270124059e-01;0
-1,38364577366770e+00;1
-2,68241210714709e-02;0
-1,24360703026207e-02;0
8,59585394872854e-02;0
NA;NA
-8,60812555069364e-02;0
-2,09714139481959e-02;0
2,68220424393197e-02;0
-1,02000016016693e-01;0
1,68162074398099e-02;0
-2,17967548226077e-02;0
-1,55335577424028e-01;0
8,50641635925550e-02;0
1,61067077614936e-02;0
4,50979906412303e-02;0
-3,17084558708216e-02;0
6,16240333562005e-02;0
-5,15819180645807e-02;0
1,93538944369466e-02;0
3,61839888126059e-02;0
-2,31155147743318e-01;0
3,77204312436077e-02;0
9,07688059535721e-02;0
6,70418236547740e-02;0
2,33083222283507e-02;0
-7,94014887824015e-02;0
1,31830188218619e-01;0
1,16326970815302e-01;0
2,55166309929410e-02;0
-3,69581323045936e-01;0
2,07581467105980e-02;0
3,37294563881369e-02;0
1,01832569679086e-02;0
-4,63444118719412e-02;0
-3,91309094175492e-02;0
7,14028062180634e-02;0
NA;NA
8,15059123250497e-02;0
-1,73703846038724e-01;0
-2,50398445343638e-01;0
-5,89871494179641e-02;0
NA;NA
NA;NA
NA;NA
5,02858292524500e-02;0
-1,04061332945374e-01;0
-3,78466105256810e-03;0
-1,94064213685837e-01;0
1,47099511498482e-02;0
-1,44612566882381e-02;0
9,23438141373223e-02;0
1,07001693936605e-01;0
7,14239975870230e-02;0
1,05078606877661e-01;0
-3,26987830479681e-01;0
8,38240540879494e-03;0
8,39776566552810e-02;0
NA;NA
-1,22538151051744e-01;0
NA;NA
-7,95577351558231e-03;0
1,08311277854537e-01;0
4,14786410603110e-02;0
8,64844153579444e-02;0
-3,56754910823689e-02;0
-1,33737038859589e-01;0
6,59698710804541e-03;0
-1,85553244609322e-02;0
-2,37313294000894e-01;0
1,01118980552435e-01;0
1,11589927538927e-01;0
-7,19121457296627e-02;0
-4,87873782130643e-02;0
-6,76140402395163e-02;0
-3,26839666059228e-02;0
-2,06253022481640e-01;0
-3,24196175260583e-01;0
-1,23406886798350e-01;0
-2,07081665775708e-01;0
1,43338278707840e-01;0
-2,16471680406541e-01;0
-2,51602340739367e-01;0
3,84807927233309e-02;0
-1,72674264896583e-01;0
-3,38965103239670e-02;0
1,16170915873258e-02;0
-3,78356724622718e-01;0
-2,76978070058762e-02;0
-2,09627820457749e+00;1
-9,45527668954247e-02;0
8,06161955132912e-02;0
-1,17311721746595e-01;0
-6,46320603644705e-02;0
7,23699363156869e-02;0
5,94597732962157e-02;0
-7,32170776429917e-01;1
-4,13042771709854e-01;0
-2,84689470943506e-01;0
-1,41849740075727e-01;0
1,25238776332677e-01;0
-7,09182291783081e-02;0
-3,11551584065938e-01;0
-2,50660647764506e-01;0
-1,55193053481605e+00;1
1,38626873729107e-01;0
-2,35932541971732e-01;0
-1,06987317220626e-02;0
-4,13287059671427e-02;0
5,50621915001004e-02;0
3,73006123752662e-02;0
5,09629134888866e-02;0
3,18970632454929e-02;0
NA;NA
-2,63381518275730e-04;0
-7,43289051388031e-02;0
-3,80313096520627e-02;0
-5,24984066563906e-02;0
1,09559760452594e-01;0
-6,74383979327498e-02;0
-6,55936788945891e-02;0
-2,66175324668906e-02;0
-6,54049222710426e-01;1
-5,44956836790878e-02;0
1,39886525415958e-01;0
5,37932095680221e-03;0
-3,48703242940181e-02;0
-1,45085177753574e-01;0
6,53502628420513e-02;0
-1,02325500941868e-01;0
4,91368791460209e-02;0
6,67401371498595e-04;0
-1,48860698586117e+00;1
8,78176346776830e-02;0
-2,77912189530699e-01;0
-2,25303140642425e-01;0
6,39281563389565e-02;0
1,90493611070181e-02;0
-6,31487569014509e-02;0
1,60884605888645e-02;0
-4,17297145634306e-01;0
NA;NA
-6,04621864088053e-02;0
2,77543869089116e-02;0
-6,47925932577705e-01;1
-5,44975412146491e-01;1
-9,83980694114645e-01;1
-4,08860393511507e-01;0
-1,10258242148408e+00;1
-1,69684514588797e-01;0
NA;NA
6,83093583114865e-03;0
-1,87539327228688e-01;0
1,24629841496338e-01;0
1,24781553055814e-01;0
5,09384930795237e-02;0
4,57561591655357e-02;0
-3,06225218325841e-03;0
-1,59805360293094e-02;0
4,28038645494832e-02;0
1,32998286439237e-02;0
-5,58388428175319e-02;0
-3,86974050552296e-02;0
-7,57603024688088e-02;0
-1,01921064242905e-01;0
NA;NA
-1,10175958291634e-01;0
9,84222564592204e-02;0
7,70320752423168e-02;0
-5,71302982555025e-02;0
1,57262442871052e-02;0
-2,38986451771465e-02;0
-1,71694045206213e-04;0
-1,66798069533442e-02;0
1,17618522987275e-01;0
2,40413223556979e-02;0
1,06077321930169e-01;0
-2,29413730820824e-01;0
2,33886805279543e-02;0
-6,93097209514414e-02;0
-4,37385202529869e-02;0
-5,41348127065831e-03;0
9,55450767360460e-02;0
7,34144875545997e-02;0
1,07568759773546e-02;0
1,27048185081005e-03;0
4,83778259503060e-02;0
5,19391627688809e-02;0
1,63298636033319e-02;0
-1,12514481681667e-01;0
-3,98186388644579e-03;0
3,56113411265810e-02;0
1,20155642418881e-01;0
-4,36411676511674e-01;0
-4,79940664865790e-04;0
-1,45470737317093e+00;1
-1,69348213290739e+00;1
-3,90080888386297e-02;0
9,80879605953844e-02;0
-5,39440940526716e-02;0
-5,50474481584732e-02;0
-2,59475210073766e-01;0
-2,03254926400334e-01;0
-1,92556886905653e-01;0
4,14492081839095e-02;0
-1,08475997083143e-01;0
6,12517440462948e-02;0
NA;NA
-1,18944153958680e-01;0
2,35841746366715e-04;0
-1,00189035356382e+00;1
5,98276391400849e-02;0
-7,37327393360461e-02;0
-1,86638259464494e-01;0
7,11855799893280e-02;0
2,27309527992224e-02;0
-1,00953318384984e-01;0
1,29955977750368e-01;0
1,44295558926131e-02;0
-1,31106564842060e-01;0
1,50312976210454e-01;0
1,04826817621064e-01;0
-1,50763023831327e-01;0
-1,64794088393603e+00;1
-3,88697578268988e-02;0
1,28671346213683e-01;0
8,42376537890012e-02;0
-1,57630193603010e-02;0
5,47755808167913e-02;0
-8,00815398104935e-02;0
9,19851173308889e-02;0
-5,52533300176283e-02;0
-5,80402015129415e-02;0
-9,70925048152024e-02;0
1,05890299411043e-01;0
NA;NA
-6,84163648762214e-01;1
-1,42460328965660e-01;0
NA;NA
-1,63676217763450e-01;0
1,14693175780390e-02;0
6,45661062337463e-02;0
6,14852688816370e-02;0
3,00929312159329e-02;0
-1,50581026933852e-01;0
-4,18656844177223e-01;0
-6,67334685809667e-01;1
-9,56694942312181e-01;1
-8,40957323672616e-01;1
-8,17275276985505e-01;1
-8,57454604702393e-02;0
2,00043266421723e-02;0
7,46797857603982e-02;0
-2,57638005556029e-01;0
2,51356304811771e-02;0
2,70915594942314e-02;0
NA;NA
-5,93786122163491e-03;0
-1,05720893551390e-01;0
-7,66171398838729e-02;0
-2,93470062266345e-02;0
NA;NA
9,69712825311061e-02;0
-5,57255436038193e-02;0
5,69115794547287e-02;0
-2,44000184305918e-02;0
1,19281061452076e-01;0
1,83563484053753e-02;0
-9,38422987778942e-02;0
2,54668357512243e-03;0
-7,23286635010263e-02;0
NA;NA
-1,04268115849210e+00;1
NA;NA
-1,75053789757402e-01;0
NA;NA
NA;NA
-2,12819819487909e-01;0
NA;NA
-5,75199610190673e-02;0
1,09596385867949e-01;0
-2,00533862299617e+00;1
-2,48727920233242e-02;0
-2,45956882047299e-02;0
NA;NA
-4,23323419212920e-02;0
-1,87424023675288e-01;0
-3,31032673068574e-01;0
9,26261947501607e-02;0
NA;NA
-4,48655726411968e-01;0
-5,05790144296501e-01;1
-1,44503048046811e+00;1
-2,60839945740591e-01;0
-1,63747881999111e+00;1
-1,14719143759304e+00;1
-1,17284018476245e+00;1
-1,04627652600028e+00;1
-8,19657950351559e-01;1
-3,16257086672029e-01;0
-6,26848457077799e-02;0
-1,56035658118042e-01;0
-4,64473127804577e-02;0
9,97166883316056e-02;0
-3,40156501558146e-02;0
5,28494859682413e-02;0
-2,49918368467496e-01;0
9,43261022370855e-03;0
-1,77639691423820e+00;1
1,27793060938534e-02;0
-1,51398480531298e-02;0
-6,64792306640347e-02;0
NA;NA
-4,63684398492826e-01;0
-1,10214921843802e-01;0
1,25927376855095e-01;0
5,02867155090340e-02;0
-4,03696968204065e-01;0
1,52162101878245e-01;0
-1,00170046484512e-01;0
-4,99153141384809e-02;0
1,17233356179965e-01;0
-4,56191667649735e-02;0
-1,27064051978463e+00;1
-1,76617233204470e-01;0
-7,38225455906279e-02;0
-7,66796222317899e-02;0
-3,02806836508373e-02;0
1,18375796894411e-03;0
-1,67004364170533e-01;0
2,16572540035351e-01;0
1,62943912694144e-01;0
-2,82702468891246e-02;0
-2,33581412539027e-01;0
7,97562471215172e-02;0
-1,01678460566808e-01;0
-2,87567002986981e+00;1
-6,94823030587987e-01;1
-5,64541228823316e-01;1
-8,37689530027466e-02;0
NA;NA
4,28824570653342e-02;0
-2,72718490800219e-02;0
-4,94860937565744e-01;0
4,27792035527486e-02;0
-2,28159987906744e-01;0
-2,09501342154712e-02;0
-3,36192132649746e-03;0
-1,63017041623321e-02;0
-7,35567961484307e-02;0
NA;NA
-2,28912954677606e-02;0
-3,56738350322965e-02;0
-1,92541744833941e+00;1
-6,42020517330943e-02;0
-1,44717017526052e+00;1
-1,26854011474725e+00;1
-5,75680211393452e-02;0
-3,18642222609927e-01;0
4,68206130642940e-04;0
-2,31584954263355e+00;1
-1,18266092643135e+00;1
-7,46774057586999e-01;1
-5,70719726614019e-01;1
-1,40872563414556e+00;1
-3,42329470592610e-01;0
-1,19318415653975e-01;0
7,70248635853399e-02;0
5,72600143270353e-02;0
-1,38254052245552e-01;0
-1,10363395876954e-01;0
-7,13779787226184e-01;1
-2,61392388176845e-02;0
-8,59295940019254e-02;0
-2,57664026732393e-01;0
7,67020941487321e-02;0
4,95735685547078e-02;0
NA;NA
NA;NA
5,88523995700681e-02;0
-1,50623942964399e-01;0
5,05364582722296e-02;0
-5,44739877900039e-01;1
4,46588348768812e-02;0
1,01910086189662e-02;0
-8,10563312159529e-01;1
-1,35568420509584e-01;0
-3,07244566828969e-02;0
7,04352076280363e-02;0
-1,55941301887939e-01;0
3,40185941223241e-02;0
-4,51127763958279e-02;0
-2,52719642239652e-01;0
-4,28454598501737e-01;0
-1,75103648737725e+00;1
9,10130898412074e-03;0
-2,76542661890686e-01;0
-2,04106890324676e-01;0
-1,41824738559074e+00;1
NA;NA
3,86263133914171e-03;0
-1,56186193616088e+00;1
-1,17774059928024e+00;1
-3,13973856356934e-01;0
-2,52013971624799e-01;0
2,44741359399836e-02;0
-9,96907856986485e-04;0
-7,93705455300996e-02;0
-4,22531362601352e-01;0
-2,07561393445897e-01;0
2,47250964375916e-02;0
-3,65261083379657e-01;0
-1,48330779655598e-01;0
NA;NA
-3,85966992842373e-01;0
-8,84077761373594e-02;0
4,05526031378661e-02;0
-9,92888180554715e-03;0
-1,70511971466588e-01;0
9,05818548605128e-02;0
-3,01470566454527e-01;0
-1,51174874473420e-01;0
-3,65961156844892e-01;0
6,88219553604014e-02;0
2,64370041253986e-02;0
-1,78410325580218e-01;0
-2,60728078302270e+00;1
-2,78983648706593e-02;0
1,10981932384113e-01;0
-7,96827356279905e-02;0
-8,25473372340335e-02;0
-7,58896670272722e-03;0
-2,51177193810198e-02;0
-1,04112129878646e-01;0
2,35439755613737e-02;0
5,13966134336126e-02;0
-5,31225098452598e-01;1
6,73981684153814e-02;0
-2,60615960292650e-03;0
-1,68430614018848e-01;0
-6,05500495394180e-02;0
-1,16935761054797e+00;1
-5,49005339258161e-01;1
5,16531556333134e-02;0
7,10798137822403e-02;0
5,50187323628565e-02;0
-1,74189748467566e+00;1
NA;NA
-7,15728666798898e-02;0
-3,20855476633825e-02;0
-6,88982129397554e-03;0
1,31938957291785e-01;0
-3,49079347925713e-03;0
1,79079103905968e-02;0
-1,38098572599930e-01;0
-4,96377092037507e-02;0
NA;NA
-1,37049130528556e-02;0
-4,26463213951964e-02;0
-3,98856267858067e-01;0
-1,48991962812095e-01;0
-1,00485954741201e-01;0
-1,91809877657787e-02;0
-3,57991688311677e-02;0
-2,22597048722766e-01;0
-6,99643802584746e-02;0
6,35697264656454e-02;0
-3,25565006444315e-03;0
1,51587558344298e-02;0
-1,80978030636495e-02;0
3,25302513560560e-02;0
-2,55479110906053e-01;0
-1,42363879193450e+00;1
-3,88065358257510e-01;0
-5,78978907575278e-01;1
-1,88381001280145e-02;0
-1,55265053594729e-01;0
-1,05025382353367e-01;0
-1,39440863452679e-01;0
4,01560086959653e-03;0
-1,12696503393345e-01;0
-3,41934447255492e-01;0
5,78726821196811e-02;0
NA;NA
NA;NA
-1,17892327618108e-01;0
2,97088345857743e-02;0
NA;NA
-3,28895171034880e-02;0
NA;NA
3,97247124198618e-02;0
9,98243215752425e-02;0
-9,70709293638614e-02;0
NA;NA
NA;NA
-8,41833314482014e-02;0
1,25593304021836e-01;0
1,32788251417134e-02;0
7,18563921457795e-02;0
4,33174541911834e-02;0
8,52742072000073e-02;0
-4,54808410996889e-02;0
1,35725390087014e-02;0
8,45097789306609e-02;0
NA;NA
1,57314787049182e-02;0
-8,67178127301086e-02;0
3,69923146457718e-02;0
NA;NA
-4,24725525662801e-02;0
-1,08491564462449e-02;0
-4,73076815250170e-02;0
NA;NA
1,01496814158452e-01;0
NA;NA
-9,98518819537101e-02;0
4,83930809594104e-02;0
-4,24116712748622e-01;0
-2,16735370186402e-01;0
-4,46681031090875e-02;0
-8,04896061578249e-02;0
-9,53711471497069e-02;0
-3,60015076313828e-02;0
-1,29039327846365e-01;0
-3,58048414064809e-01;0
-1,31401594779726e-01;0
-4,43111687201682e-01;0
7,70649364806812e-02;0
-1,36046983208185e-01;0
3,83169805943771e-02;0
-8,23987352430284e-02;0
7,52860924760323e-02;0
-5,61132825865376e-02;0
-6,22110127951947e-02;0
3,76323138563160e-02;0
NA;NA
5,86598343102336e-02;0
-1,00436046147311e-01;0
-1,22597840480433e-01;0
3,64703654158934e-03;0
4,33628653441936e-02;0
-1,17539844718648e+00;1
-1,26194428471837e+00;1
-1,44813572673931e-01;0
-4,30124738002087e-02;0
-1,14474306328586e-01;0
7,46629943238442e-02;0
-1,01136020142134e-01;0
1,50130480178292e-02;0
-1,88601887399262e-02;0
1,24764443413705e-01;0
-6,44619182870835e-02;0
5,06842710384248e-02;0
-2,33585698051690e-01;0
-2,76796268971046e-01;0
-2,68772706922846e-01;0
-1,11840640983594e-01;0
3,00869318885413e-02;0
-3,70372363047250e-02;0
NA;NA
-2,31121668557624e-01;0
-4,76374147688839e-01;0
-4,97336915402124e-01;0
-6,07880075224087e-01;1
-7,69492372696605e-01;1
NA;NA
NA;NA
2,09458100326475e-02;0
-1,16042102563231e+00;1
-7,55818514443304e-01;1
-7,41016818284572e-02;0
-1,14342380664179e+00;1
-7,67212967928708e-01;1
-1,13183354896517e-01;0
-6,26035107110728e-01;1
-1,61955712583093e-01;0
-1,38960121331135e-01;0
-4,22328593648812e-01;0
-1,77695818438419e-01;0
-2,61268572784758e-01;0
5,39669416347614e-02;0
6,62407285366960e-02;0
-1,96268834193336e-01;0
6,27357500266929e-02;0
-9,32109613535740e-02;0
NA;NA
-2,32254241322230e-01;0
-4,91102558935183e-01;0
1,20345444214738e-01;0
-8,57181882457053e-02;0
-7,56148060616837e-03;0
-2,18574692611748e-02;0
-4,27233369755537e-02;0
-4,22925883700923e-02;0
NA;NA
NA;NA
NA;NA
-3,74694295611196e-01;0
-2,80435142552159e-01;0
5,64879271613672e-02;0
-1,98793714177235e-02;0
-1,52955194229847e-01;0
8,89658502981141e-02;0
-1,66778016716204e-01;0
3,63051160017586e-02;0
1,74798397727163e-01;0
4,58249201539813e-02;0
9,89093926715203e-02;0
1,81540926944060e-01;0
2,95565524706059e-03;0
-1,44318090039561e-01;0
4,75095384173881e-02;0
-2,24414225035447e-01;0
-1,80637380673731e-01;0
-1,14169922804046e-01;0
-1,27164828167425e-01;0
-1,11054438214273e+00;1
-6,16621635330299e-01;1
-7,44699537460952e-02;0
-1,19102038393104e+00;1
-1,11702204706306e-01;0
2,89543193690747e-03;0
2,19385816080211e-02;0
3,68115136246763e-03;0
-1,13352780591799e-01;0
7,26338011353397e-02;0
2,68091204961493e-02;0
-2,32656751338575e-02;0
3,32814087000073e-02;0
2,44876819457258e-02;0
-1,26273487870906e+00;1
-9,12214094462623e-02;0
-8,27577400305213e-03;0
-2,68703795084869e-02;0
-3,47949282580912e-02;0
-1,77738172399548e-01;0
1,66422879302410e-02;0
-7,47895192853869e-01;1
-7,69454196236993e-01;1
-6,35606351743534e-01;1
NA;NA
-1,13026720082887e+00;1
7,97044536136402e-02;0
-1,63266909318341e-02;0
-8,21127518222692e-01;1
-2,21947601939028e-01;0
1,97113248896124e-02;0
-1,79187679892329e+00;1
-8,59307504236366e-01;1
-1,37392993579865e+00;1
-8,76015212442773e-01;1
-7,24845970687319e-01;1
-7,49208633833372e-01;1
-2,03647226274474e+00;1
-6,93872939049729e-01;1
2,35832192869963e-02;0
9,81872330016318e-03;0
2,74215732018222e-02;0
-1,94408619480072e-02;0
NA;NA
-1,40332926688418e-01;0
-8,77199393568671e-02;0
-3,67681199457392e-01;0
-8,78686875542922e-01;1
-9,40738706553009e-02;0
4,42677266934390e-02;0
-5,19345342862977e-02;0
5,61488817009449e-02;0
-5,28143310295873e-02;0
2,45181549249401e-01;0
8,58864272312157e-02;0
-6,98086400950005e-02;0
-7,71526247622894e-02;0
-1,18131475028348e-01;0
-1,41930150114317e-01;0
1,59118723941621e-02;0
-1,62570821953107e+00;1
-5,46719607070669e-01;1
-1,49842979892205e-02;0
4,17932545062412e-02;0
-6,63627444257490e-04;0
-9,59596132200721e-02;0
-1,61352671732815e-01;0
-9,48718268096502e-03;0
-8,48360927372379e-02;0
-7,34911640005666e-02;0
-8,16887674454577e-03;0
5,65733287056430e-02;0
-8,49123279490054e-02;0
-6,28759500743621e-01;1
7,54242386724461e-03;0
-4,70243830275097e-02;0
2,97088869848102e-02;0
-2,42615280093575e-01;0
-3,01737941531961e-01;0
-2,76904042038519e+00;1
-2,60985438227878e-01;0
-1,58950625336277e-01;0
-7,04424904765285e-01;1
-1,48970849586271e-01;0
-1,24897729367448e-01;0
-4,48635914122119e-02;0
-3,96133743436338e-02;0
-8,08015332866072e-02;0
4,94879472112981e-02;0
8,49095310070884e-02;0
-3,44666445509999e-02;0
-3,04007701444959e-03;0
-2,35087431668727e-01;0
-4,52955592175274e-01;0
3,84325964929283e-03;0
1,38821245398665e-01;0
-3,98942266168172e-02;0
-5,47149034586581e-02;0
1,75911400874477e-01;0
-7,95750720020598e-01;1
-4,68860457438583e-02;0
-1,33079730296359e-02;0
7,48546585165195e-02;0
5,59919736380045e-02;0
-5,70524512131151e-02;0
3,35894910401905e-02;0
-1,26707882832622e-02;0
-1,11110794395544e+00;1
-2,05466062290175e-02;0
-9,06091940358456e-03;0
-2,20285112203320e-01;0
7,89214908106391e-02;0
-7,36230042982287e-01;1
-3,10441917950676e-01;0
-8,83214845822885e-01;1
-4,73721044838199e-02;0
-1,04012435228865e-01;0
-1,02635963742539e+00;1
1,26381259077853e-02;0
7,64638583684196e-02;0
-9,07305139554296e-02;0
6,93921812237108e-02;0
4,84671657351091e-02;0
-3,36534386917826e-01;0
-2,56745285459438e-02;0
4,16800437652071e-02;0
NA;NA
8,86627313016640e-03;0
6,63283494864021e-02;0
-3,29516908452626e-02;0
-7,35742716942650e-01;1
-3,46305758541199e-01;0
-8,92740663890690e-01;1
-2,60261861619702e+00;1
-2,42595243991978e-01;0
-1,90194265439204e-02;0
9,81861927297313e-03;0
-1,50624762256403e+00;1
-3,44218367631203e-01;0
-6,25618295567860e-01;1
2,17263928779005e-02;0
-5,89838868221012e-01;1
-2,21284317306750e-01;0
-1,99805005163072e-01;0
-4,53606360942379e-01;0
-1,21505953119217e-01;0
-2,89090994781787e-01;0
-5,41719847030402e-02;0
-2,51920276799041e-01;0
-7,12879762185173e-01;1
-3,77835627484511e-01;0
-3,34495795764432e-01;0
-1,08715149954937e-01;0
-1,24549872266256e-01;0
-7,22532097041177e-01;1
-3,42874581253205e-01;0
-2,28589701754314e-01;0
-4,59527456481129e-01;0
-5,09955710632479e-01;1
-1,25516119186633e-01;0
-1,33482122138832e-01;0
-3,97109614761552e-01;0
8,31014195110726e-02;0
7,28927021351780e-02;0
-8,69995438951539e-02;0
1,16351002721915e-01;0
-5,93309021651841e-02;0
-8,38354698150059e-02;0
NA;NA
1,24063321197903e-01;0
6,51739629874546e-02;0
-3,06513133760271e-02;0
1,09781991112112e-01;0
3,24205454513395e-02;0
9,12334113479928e-02;0
7,42954163074741e-02;0
-4,42141878613375e-02;0
-8,12241476431843e-02;0
-4,25412974064112e-03;0
-9,43667344732714e-02;0
8,95029113917790e-02;0
-4,52941896873475e-02;0
1,19875212528084e-02;0
-1,44844989819340e-01;0
-3,83996606572286e-02;0
-3,83031314234004e-01;0
-1,40441959375671e-01;0
-1,04881577285916e-01;0
-2,84246614102712e-02;0
-8,65769908754067e-02;0
-1,86409575871415e-02;0
1,88298738882656e-01;0
-1,40761417210932e-01;0
6,58205651917055e-02;0
-1,07626619847696e-01;0
-3,59150248587801e-03;0
5,74088748961493e-02;0
-8,54278505013775e-02;0
1,35587708426659e-01;0
2,43924813792561e-02;0
-6,10850169642309e-02;0
-4,30417169035122e-01;0
-2,75325426840096e-01;0
-1,13565975608996e+00;1
-3,72276734437558e-01;0
2,69528278248586e-02;0
1,47201741619248e-01;0
-1,99266733718807e-01;0
-2,66073735757472e-02;0
NA;NA
NA;NA
-2,68274980308153e-01;0
-8,76937331122830e-02;0
-2,22563668854374e-01;0
-3,73278898880262e-02;0
-5,72696668187450e-01;1
-1,16546074468848e+00;1
-1,44592316273687e-01;0
-2,59162463484925e-02;0
-5,08383685461433e-02;0
-2,07770286035850e-01;0
3,12612113560398e-02;0
7,63513964703403e-02;0
4,11081713545187e-02;0
-5,16714289906730e-02;0
6,05792427252524e-02;0
-1,23633963258381e+00;1
-8,98856614301017e-02;0
-8,57854445259050e-01;1
2,00542796013001e-02;0
-1,28970505284103e+00;1
5,64404671628380e-03;0
4,36519761946386e-02;0
-1,44826082878536e+00;1
-7,29890764897420e-03;0
-3,13276799618196e-02;0
-5,64978557122753e-01;1
-6,85768048775180e-01;1
-4,52496963520884e-01;0
-3,15888242439323e-02;0
-1,17954010294896e+00;1
1,37819326924866e-01;0
-1,35242287973239e+00;1
2,31615753256223e-02;0
NA;NA
2,91347502290503e-02;0
-1,38841123871930e-01;0
-3,45935314430960e-01;0
3,73763637174769e-02;0
-2,29558130033868e+00;1
-1,97030851280765e-01;0
-1,67451415767142e-01;0
-1,76656318681074e-02;0
-8,33222702910711e-01;1
-1,26616235051353e-01;0
-4,07362856168983e-01;0
NA;NA
-1,17394916511748e+00;1
-7,25461937728215e-02;0
-2,24079127141417e-01;0
-1,28883238809494e+00;1
-2,81563543782686e-01;0
-9,85354041570635e-02;0
-1,57762673848062e-01;0
-1,60036387495520e-01;0
NA;NA
-8,58654032020407e-01;1
NA;NA
1,09824511256502e-01;0
-4,88326412901817e-01;0
-1,87902256869776e+00;1
-1,47676583374887e+00;1
-2,19155388506430e-01;0
-1,33423421251375e+00;1
2,78561764035879e-02;0
-2,08944491175190e+00;1
-4,85837702452743e-01;0
NA;NA
-1,68482109993657e-01;0
-7,31459560003733e-02;0
-2,54127655915295e-01;0
-1,39211571427650e-01;0
-7,68623803705677e-03;0
-1,01189572599705e-02;0
-1,00650387958389e-01;0
NA;NA
7,03500743915076e-03;0
-3,02792034090948e-01;0
-2,80705273847680e+00;1
5,29183813103572e-02;0
5,13961728749032e-02;0
-8,17547508979699e-03;0
-2,16758147968174e-02;0
-3,82988456127323e-03;0
-1,21533550292999e-02;0
2,40639853950717e-02;0
-5,95247025043452e-03;0
1,28362951644586e-02;0
-4,95709338437847e-02;0
7,99615934526337e-02;0
3,47582636589989e-03;0
-1,48096530296511e-01;0
-3,40050568606822e-02;0
-1,05287671004048e-01;0
1,33037771489383e-01;0
-2,04092129775121e-01;0
NA;NA
7,37540902937573e-03;0
-1,37362819190205e-02;0
6,80344358191220e-02;0
-9,48388318522781e-02;0
-1,43387461459437e-02;0
6,77794889102383e-02;0
2,71817263727086e-02;0
-7,16064053142916e-02;0
5,86873327651877e-02;0
-1,03749827337913e+00;1
NA;NA
-4,69906655693829e-02;0
-1,58762546121898e-01;0
-1,55515615515594e-01;0
8,09345692996488e-03;0
-9,87754121899514e-02;0
-1,76791085835674e-02;0
7,19997657936495e-02;0
-1,63534237687210e-03;0
3,59988252738474e-02;0
4,85219833390299e-02;0
-1,35152433377893e-02;0
-2,18480714720869e-02;0
4,42215928919137e-02;0
-3,18263519245375e-02;0
-1,23911077775902e-02;0
-1,13406205483985e-01;0
1,43936075325309e-02;0
-5,14196588014996e-03;0
6,20221488092804e-02;0
1,31354684592619e-01;0
-1,12645383301287e-01;0
-1,76380118475492e-01;0
-8,50048244269193e-02;0
-1,33835935776128e-01;0
3,73815888354389e-02;0
4,62052520874792e-03;0
-1,63941056019274e-01;0
8,12936638274703e-02;0
1,42570052428529e-03;0
8,80660036838529e-02;0
-6,80870291621796e-01;1
NA;NA
6,20995892190485e-02;0
-1,29779753568792e-03;0
8,12221925378160e-02;0
1,33832868643034e-02;0
-1,14821757062470e-01;0
-2,68444888195468e-01;0
-2,41521154481668e+00;1
-6,04482976112302e-02;0
-9,86322576768915e-02;0
NA;NA
-2,16606181361449e-02;0
1,17798473708648e-02;0
NA;NA
NA;NA
-3,96890541590939e-02;0
4,85464496283383e-02;0
9,33058444458729e-02;0
1,97273466918131e-02;0
2,10313697152299e-02;0
8,39749201552877e-02;0
5,05712576560379e-02;0
1,55369373974706e-03;0
2,45952660266223e-02;0
NA;NA
6,14961124784300e-02;0
-1,83641789066812e-01;0
-1,49438038315372e-01;0
3,45860474395007e-03;0
5,64901194128520e-02;0
NA;NA
-8,14183057420727e-02;0
5,29290687172354e-02;0
1,86365753351177e-03;0
1,23746762622526e-01;0
-2,97517588341869e-02;0
-2,12784197613745e+00;1
-8,73494605904275e-02;0
-7,86799766999001e-01;1
-1,11389168343405e-02;0
3,22733016424730e-03;0
-5,10374132087872e-01;1
-1,52787596927413e-01;0
-3,59853878312026e-01;0
-4,68673999152729e-01;0
-6,66418265418646e-01;1
-2,65418126716293e-01;0
-9,39710636422977e-01;1
-1,90528133984133e+00;1
-5,34306993410194e-01;1
-1,26420417725719e+00;1
-1,30333953267590e-01;0
-1,52810691890862e-01;0
8,48856115430092e-02;0
2,43810367251116e-02;0
-3,30741280730694e-01;0
-8,22806644349476e-01;1
-1,29042186674663e-01;0
-3,06873519716516e-01;0
-2,27826442948126e+00;1
-1,49794920960054e+00;1
-8,73285737990742e-02;0
-1,29304581715786e+00;1
-7,38015358892990e-02;0
-2,18632116631441e-01;0
4,43579284173490e-02;0
-5,38211489900449e-01;1
-7,53494185801144e-01;1
4,92152508218093e-02;0
-1,21171309866000e-01;0
-4,03003563300134e-02;0
3,43665419023573e-02;0
-1,28815062564891e-01;0
-1,15522905122546e-01;0
7,50043766057206e-02;0
-1,46668238939431e-01;0
-5,35242543872984e-02;0
8,33478935171124e-02;0
-3,17210311212513e-01;0
-1,51061261800533e+00;1
-7,47300592206669e-01;1
-1,61713574734090e+00;1
-9,87537677512166e-02;0
-2,24696163113194e-01;0
-5,70602149685670e-02;0
-3,48280924566452e-01;0
7,09745553204723e-02;0
-2,59216081364319e-01;0
-1,03141986900635e-01;0
-7,91212335242628e-01;1
-2,22034186504992e+00;1
-4,30381814056106e-01;0
-1,92565896696734e-02;0
8,67084335841420e-02;0
-3,12334835897326e-01;0
NA;NA
-3,30751095283414e-02;0
NA;NA
-2,49668221949449e-01;0
2,22564355700004e-02;0
1,00598146689565e-01;0
NA;NA
-7,49936343902702e-01;1
-8,40760932928366e-02;0
1,24570814106153e-01;0
-2,57925894597732e-01;0
NA;NA
-2,35135615731704e-02;0
-7,40505898902667e-02;0
-5,92308747201035e-02;0
8,59546854652415e-02;0
NA;NA
7,51138740007867e-02;0
1,33402500932124e-02;0
-9,23754419113296e-02;0
-8,41272423165950e-02;0
8,44539857464687e-02;0
-2,97152178714521e-02;0
3,01894254685592e-02;0
-1,32197095423947e+00;1
-2,72054189596775e-01;0
5,41575893307764e-02;0
9,04567639592322e-02;0
-6,23337251978650e-01;1
-6,23582440000790e-02;0
-9,94173854921313e-02;0
8,97658675629821e-02;0
7,35230137185304e-02;0
-7,60896687564447e-02;0
-4,11302712901881e-02;0
-2,52430905829165e-03;0
1,47784949795089e-01;0
-1,18439361231893e-01;0
-1,82055851560199e-02;0
-1,01527450454427e-02;0
-6,55377515466757e-02;0
-1,07479269267247e-01;0
-1,45055032680904e-03;0
-2,74941157001259e-01;0
7,24785040732215e-02;0
-1,00565812831121e-01;0
1,55945323820942e-02;0
-7,29745787573587e-02;0
-1,79382172150870e-02;0
6,36582945766415e-02;0
-1,83822127149504e-01;0
5,10263848131975e-02;0
-3,38173993506370e-02;0
-3,58160741892194e-02;0
3,15550250982510e-03;0
-2,29614791390311e-02;0
1,37046994701459e-02;0
-3,15117381920917e-01;0
-1,01805055868853e-01;0
4,17168143976606e-02;0
-4,81442326556301e-02;0
-2,38559295931615e-02;0
-1,11602282417681e+00;1
-1,43184152686976e-01;0
1,16209147574558e-01;0
6,30732010653582e-02;0
-3,95039517482419e-02;0
-1,75013855951305e-01;0
NA;NA
-1,51091872422369e-02;0
2,62327269117150e-02;0
-3,23785075443916e-02;0
NA;NA
-3,68287361522765e-01;0
1,82180675147991e-02;0
-3,10786879116220e-04;0
-6,11113585451151e-01;1
-3,11766429126367e-01;0
-1,95676613882521e-01;0
-2,77470227535964e-02;0
-8,18908541405241e-02;0
-9,44286549803893e-02;0
-7,73826840328385e-01;1
-1,16638549002649e-01;0
7,65047068835678e-02;0
-2,20447182092227e-01;0
9,70830914870009e-02;0
-1,18228911682626e-01;0
5,71586799271266e-02;0
-1,52316123224597e-02;0
2,14174994055219e-02;0
-9,16977141219436e-02;0
5,76073003479357e-02;0
-3,88895608039692e-02;0
8,07454424963383e-02;0
8,65022035935114e-02;0
-1,10142972420702e-02;0
-7,12884567549812e-02;0
NA;NA
-6,55567685814946e-01;1
-6,31106997688037e-01;1
4,94578144002235e-02;0
-9,35872636110020e-02;0
3,32495119252414e-02;0
-6,49344762588922e-02;0
NA;NA
NA;NA
4,22147037760619e-02;0
1,65307108650649e-01;0
-2,53240006246632e-02;0
-6,57943153005187e-02;0
-9,08464503493092e-02;0
-1,31690875594205e-02;0
-1,64362064549015e-01;0
-8,01417632142432e-02;0
-2,22800196125448e-02;0
-6,77231138257874e-02;0
9,91054490088694e-02;0
-1,24364516963222e-01;0
5,82782768818543e-02;0
-8,35996632978789e-02;0
2,49740663242727e-02;0
2,20529700314542e-02;0
2,89986866456455e-03;0
3,63823602264992e-02;0
-1,34044312864050e-01;0
-1,82148156869011e-01;0
8,50080631395262e-02;0
-3,33707914941654e-02;0
-2,77727790739650e-01;0
-9,79865377623701e-02;0
7,14940926997603e-02;0
1,38082026281799e-01;0
8,20205322986099e-02;0
-1,56029647111385e-01;0
1,21422157979294e-01;0
-3,42904226883718e-01;0
-2,13869806925888e-02;0
-3,02834585091403e-02;0
-5,47838787488248e-01;1
-6,81818930180815e-02;0
NA;NA
-7,92068981606564e-02;0
6,52497750401773e-02;0
6,64745000598686e-02;0
1,83549742244921e-01;0
-3,46203947050497e-02;0
-2,48369412615555e-02;0
1,07474306863992e-02;0
-3,27808167184139e-02;0
-2,25662876739742e-01;0
-2,44283349856391e-01;0
-1,23029206062858e-02;0
-1,21601291594794e-01;0
1,25821518877175e-01;0
-1,56226811868199e-01;0
9,03705204265110e-02;0
1,14463580851869e-02;0
-2,58596465726208e-01;0
-1,18635108366991e-01;0
1,28354738070910e-01;0
2,03103567245030e-02;0
-1,10958480323753e-01;0
8,38579055738713e-02;0
-7,97278628801046e-02;0
-7,66811498685294e-02;0
8,49507089974113e-02;0
-2,80185168092139e-01;0
-5,43625562605575e-02;0
NA;NA
NA;NA
-2,80389811715317e-01;0
NA;NA
-9,50804014609513e-02;0
-5,32814840094795e-02;0
-5,48385023208090e-02;0
5,40784743847518e-03;0
-7,43261762595040e-02;0
-1,02558748182204e-01;0
-6,20666272903230e-02;0
-2,19598695221616e-02;0
1,59782781286217e-02;0
-6,14722999360805e-03;0
-1,52545082996077e-02;0
-8,10966391132184e-02;0
-1,70827808987728e-01;0
2,50346914371915e-02;0
7,06834643629845e-02;0
1,11302675714881e-01;0
1,39953120786238e-01;0
6,67542774461055e-03;0
4,79623171252475e-02;0
7,96008915304240e-02;0
-5,68228650737944e-02;0
1,02030908031564e-01;0
NA;NA
1,27686139187385e-01;0
-8,59595996336225e-02;0
-9,44125275659060e-02;0
-1,57771423109880e-02;0
-5,68359593805107e-02;0
-2,02597969458128e-01;0
5,26845554756965e-03;0
6,47495813532480e-03;0
1,43368111873059e-01;0
-1,84999103407705e+00;1
1,24058731372526e-01;0
4,28757433346085e-02;0
-9,58969594225955e-01;1
-1,79280735554633e-01;0
-1,06854957530716e-02;0
-2,71696496737670e-02;0
5,11144973892719e-02;0
-9,83014043702845e-02;0
-1,14224218628410e-01;0
-6,48756568338607e-02;0
-1,71347702090113e-02;0
1,46060868653866e-03;0
-1,61978700360642e-01;0
2,96390186551032e-02;0
3,52245521268088e-02;0
-4,46566846671665e-02;0
4,48321422997715e-02;0
-3,41934772687754e-01;0
-5,32318305080311e-03;0
-4,97158107082143e-02;0
2,82797211184798e-02;0
-1,33211648074744e-01;0
9,06216781937858e-02;0
4,57145902609708e-02;0
2,53132352070875e-03;0
-1,84520041865581e-02;0
-1,96357984543995e-02;0
-8,51086922419857e-02;0
-9,41475535101761e-01;1
-1,25062710640572e-01;0
-3,70989867353723e-02;0
9,20498326476601e-03;0
-4,00268337254663e-02;0
-1,62265752342382e-02;0
1,56105926954964e-02;0
1,35253502018998e-01;0
1,03236725863813e-01;0
NA;NA
-2,85165264292249e-02;0
-3,29870407610171e-01;0
1,99149915743936e-01;0
-2,35209424868202e-02;0
1,52048103239346e-01;0
-1,09186095653331e-01;0
1,42991626405762e-01;0
8,27162292992179e-02;0
3,35364981020157e-02;0
1,45288356203643e-02;0
-1,49635352551209e-01;0
-5,95951784062311e-03;0
-1,67448738947611e-01;0
5,42931209502788e-02;0
4,04102268805316e-02;0
7,55431025685912e-02;0
-1,11460516428524e-02;0
-1,15345413087554e-01;0
1,45111177050427e-01;0
8,66728764399885e-02;0
-1,87937014610755e-01;0
1,20535162775784e-01;0
5,47626312892439e-03;0
1,38824750423823e-01;0
7,91379301920620e-03;0
-6,43934877099988e-02;0
1,01399761633202e-03;0
3,21307205486517e-02;0
-2,05543140008768e-01;0
-1,07636433416608e+00;1
-2,11747097108479e-01;0
9,02782593009100e-02;0
-5,26666090972757e-02;0
-9,40603069361752e-02;0
2,23468164732599e-02;0
1,75554537882814e-01;0
-3,84327194943116e-01;0
3,01008569131408e-03;0
-5,16509168118286e-02;0
1,86016813582103e-01;0
-4,37460967103698e-02;0
1,08771183425099e-01;0
8,55421922908923e-03;0
-1,09394727730041e-01;0
-5,36317852930177e-02;0
-6,24758013370719e-03;0
-7,19637337608748e-03;0
1,06551842649104e-01;0
-1,99692367302811e-02;0
-9,34329912342951e-02;0
-1,32697374313802e-02;0
3,65904875953926e-02;0
-4,62496510796416e-02;0
-2,93808925546275e-01;0
-4,49152610998241e-02;0
-1,32626682531361e-01;0
2,44852412944367e-02;0
5,37135121701538e-02;0
5,02167157345953e-03;0
1,64945129066927e-02;0
-1,53684756233259e-01;0
NA;NA
6,98974601983660e-02;0
5,99641373060384e-02;0
-4,23100085008274e-02;0
9,31223526617024e-02;0
-2,70251321444895e-02;0
6,97487026116532e-02;0
4,96079455889046e-02;0
1,51357065979705e-01;0
1,06347477800426e-01;0
-2,64732631310202e-01;0
NA;NA
NA;NA
-1,49225703572916e-02;0
1,33282948075661e-02;0
5,43668425135155e-04;0
-6,64391369578080e-02;0
5,13097740153910e-02;0
3,68057699878659e-02;0
1,28822363434837e-02;0
-8,79254599295964e-02;0
3,17507882678215e-02;0
-7,47203308822371e-02;0
-1,83339720880439e-01;0
-2,01455119479874e-01;0
1,12484342122837e-01;0
4,54576711456912e-03;0
-2,22101468434620e-02;0
-4,49684559666759e-02;0
-1,14787730873831e-01;0
1,22790101327276e-01;0
1,57966761096399e-01;0
7,53408865596764e-02;0
1,20729955136324e-01;0
-9,38923967072848e-02;0
NA;NA
-2,48933314164739e-01;0
-9,87688385988080e-02;0
-3,47088793401186e-02;0
4,56942833600975e-02;0
-2,01754778285335e-02;0
-2,35453479958260e-01;0
-7,58112368496997e-02;0
-5,08386184805070e-02;0
-2,80786110352501e-02;0
-6,42482393749580e-02;0
-1,07975898684749e-01;0
2,35922491878395e-01;0
-8,88290861087686e-02;0
1,85206280793390e-01;0
-6,44622022929058e-01;1
8,99893877263988e-02;0
1,15713203006512e-01;0
-1,15202495151032e-01;0
-8,98848825791007e-02;0
-6,78705957387415e-03;0
2,44457431333411e-02;0
1,61744079404348e-01;0
-2,43102182106581e-02;0
1,36515962339482e-01;0
8,34012490390396e-02;0
2,00367866265798e-03;0
2,04494886890604e-01;0
9,40248134855372e-02;0
1,19631010065301e-01;0
5,79587263480619e-02;0
2,14571175601763e-02;0
NA;NA
-6,64891155896153e-02;0
-1,23188099513062e-01;0
-5,82140338989870e-02;0
-5,04648789547942e-02;0
7,85319479899521e-02;0
-5,31942200779974e-02;0
-9,68157892238683e-02;0
1,44609708225973e-01;0
NA;NA
1,74217839578241e-01;0
1,57974099140891e-01;0
-9,61997393742368e-02;0
4,94822530162070e-02;0
2,56146037874640e-02;0
-4,24407478728991e-02;0
8,21193056354321e-02;0
3,13580054816317e-02;0
-6,78929373120911e-01;1
-1,38080379819684e-03;0
9,21305053910080e-02;0
5,85975093426780e-02;0
-1,42702020656368e-01;0
1,20193218686651e-02;0
2,06958184456734e-02;0
NA;NA
1,29475312345926e-02;0
3,29409978001758e-02;0
1,31043637771861e-01;0
1,21424057163207e-01;0
-1,77548697617532e-01;0
2,13989131273997e-02;0
-1,25184030344958e-01;0
1,24303250636458e-01;0
NA;NA
-7,05942114395782e-02;0
NA;NA
6,61866627882812e-02;0
-1,41839258970292e-02;0
-1,06382117683704e-01;0
9,07947284895146e-02;0
9,73396474371263e-02;0
7,37264017622925e-02;0
1,07645379858587e-01;0
-6,53824837660695e-02;0
-7,76630899313556e-02;0
NA;NA
-2,81238160242910e-03;0
8,25124114403298e-03;0
3,18663391106121e-03;0
-3,22691605890979e-02;0
2,94669827027252e-02;0
-5,43687170555264e-03;0
6,95458203794454e-02;0
3,42151186155294e-03;0
9,51628312329193e-02;0
2,45152865850402e-02;0
7,02028820966694e-02;0
-3,08635575855663e-01;0
-1,81090166175771e-01;0
4,21301309004405e-02;0
1,11198665962855e-01;0
6,17822108892027e-02;0
8,97516751897314e-02;0
NA;NA
4,81689241576982e-02;0
1,38013247482088e-01;0
9,99519154352362e-02;0
-2,20250460035314e-02;0
2,98972469986694e-02;0
-2,06273639419117e-01;0
NA;NA
-2,73792923333196e-03;0
1,18003800084383e-02;0
-8,45187281927742e-02;0
NA;NA
4,12365426708593e-02;0
2,86512791646810e-02;0
6,56382420015463e-02;0
-7,79530342477167e-02;0
4,44172475721414e-02;0
6,11116796948007e-02;0
4,32269488314310e-02;0
-2,20246003267265e-01;0
6,33089526605086e-02;0
3,92396815459981e-02;0
-2,78485122897708e-01;0
2,77968640878279e-03;0
-1,51874343891843e-02;0
-3,78727643378402e-02;0
-8,61163480095128e-02;0
NA;NA
8,01511406347469e-03;0
NA;NA
8,17234842636980e-02;0
1,02890580775180e-01;0
-2,74442803568579e-02;0
-5,51404243971678e-02;0
NA;NA
-5,79717893027777e-02;0
4,56689745813618e-02;0
-3,51518239427079e-02;0
3,94776200299806e-03;0
3,55929580466601e-02;0
-1,65483039590714e-01;0
1,11848914231684e-01;0
-1,15263918761594e-01;0
-3,80284494472010e-03;0
6,25443473922763e-02;0
1,64543644077565e-01;0
7,19456045678382e-02;0
1,77200691963062e-02;0
6,22482441700836e-02;0
5,76250750418588e-02;0
3,83284114178028e-02;0
5,22077700506639e-02;0
-3,03845162663060e-02;0
8,14900980224932e-02;0
-2,97936820865097e-02;0
4,45872584975861e-02;0
1,89681806449311e-03;0
3,42794174448946e-02;0
4,55655840350791e-02;0
-2,28327499099286e-01;0
8,32371570828158e-02;0
1,45796384332670e-01;0
8,04630199436789e-03;0
-8,53752659792413e-02;0
-2,37257824796843e-03;0
7,46268152687219e-02;0
3,50477212125408e-02;0
9,18788187053676e-02;0
5,82258694621318e-02;0
-1,75262486987077e-02;0
2,10869653635689e-02;0
8,62001514967208e-02;0
-1,37060690052395e-02;0
1,52228307895047e-02;0
1,29506118137023e-03;0
-6,38283160323917e-01;1
-3,10408741756698e-02;0
-4,02667011050567e-03;0
-9,02945328937269e-02;0
-6,72688366098466e-02;0
-8,67788234175419e-02;0
-1,10866924507851e-01;0
-4,09294906264682e-02;0
1,11899225937604e-01;0
4,09044320710434e-02;0
6,65282482848008e-02;0
4,26846656984871e-02;0
2,95541355897362e-02;0
5,30446535528346e-02;0
NA;NA
1,59500743538875e-01;0
3,46269536367578e-02;0
7,29499143308180e-03;0
-3,35827971934538e-01;0
1,68336389920420e-02;0
NA;NA
6,66734502807156e-02;0
3,71278273305593e-02;0
-1,02980405607218e-01;0
6,85050237774062e-02;0
1,09386194161410e-01;0
-3,75038516787674e-02;0
3,96902800765185e-02;0
-4,73610563019782e-02;0
-4,80625266773904e-02;0
1,40766963106265e-01;0
3,86431514103856e-01;0
-6,09194358785199e-02;0
1,41306175655621e-01;0
1,10337097804459e-01;0
4,05706252681057e-02;0
4,07809937376062e-02;0
-4,66717642274435e-02;0
8,31062025658885e-02;0
1,09107847152022e-01;0
-2,54650886281684e-01;0
-1,04548406353000e-02;0
6,18319617578672e-02;0
NA;NA
NA;NA
-7,92693220216817e-02;0
-2,91689835983760e-02;0
-9,34887258826614e-02;0
1,66038302313397e-01;0
-2,28106227460268e-01;0
7,78174909274313e-03;0
2,40083323390089e-02;0
-5,53847110010360e-02;0
-1,10873910228671e-01;0
-1,28337414181006e-01;0
2,75731350635663e-02;0
1,68594291204464e-02;0
-6,41515784435992e-02;0
-4,76371895669888e-02;0
-1,24772921174408e-01;0
-3,27449645284637e-01;0
NA;NA
1,32904332404170e-01;0
-5,31219114683531e-02;0
6,26418238496808e-02;0
-2,24915965600617e-02;0
6,96925244676727e-02;0
-7,65647766063751e-02;0
1,25341308661716e-01;0
1,52648679517310e-01;0
5,92602505079674e-02;0
-1,04418475439482e-02;0
-1,79420050616996e-01;0
1,03988524165450e-01;0
NA;NA
9,52351024951770e-02;0
NA;NA
-6,14481838407716e-02;0
-5,20667834854690e-02;0
-5,92285768561878e-02;0
5,91842882438863e-03;0
-1,16071327049998e-01;0
-1,09868183104979e-01;0
-3,34582790206834e-01;0
-1,53311712781932e-01;0
-1,64126673108056e-01;0
-1,68007915463034e-01;0
-1,15076539121966e-01;0
-8,27333046288960e-02;0
-1,85619287807372e-01;0
-1,42185215544283e-01;0
-6,11798919950875e-02;0
-5,39173307435112e-02;0
9,60393984378027e-02;0
3,60085171112617e-03;0
9,25817379961173e-02;0
-6,20613253117206e-02;0
8,64182926162473e-03;0
6,35963789605568e-02;0
NA;NA
NA;NA
-1,50131331134135e-01;0
3,29757053305124e-02;0
-2,26462043556802e-03;0
1,67879030877815e-01;0
3,48980122199121e-02;0
-4,75624277453849e-02;0
4,86561885320921e-03;0
5,01187694404023e-02;0
-1,28125955634967e-01;0
NA;NA
NA;NA
NA;NA
2,08792634101315e-01;0
NA;NA
NA;NA
1,78894002667502e-02;0
-1,17053128042429e-02;0
-3,96511900887523e-02;0
1,71826338382796e-01;0
-2,00295660852148e-01;0
NA;NA
NA;NA
-1,23973446135592e-01;0
1,53115157875721e-02;0
NA;NA
-3,38173965678553e-02;0
2,89581901043493e-02;0
-1,51020459620559e-02;0
-5,77775384769897e-02;0
7,30394507341936e-02;0
-8,61261949539788e-02;0
-1,02736513863834e-01;0
2,73880358194918e-02;0
-4,49497098909464e-02;0
-8,92859766039868e-02;0
2,58780329352193e-03;0
5,49396800377384e-02;0
3,33376680398521e-02;0
-6,83822094736058e-02;0
1,73218127039025e-02;0
4,41002911848236e-02;0
-1,70318643604942e-01;0
1,03007448205421e-01;0
6,13129248775844e-02;0
7,48110964646435e-02;0
-1,66007430591935e-02;0
6,29167478724193e-02;0
-4,18537235511491e-02;0
-2,19402834284979e-02;0
1,34990485947220e-01;0
-1,10567076198432e-01;0
-5,76241032723611e-02;0
1,60412564639847e-02;0
-1,10051025590671e-03;0
-1,13780840644079e-01;0
-3,61127273143530e-02;0
1,58927782126750e-02;0
-8,69763089098381e-02;0
-5,22124074859716e-02;0
1,61463510005906e-02;0
1,63519908891598e-03;0
-9,09326893478840e-02;0
-8,63506727338333e-02;0
NA;NA
-5,59125101412537e-02;0
2,41921270979209e-02;0
5,30701127903731e-02;0
1,30097661607757e-01;0
-2,71764565619508e-02;0
1,35385322742045e-01;0
6,73475376152696e-02;0
6,67068612762501e-02;0
2,64239427605117e-02;0
7,22570928796936e-02;0
-1,74841288758230e-02;0
3,28917071174473e-02;0
7,94916886212916e-02;0
2,78735844359949e-03;0
-5,17536554405191e-02;0
-3,99666350501374e-02;0
-9,76483665147088e-01;1
2,10096813685860e-02;0
-5,77152604099632e-02;0
2,34020296636859e-02;0
1,66344106666825e-02;0
-1,10982386866951e-01;0
3,46810399981396e-02;0
5,65277176534293e-03;0
-1,17153063280329e-02;0
-5,82303967132141e-02;0
7,83458160282816e-03;0
1,18089912369513e-01;0
NA;NA
5,53002583953099e-02;0
1,72760325833730e-01;0
-4,46577823252668e-03;0
-7,86202751616618e-02;0
-1,83396478494877e-02;0
3,50219531513140e-02;0
1,13662873122802e-02;0
7,65441497997894e-02;0
1,35952146545245e-01;0
NA;NA
-1,74949503760724e-03;0
1,54083970991684e-01;0
-2,30267719703505e-01;0
-8,00078962436953e-02;0
-8,30711233852719e-02;0
NA;NA
-1,26591618334294e-02;0
-9,12721766449806e-02;0
NA;NA
NA;NA
-3,14791360027704e-01;0
-1,67333617304671e+00;1
-6,97645104217395e-01;1
-5,92286801823221e-01;1
-2,40931011832570e-01;0
1,08629768160546e-01;0
1,94813799008873e-02;0
2,87443444917547e-02;0
1,58500170390321e-02;0
-5,49043858683378e-02;0
1,32784473016196e-02;0
-8,59376948999644e-02;0
3,50405537696655e-02;0
8,86746027636478e-02;0
-1,87351067602309e-01;0
3,07174427653831e-02;0
-1,48197133782126e+00;1
-8,53356370808851e-02;0
-4,13762784820667e-01;0
2,22002841367306e-02;0
-9,66409759934023e-01;1
-1,10772852152645e-02;0
-1,04164945303955e-01;0
NA;NA
-3,44352831349561e-02;0
-1,17437371695739e-01;0
-4,71502390020982e-03;0
-1,83015697142103e-01;0
-5,99953556181820e-02;0
-1,87902015778140e-02;0
7,30472708178612e-02;0
-1,07657992673643e-01;0
NA;NA
2,14170187116025e-02;0
-2,06309903337444e-02;0
3,40056044026825e-02;0
-8,82145302644450e-04;0
1,72189982612262e-01;0
-1,89079584633411e-02;0
NA;NA
NA;NA
1,00322033539004e-01;0
-3,84728374368870e-02;0
1,41524466919528e-02;0
9,15329809304487e-02;0
-9,34507355199440e-02;0
-9,14081779300394e-02;0
8,96228542839782e-03;0
-1,28860236704777e-01;0
-2,20902660670385e-01;0
NA;NA
7,43417581612213e-03;0
-3,45717799486050e-01;0
-1,56086778652075e-01;0
-5,41438599532236e-01;1
-2,62054899579041e-03;0
5,00298984434088e-02;0
3,17598157428245e-02;0
-1,14295983793409e-02;0
-1,75437862418597e-01;0
3,38719693948611e-02;0
-1,40346738864107e-01;0
-2,96493118619310e-01;0
